    0.078 0217a7f8000fa80c00070e004000000000000a000affff0000b36c
    0.125 02171e001afc18fc180033002dfc18fc18fc18fc18fc18001500c0001efc18fc18f980
    0.186 0a17b3b00003b3c40003060015001400002990
    0.372 0f1008340012240000000000000000000000000000002300800000000000000000015e015e0000000000004194
    0.372 0f10083400120284
    1.119 0217a7f8000fa80c00070e004000000000000a000affff0000b36c
    1.166 02171e001afc18fc180033002dfc18fc18fc18fc18fc18001500c0001efc18fc18f980
    1.260 1e1000000009120001029e00000000000200000000000000000d24
    1.260 1e10000000090260
    1.322 1e1000140003060000000000008c5f
    1.322 1e1000140003c263
    1.369 1e040000001673ab
    1.431 1e042c00cd00c900ad009c009a00a600a00000ffff0000028a0000000000000000000001e000000000000000100041ab3f
    1.555 1e04001e00061261
    1.555 1e040c000000000000000000000000cabf
    1.601 0617afc8000cafdc00050a000000000000000000159a75
    1.711 0f03070800064450
    1.758 0f030c0000000000000000000000001d74
    2.197 0217a7f8000fa80c00070e004000000000000a000affff0000b36c
    2.259 02171e001afc18fc180033002dfc18fc18fc18fc18fc18001500c0001efc18fc18f980
    2.351 0f10084800172e000000000000000000000000000000000000002f0000000000000031000a0000002200280009001c0009001a00006b76
    2.383 0f1008480017035f
    3.256 0217a7f8000fa80c00070e004000000000000a000affff0000b36c
    3.302 02171e001afc18fc180033002dfc18fc18fc18fc18fc18001500c0001efc18fc18f980
    3.381 1e1000000009120001029e00000000000200000000000000000d24
    3.381 1e10000000090260
    3.458 1e1000140003060000000000008c5f
    3.458 1e1000140003c263
    3.489 1e040000001673ab
    3.549 1e042c00cd00c900ad009c009a00a600a00000ffff0000028a0000000000000000000001e000000000000000100041ab3f
    3.642 1e04001e00061261
    3.674 1e040c000000000000000000000000cabf
    4.325 0217a7f8000fa80c00070e004000000000000a000affff0000b36c
    4.371 02171e001afc18fc180033002dfc18fc18fc18fc18fc18001500c0001efc18fc18f980
    4.433 0a17b3b00003b3c40003060015001400002990
    4.574 0f10086400040800000000000000e85637
    4.574 0f1008640004835b
    5.368 0217a7f8000fa80c00070e004000000000000a000affff0000b36c
    5.430 02171e001afc18fc180033002dfc18fc18fc18fc18fc18001500c0001efc18fc18f980
    5.509 1e1000000009120001029e00000000000200000000000000000d24
    5.509 1e10000000090260
    5.586 1e1000140003060000000000008c5f
    5.586 1e1000140003c263
    5.618 1e040000001673ab
    5.680 1e042c00cd00c900ad009c009a00a600a00000ffff0000028a0000000000000000000001e000000000000000100041ab3f
    5.774 1e04001e00061261
    5.805 1e040c000000000000000000000000cabf
    5.867 0617afc8000cafdc00050a000000000000000000159a75
    5.976 0f03070800064450
    6.007 0f030c0000000000000000000000001d74
    6.460 0217a7f8000fa80c00070e004000000000000a000affff0000b36c
    6.507 02171e001afc18fc180033002dfc18fc18fc18fc18fc18001500c0001efc18fc18f980
    6.585 0f100870001122046c000001f501a701b501a700ca0000000000000000012a05c3785b0000000000002aae
    6.616 0f10087000110290
    7.501 0217a7f8000fa80c00070e004000000000000a000affff0000b36c
    7.564 02171e001afc18fc180033002dfc18fc18fc18fc18fc18001500c0001efc18fc18f980
    7.643 1e1000000009120001029e00000000000200000000000000000d24
    7.643 1e10000000090260
    7.706 1e1000140003060000000000008c5f
    7.706 1e1000140003c263
    7.753 1e040000001673ab
    7.815 1e042c00cd00c900ad009c009a00a600a00000ffff0000028a0000000000000000000001e000000000000000100041ab3f
    7.908 1e04001e00061261
    7.938 1e040c000000000000000000000000cabf
    8.592 0217a7f8000fa80c00070e004000000000000a000affff0000b36c
    8.639 02171e001afc18fc180033002dfc18fc18fc18fc18fc18001500c0001efc18fc18f980
    8.701 0a17b3b00003b3c40003060015001400002990
    9.775 0217a7f8000fa80c00070e004000000000000a000affff0000b36c
    9.775 02171e001afc18fc180033002dfc18fc18fc18fc18fc18001500c0001efc18fc18f980
    9.775 1e1000000009120001029e00000000000200000000000000000d24
    9.775 1e10000000090260
    9.853 1e1000140003060000000000008c5f
    9.853 1e1000140003c263
    9.884 1e040000001673ab
    9.962 1e042c00cd00c900ad009c009a00a600a00000ffff0000028a0000000000000000000001e000000000000000100041ab3f
   10.041 1e04001e00061261
   10.072 1e040c000000000000000000000000cabf
   10.134 0617afc8000cafdc00050a000000000000000000159a75
   10.243 0f03070800064450
   10.290 0f030c0000000000000000000000001d74
   10.725 0217a7f8000fa80c00070e004000000000000a000affff0000b36c
   10.787 02171e001afc18fc180033002dfc18fc18fc18fc18fc18001500c0001efc18fc18f980
   11.826 0f100884003c837f
   11.826 0217a7f8000fa80c00070e004000000000000a000affff0000b36c
   11.826 02171e001afc18fc180033002dfc18fc18fc18fc18fc18001500c0001efc18fc18f980
   11.919 1e1000000009120001029e00000000000200000000000000000d24
   11.919 1e10000000090260
   11.982 1e1000140003060000000000008c5f
   11.982 1e1000140003c263
   12.029 1e040000001673ab
   12.091 1e042c00cd00c900ad009c009a00a600a00000ffff0000028a0000000000000000000001e000000000000000100041ab3f
   12.169 1e04001e00061261
   12.201 1e040c000000000000000000000000cabf
   12.855 0217a7f8000fa80c00070e004000000000000a000affff0000b36c
   12.903 02171e001afc18fc180033002dfc18fc18fc18fc18fc18001500c0001efc18fc18f980
   12.964 0a17b3b00003b3c40003060015001400002990
   13.910 0217a7f8000fa80c00070e004000000000000a000affff0000b36c
   13.958 02171e001afc18fc180033002dfc18fc18fc18fc18fc18001500c0001efc18fc18f980
   14.035 1e1000000009120001029e00000000000200000000000000000d24
   14.035 1e10000000090260
   14.112 1e1000140003060000000000008c5f
   14.112 1e1000140003c263
   14.143 1e040000001673ab
   14.206 1e042c00cd00c900ad009c009a00a600a00000ffff0000028a0000000000000000000001e000000000000000100041ab3f
   14.331 1e04001e00061261
   14.331 1e040c000000000000000000000000cabf
   14.377 0617afc8000cafdc00050a000000000000000000159a75
   14.501 0f03070800064450
   14.533 0f030c0000000000000000000000001d74
   14.982 0217a7f8000fa80c00070e004000000000000a000affff0000b36c
   15.029 02171e001afc18fc180033002dfc18fc18fc18fc18fc18001500c0001efc18fc18f980
   15.122 0f1007d0001326001a0014ff9c0033002dff9cff9cff9cff9cff9c001500c0001e004000000000000a000a0000bed1
   15.153 0f1007d000138067
   16.024 0217a7f8000fa80c00070e004000000000000a000affff0000b36c
   16.086 02171e001afc18fc180033002dfc18fc18fc18fc18fc18001500c0001efc18fc18f980
   16.162 1e1000000009120001029e00000000000200000000000000000d24
   16.162 1e10000000090260
   16.225 1e1000140003060000000000008c5f
   16.225 1e1000140003c263
   16.272 1e040000001673ab
   16.334 1e042c00cd00c900ad009c009a00a600a00000ffff0000028a0000000000000000000001e000000000000000100041ab3f
   16.459 1e04001e00061261
   16.459 1e040c000000000000000000000000cabf
   17.109 0217a7f8000fa80c00070e004000000000000a000affff0000b36c
   17.157 02171e001afc18fc180033002dfc18fc18fc18fc18fc18001500c0001efc18fc18f980
   17.204 0a17b3b00003b3c40003060015001400002990
   17.358 0f1007e4001122001000000000001509060709096705790000000000000000000000000000000000006e99
   17.390 0f1007e400114068
   18.154 0217a7f8000fa80c00070e004000000000000a000affff0000b36c
   18.200 02171e001afc18fc180033002dfc18fc18fc18fc18fc18001500c0001efc18fc18f980
   18.293 1e1000000009120001029e00000000000200000000000000000d24
   18.293 1e10000000090260
   18.356 1e1000140003060000000000008c5f
   18.356 1e1000140003c263
   18.402 1e040000001673ab
   18.464 1e042c00cd00c900ad009c009a00a600a00000ffff0000028a0000000000000000000001e000000000000000100041ab3f
   18.589 1e04001e00061261
   18.589 1e040c000000000000000000000000cabf
   18.636 0617afc8000cafdc00050a000000000000000000159a75
   18.744 0f03070800064450
   18.791 0f030c0000000000000000000000001d74
   19.240 0217a7f8000fa80c00070e004000000000000a000affff0000b36c
   19.287 02171e001afc18fc180033002dfc18fc18fc18fc18fc18001500c0001efc18fc18f980
   19.365 0f1007f8001122000000000000000000000000000000000000000000000000000000000000000000006fb5
   19.398 0f1007f8001181ae
   20.277 0217a7f8000fa80c00070e004000000000000a000affff0000b36c
   20.339 02171e001afc18fc180033002dfc18fc18fc18fc18fc18001500c0001efc18fc18f980
   20.417 1e1000000009120001029e00000000000200000000000000000d24
   20.417 1e10000000090260
   20.494 1e1000140003060000000000008c5f
   20.494 1e1000140003c263
   20.525 1e040000001673ab
   20.603 1e042c00cd00c900ad009c009a00a600a00000ffff0000028a0000000000000000000001e000000000000000100041ab3f
   20.680 1e04001e00061261
   20.710 1e040c000000000000000000000000cabf
   21.363 0217a7f8000fa80c00070e004000000000000a000affff0000b36c
   21.410 02171e001afc18fc180033002dfc18fc18fc18fc18fc18001500c0001efc18fc18f980
   21.472 0a17b3b00003b3c40003060015001400002990
   21.642 0f10080c00122400c8000000000000000000000000000000000000000000000000001400000000000000009422
   21.642 0f10080c00128349
   22.405 0217a7f8000fa80c00070e004000000000000a000affff0000b36c
   22.466 02171e001afc18fc180033002dfc18fc18fc18fc18fc18001500c0001efc18fc18f980
   22.545 1e1000000009120001029e00000000000200000000000000000d24
   22.545 1e10000000090260
   22.622 1e1000140003060000000000008c5f
   22.622 1e1000140003c263
   22.652 1e040000001673ab
   22.728 1e042c00cd00c900ad00a0009a00a600a30000ffff0000028a0000000000000000000001e000000000000000100041e63c
   22.806 1e04001e00061261
   22.836 1e040c000000000000000000000000cabf
   22.899 0617afc8000cafdc00050a000000000000000000159a75
   23.007 0f03070800064450
   23.054 0f030c0000000000000000000000001d74
   23.491 0217a7f8000fa80c00070e004000000000000a000affff0000b36c
   23.554 02171e001afc18fc180033002dfc18fc18fc18fc18fc18001500c0001efc18fc18f980
   23.662 0f10082000122400cd00c900ad00a0009a00a600a3028a0000000000000000000001e00010004109670579f3b8
   23.662 0f10082000124280
   24.533 0217a7f8000fa80c00070e004000000000000a000affff0000b36c
   24.595 02171e001afc18fc180033002dfc18fc18fc18fc18fc18001500c0001efc18fc18f980
   24.672 1e1000000009120001029e00000000000200000000000000000d24
   24.672 1e10000000090260
   24.749 1e1000140003060000000000008c5f
   24.749 1e1000140003c263
   24.781 1e040000001673ab
   24.844 1e042c00cd00c900ad00a0009a00a600a30000ffff0000028a0000000000000000000001e000000000000000100041e63c
   24.969 1e04001e00061261
   24.969 1e040c000000000000000000000000cabf
   25.622 0217a7f8000fa80c00070e004000000000000a000affff0000b36c
   25.668 02171e001afc18fc180033002dfc18fc18fc18fc18fc18001500c0001efc18fc18f980
   25.715 0a17b3b00003b3c40003060015001400002990
   25.900 0f1008340012240000000000000000000000000000002300800000000000000000015e015e0000000000004194
   25.900 0f10083400120284
   26.663 0217a7f8000fa80c00070e004000000000000a000affff0000b36c
   26.710 02171e001afc18fc180033002dfc18fc18fc18fc18fc18001500c0001efc18fc18f980
   26.803 1e1000000009120001029e00000000000200000000000000000d24
   26.803 1e10000000090260
   26.865 1e1000140003060000000000008c5f
   26.865 1e1000140003c263
   26.897 1e040000001673ab
   26.976 1e042c00cd00c900ad00a0009a00a600a30000ffff0000028a0000000000000000000001e000000000000000100041e63c
   27.054 1e04001e00061261
   27.085 1e040c000000000000000000000000cabf
   27.149 0617afc8000cafdc00050a000000000000000000159a75
   27.258 0f03070800064450
   27.305 0f030c0000000000000000000000001d74
   27.742 0217a7f8000fa80c00070e004000000000000a000affff0000b36c
   27.788 02171e001afc18fc180033002dfc18fc18fc18fc18fc18001500c0001efc18fc18f980
   27.913 0f10084800172e000000000000000000000000000000000000002f0000000000000031000a0000003b00280009001c0009001a0000482f
   27.913 0f1008480017035f
   28.786 0217a7f8000fa80c00070e004000000000000a000affff0000b36c
   28.848 02171e001afc18fc180033002dfc18fc18fc18fc18fc18001500c0001efc18fc18f980
   28.926 1e1000000009120001029e00000000000200000000000000000d24
   28.926 1e10000000090260
   29.004 1e1000140003060000000000008c5f
   29.004 1e1000140003c263
   29.035 1e040000001673ab
   29.098 1e042c00cd00c900ad00a0009a00a600a30000ffff0000028a0000000000000000000001e000000000000000100041e63c
   29.226 1e04001e00061261
   29.226 1e040c000000000000000000000000cabf
   29.867 0217a7f8000fa80c00070e004000000000000a000affff0000b36c
   29.929 02171e001afc18fc180033002dfc18fc18fc18fc18fc18001500c0001efc18fc18f980
   29.975 0a17b3b00003b3c40003060015001400002990
   30.100 0f10086400040800000000000000e85637
   30.147 0f1008640004835b
   30.920 0217a7f8000fa80c00070e004000000000000a000affff0000b36c
   30.967 02171e001afc18fc180033002dfc18fc18fc18fc18fc18001500c0001efc18fc18f980
   31.061 1e1000000009120001029e00000000000200000000000000000d24
   31.061 1e10000000090260
   31.124 1e1000140003060000000000008c5f
   31.124 1e1000140003c263
   31.155 1e040000001673ab
   31.233 1e042c00cd00c900ad00a0009a00a600a30000ffff0000028a0000000000000000000001e000000000000000100041e63c
   31.310 1e04001e00061261
   31.341 1e040c000000000000000000000000cabf
   31.404 0617afc8000cafdc00050a000000000000000000159a75
   31.514 0f03070800064450
   31.561 0f030c0000000000000000000000001d74
   31.996 0217a7f8000fa80c00070e004000000000000a000affff0000b36c
   32.058 02171e001afc18fc180033002dfc18fc18fc18fc18fc18001500c0001efc18fc18f980
   32.134 0f100870001122046c000001f501a701b501a700ca0000000000000000012a05c3785b0000000000002aae
   32.165 0f10087000110290
   33.051 0217a7f8000fa80c00070e004000000000000a000affff0000b36c
   33.097 02171e001afc18fc180033002dfc18fc18fc18fc18fc18001500c0001efc18fc18f980
   33.190 1e1000000009120001029e00000000000200000000000000000d24
   33.190 1e10000000090260
   33.252 1e1000140003060000000000008c5f
   33.252 1e1000140003c263
   33.283 1e040000001673ab
   33.361 1e042c00cd00c800ad009c009a00a700a00000ffff0000028a0000000000000000000001e000000000000000100041c142
   33.439 1e04001e00061261
   33.469 1e040c000000000000000000000000cabf
   34.122 0217a7f8000fa80c00070e004000000000000a000affff0000b36c
   34.184 02171e001afc18fc180033002dfc18fc18fc18fc18fc18001500c0001efc18fc18f980
   34.231 0a17b3b00003b3c40003060015001400002990
   35.241 0f100884003c837f
   35.241 0217a7f8000fa80c00070e004000000000000a000affff0000b36c
   35.241 02171e001afc18fc180033002dfc18fc18fc18fc18fc18001500c0001efc18fc18f980
   35.319 1e1000000009120001029e00000000000200000000000000000d24
   35.319 1e10000000090260
   35.382 1e1000140003060000000000008c5f
   35.382 1e1000140003c263
   35.428 1e040000001673ab
   35.490 1e042c00cd00c800ad009c009a00a700a00000ffff0000028a0000000000000000000001e000000000000000100041c142
   35.583 1e04001e00061261
   35.614 1e040c000000000000000000000000cabf
   35.660 0617afc8000cafdc00050a000000000000000000159a75
   35.784 0f03070800064450
   35.814 0f030c0000000000000000000000001d74
   36.267 0217a7f8000fa80c00070e004000000000000a000affff0000b36c
   36.313 02171e001afc18fc180033002dfc18fc18fc18fc18fc18001500c0001efc18fc18f980
   36.408 0f1007d0001326001a0014ff9c0033002dff9cff9cff9cff9cff9c001500c0001e004000000000000a000a0000bed1
   36.455 0f1007d000138067
   37.306 0217a7f8000fa80c00070e004000000000000a000affff0000b36c
   37.368 02171e001afc18fc180033002dfc18fc18fc18fc18fc18001500c0001efc18fc18f980
   37.446 1e1000000009120001029e00000000000200000000000000000d24
   37.446 1e10000000090260
   37.523 1e1000140003060000000000008c5f
   37.523 1e1000140003c263
   37.555 1e040000001673ab
   37.632 1e042c00cd00c800ad009c009a00a700a00000ffff0000028a0000000000000000000001e000000000000000100041c142
   37.710 1e04001e00061261
   37.740 1e040c000000000000000000000000cabf
   38.392 0217a7f8000fa80c00070e004000000000000a000affff0000b36c
   38.454 02171e001afc18fc180033002dfc18fc18fc18fc18fc18001500c0001efc18fc18f980
   38.500 0a17b3b00003b3c40003060015001400002990
   38.670 0f1007e4001122001000000000001509060709096705790000000000000000000000000000000000006e99
   38.670 0f1007e400114068
   39.445 0217a7f8000fa80c00070e004000000000000a000affff0000b36c
   39.491 02171e001afc18fc180033002dfc18fc18fc18fc18fc18001500c0001efc18fc18f980
   39.586 1e1000000009120001029e00000000000200000000000000000d24
   39.586 1e10000000090260
   39.649 1e1000140003060000000000008c5f
   39.649 1e1000140003c263
   39.696 1e040000001673ab
   39.758 1e042c00cd00c800ad009c009a00a700a00000ffff0000028a0000000000000000000001e000000000000000100041c142
   39.881 1e04001e00061261
   39.881 1e040c000000000000000000000000cabf
   39.928 0617afc8000cafdc00050a000000000000000000159a75
   40.038 0f03070800064450
   40.100 0f030c0000000000000000000000001d74
   40.521 0217a7f8000fa80c00070e004000000000000a000affff0000b36c
   40.583 02171e001afc18fc180033002dfc18fc18fc18fc18fc18001500c0001efc18fc18f980
   40.692 0f1007f8001122000000000000000000000000000000000000000000000000000000000000000000006fb5
   40.692 0f1007f8001181ae
   41.582 0217a7f8000fa80c00070e004000000000000a000affff0000b36c
   41.630 02171e001afc18fc180033002dfc18fc18fc18fc18fc18001500c0001efc18fc18f980
   41.708 1e1000000009120001029e00000000000200000000000000000d24
   41.708 1e10000000090260
   41.787 1e1000140003060000000000008c5f
   41.787 1e1000140003c263
   41.819 1e040000001673ab
   41.881 1e042c00cd00c800ad009c009a00a700a00000ffff0000028a0000000000000000000001e000000000000000100041c142
   41.973 1e04001e00061261
   42.003 1e040c000000000000000000000000cabf
   42.655 0217a7f8000fa80c00070e004000000000000a000affff0000b36c
   42.701 02171e001afc18fc180033002dfc18fc18fc18fc18fc18001500c0001efc18fc18f980
   42.762 0a17b3b00003b3c40003060015001400002990
   42.930 0f10080c00122400c8000000000000000000000000000000000000000000000000001400000000000000009422
   42.930 0f10080c00128349
   43.706 0217a7f8000fa80c00070e004000000000000a000affff0000b36c
   43.754 02171e001afc18fc180033002dfc18fc18fc18fc18fc18001500c0001efc18fc18f980
   43.832 1e1000000009120001029e00000000000200000000000000000d24
   43.832 1e10000000090260
   43.909 1e1000140003060000000000008c5f
   43.909 1e1000140003c263
   43.940 1e040000001673ab
   44.002 1e042c00cd00c800ad009c009a00a600a30000ffff0000028a0000000000000000000001e0000000000000001000411c83
   44.094 1e04001e00061261
   44.125 1e040c000000000000000000000000cabf
   44.188 0617afc8000cafdc00050a000000000000000000159a75
   44.297 0f03070800064450
   44.328 0f030c0000000000000000000000001d74
   44.783 0217a7f8000fa80c00070e004000000000000a000affff0000b36c
   44.830 02171e001afc18fc180033002dfc18fc18fc18fc18fc18001500c0001efc18fc18f980
   44.940 0f10082000122400cd00c800ad009c009a00a600a3028a0000000000000000000001e000100041096705799e55
   44.940 0f10082000124280
   45.831 0217a7f8000fa80c00070e004000000000000a000affff0000b36c
   45.877 02171e001afc18fc180033002dfc18fc18fc18fc18fc18001500c0001efc18fc18f980
   45.955 1e1000000009120001029e00000000000200000000000000000d24
   45.955 1e10000000090260
   46.034 1e1000140003060000000000008c5f
   46.034 1e1000140003c263
   46.066 1e040000001673ab
   46.142 1e042c00cd00c800ad009c009a00a600a30000ffff0000028a0000000000000000000001e0000000000000001000411c83
   46.220 1e04001e00061261
   46.252 1e040c000000000000000000000000cabf
   46.908 0217a7f8000fa80c00070e004000000000000a000affff0000b36c
   46.954 02171e001afc18fc180033002dfc18fc18fc18fc18fc18001500c0001efc18fc18f980
   47.017 0a17b3b00003b3c40003060015001400002990
   47.189 0f1008340012240000000000000000000000000000002300800000000000000000015e015e0000000000004194
   47.189 0f10083400120284
   47.953 0217a7f8000fa80c00070e004000000000000a000affff0000b36c
   48.001 02171e001afc18fc180033002dfc18fc18fc18fc18fc18001500c0001efc18fc18f980
   48.094 1e1000000009120001029e00000000000200000000000000000d24
   48.094 1e10000000090260
   48.157 1e1000140003060000000000008c5f
   48.157 1e1000140003c263
   48.204 1e040000001673ab
   48.265 1e042c00cd00c800ad009c009a00a600a30000ffff0000028a0000000000000000000001e0000000000000001000411c83
   48.390 1e04001e00061261
   48.390 1e040c000000000000000000000000cabf
   48.437 0617afc8000cafdc00050a000000000000000000159a75
   48.545 0f03070800064450
   48.592 0f030c0000000000000000000000001d74
   49.040 0217a7f8000fa80c00070e004000000000000a000affff0000b36c
   49.087 02171e001afc18fc180033002dfc18fc18fc18fc18fc18001500c0001efc18fc18f980
   49.211 0f10084800172e000000000000000000000000000000000000002f0000000000000031000a0000001500290009001c0009001a0000253d
   49.211 0f1008480017035f
   50.084 0217a7f8000fa80c00070e004000000000000a000affff0000b36c
   50.132 02171e001afc18fc180033002dfc18fc18fc18fc18fc18001500c0001efc18fc18f980
   50.211 1e1000000009120001029e00000000000200000000000000000d24
   50.211 1e10000000090260
   50.287 1e1000140003060000000000008c5f
   50.287 1e1000140003c263
   50.319 1e040000001673ab
   50.380 1e042c00cd00c800ad009c009a00a600a30000ffff0000028a0000000000000000000001e0000000000000001000411c83
   50.473 1e04001e00061261
   50.504 1e040c000000000000000000000000cabf
   51.154 0217a7f8000fa80c00070e004000000000000a000affff0000b36c
   51.216 02171e001afc18fc180033002dfc18fc18fc18fc18fc18001500c0001efc18fc18f980
   51.263 0a17b3b00003b3c40003060015001400002990
   51.386 0f10086400040800000000000000e85637
   51.433 0f1008640004835b
   52.205 0217a7f8000fa80c00070e004000000000000a000affff0000b36c
   52.268 02171e001afc18fc180033002dfc18fc18fc18fc18fc18001500c0001efc18fc18f980
   52.345 1e1000000009120001029e00000000000200000000000000000d24
   52.345 1e10000000090260
   52.405 1e1000140003060000000000008c5f
   52.405 1e1000140003c263
   52.451 1e040000001673ab
   52.513 1e042c00cd00c800ad009c009a00a600a30000ffff0000028a0000000000000000000001e0000000000000001000411c83
   52.605 1e04001e00061261
   52.637 1e040c000000000000000000000000cabf
   52.698 0617afc8000cafdc00050a000000000000000000159a75
   52.806 0f03070800064450
   52.853 0f030c0000000000000000000000001d74
   53.288 0217a7f8000fa80c00070e004000000000000a000affff0000b36c
   53.350 02171e001afc18fc180033002dfc18fc18fc18fc18fc18001500c0001efc18fc18f980
   53.445 0f100870001122046c000001f501a701b501a700ca0000000000000000012a05c3785b0000000000002aae
   53.445 0f10087000110290
   54.336 0217a7f8000fa80c00070e004000000000000a000affff0000b36c
   54.398 02171e001afc18fc180033002dfc18fc18fc18fc18fc18001500c0001efc18fc18f980
   54.476 1e1000000009120001029e00000000000200000000000000000d24
   54.476 1e10000000090260
   54.537 1e1000140003060000000000008c5f
   54.537 1e1000140003c263
   54.584 1e040000001673ab
   54.646 1e042c00cd00c900ad009c009a00a700a00000ffff0000028a0000000000000000000001e000000000000000100041c6ff
   54.739 1e04001e00061261
   54.770 1e040c000000000000000000000000cabf
   55.420 0217a7f8000fa80c00070e004000000000000a000affff0000b36c
   55.466 02171e001afc18fc180033002dfc18fc18fc18fc18fc18001500c0001efc18fc18f980
   55.528 0a17b3b00003b3c40003060015001400002990
   56.615 0217a7f8000fa80c00070e004000000000000a000affff0000b36c
   56.615 02171e001afc18fc180033002dfc18fc18fc18fc18fc18001500c0001efc18fc18f980
   56.615 1e1000000009120001029e00000000000200000000000000000d24
   56.615 1e10000000090260
   56.676 1e1000140003060000000000008c5f
   56.676 1e1000140003c263
   56.722 1e040000001673ab
   56.784 1e042c00cd00c900ad009c009a00a700a00000ffff0000028a0000000000000000000001e000000000000000100041c6ff
   56.908 1e04001e00061261
   56.908 1e040c000000000000000000000000cabf
   56.955 0617afc8000cafdc00050a000000000000000000159a75
   57.064 0f03070800064450
   57.110 0f030c0000000000000000000000001d74
   57.562 0217a7f8000fa80c00070e004000000000000a000affff0000b36c
   57.608 02171e001afc18fc180033002dfc18fc18fc18fc18fc18001500c0001efc18fc18f980
   58.651 0f100884003c837f
   58.651 0217a7f8000fa80c00070e004000000000000a000affff0000b36c
   58.651 02171e001afc18fc180033002dfc18fc18fc18fc18fc18001500c0001efc18fc18f980
   58.745 1e1000000009120001029e00000000000200000000000000000d24
   58.745 1e10000000090260
   58.807 1e1000140003060000000000008c5f
   58.807 1e1000140003c263
   58.837 1e040000001673ab
   58.915 1e042c00cd00c900ad009c009a00a700a00000ffff0000028a0000000000000000000001e000000000000000100041c6ff
   58.993 1e04001e00061261
   59.025 1e040c000000000000000000000000cabf
   59.677 0217a7f8000fa80c00070e004000000000000a000affff0000b36c
   59.739 02171e001afc18fc180033002dfc18fc18fc18fc18fc18001500c0001efc18fc18f980
   59.784 0a17b3b00003b3c40003060015001400002990
   60.720 0217a7f8000fa80c00070e004000000000000a000affff0000b36c
   60.782 02171e001afc18fc180033002dfc18fc18fc18fc18fc18001500c0001efc18fc18f980
   60.860 1e1000000009120001029e00000000000200000000000000000d24
   60.860 1e10000000090260
   60.923 1e1000140003060000000000008c5f
   60.923 1e1000140003c263
   60.968 1e040000001673ab
   61.031 1e042c00cd00c900ad009c009a00a700a00000ffff0000028a0000000000000000000001e000000000000000100041c6ff
   61.154 1e04001e00061261
   61.154 1e040c000000000000000000000000cabf
   61.201 0617afc8000cafdc00050a000000000000000000159a75
   61.310 0f03070800064450
   61.356 0f030c0000000000000000000000001d74
   61.806 0217a7f8000fa80c00070e004000000000000a000affff0000b36c
   61.852 02171e001afc18fc180033002dfc18fc18fc18fc18fc18001500c0001efc18fc18f980
   61.946 0f1007d0001326001a0014ff9c0033002dff9cff9cff9cff9cff9c001500c0001e004000000000000a000a0000bed1
   61.977 0f1007d000138067
   62.846 0217a7f8000fa80c00070e004000000000000a000affff0000b36c
   62.908 02171e001afc18fc180033002dfc18fc18fc18fc18fc18001500c0001efc18fc18f980
   62.985 1e1000000009120001029e00000000000200000000000000000d24
   62.985 1e10000000090260
   63.062 1e1000140003060000000000008c5f
   63.062 1e1000140003c263
   63.093 1e040000001673ab
   63.155 1e042c00cd00c900ad009c009a00a700a00000ffff0000028a0000000000000000000001e000000000000000100041c6ff
   63.280 1e04001e00061261
   63.280 1e040c000000000000000000000000cabf
   63.920 0217a7f8000fa80c00070e004000000000000a000affff0000b36c
   63.982 02171e001afc18fc180033002dfc18fc18fc18fc18fc18001500c0001efc18fc18f980
   64.028 0a17b3b00003b3c40003060015001400002990
   64.200 0f1007e4001122001000000000001509060709096705790000000000000000000000000000000000006e99
   64.200 0f1007e400114068
   64.978 0217a7f8000fa80c00070e004000000000000a000affff0000b36c
   65.025 02171e001afc18fc180033002dfc18fc18fc18fc18fc18001500c0001efc18fc18f980
   65.117 1e1000000009120001029e00000000000200000000000000000d24
   65.117 1e10000000090260
   65.179 1e1000140003060000000000008c5f
   65.179 1e1000140003c263
   65.226 1e040000001673ab
   65.288 1e042c00cd00c900ad009c009a00a700a00000ffff0000028a0000000000000000000001e000000000000000100041c6ff
   65.413 1e04001e00061261
   65.413 1e040c000000000000000000000000cabf
   65.460 0617afc8000cafdc00050a000000000000000000159a75
   65.568 0f03070800064450
   65.614 0f030c0000000000000000000000001d74
   66.054 0217a7f8000fa80c00070e004000000000000a000affff0000b36c
   66.115 02171e001afc18fc180033002dfc18fc18fc18fc18fc18001500c0001efc18fc18f980
   66.224 0f1007f8001122000000000000000000000000000000000000000000000000000000000000000000006fb5
   66.224 0f1007f8001181ae
   67.109 0217a7f8000fa80c00070e004000000000000a000affff0000b36c
   67.170 02171e001afc18fc180033002dfc18fc18fc18fc18fc18001500c0001efc18fc18f980
   67.249 1e1000000009120001029e00000000000200000000000000000d24
   67.249 1e10000000090260
   67.311 1e1000140003060000000000008c5f
   67.311 1e1000140003c263
   67.358 1e040000001673ab
   67.419 1e042c00cd00c900ad009c009a00a700a00000ffff0000028a0000000000000000000001e000000000000000100041c6ff
   67.512 1e04001e00061261
   67.543 1e040c000000000000000000000000cabf
   68.211 0217a7f8000fa80c00070e004000000000000a000affff0000b36c
   68.259 02171e001afc18fc180033002dfc18fc18fc18fc18fc18001500c0001efc18fc18f980
   68.322 0a17b3b00003b3c40003060015001400002990
   68.493 0f10080c00122400c8000000000000000000000000000000000000000000000000001400000000000000009422
   68.493 0f10080c00128349
   69.233 0217a7f8000fa80c00070e004000000000000a000affff0000b36c
   69.295 02171e001afc18fc180033002dfc18fc18fc18fc18fc18001500c0001efc18fc18f980
   69.372 1e1000000009120001029e00000000000200000000000000000d24
   69.372 1e10000000090260
   69.448 1e1000140003060000000000008c5f
   69.448 1e1000140003c263
   69.495 1e040000001673ab
   69.557 1e042c00cd00c900ad009c009a00a700a00000ffff0000028a0000000000000000000001e000000000000000100041c6ff
   69.679 1e04001e00061261
   69.679 1e040c000000000000000000000000cabf
   69.726 0617afc8000cafdc00050a000000000000000000159a75
   69.835 0f03070800064450
   69.881 0f030c0000000000000000000000001d74
   70.329 0217a7f8000fa80c00070e004000000000000a000affff0000b36c
   70.376 02171e001afc18fc180033002dfc18fc18fc18fc18fc18001500c0001efc18fc18f980
   70.468 0f10082000122400cd00c900ad009c009a00a700a0028a0000000000000000000001e00010004109670579f389
   70.499 0f10082000124280
   71.366 0217a7f8000fa80c00070e004000000000000a000affff0000b36c
   71.428 02171e001afc18fc180033002dfc18fc18fc18fc18fc18001500c0001efc18fc18f980
   71.508 1e1000000009120001029e00000000000200000000000000000d24
   71.508 1e10000000090260
   71.570 1e1000140003060000000000008c5f
   71.570 1e1000140003c263
   71.617 1e040000001673ab
   71.678 1e042c00cd00c900ad009c009a00a700a00000ffff0000028a0000000000000000000001e000000000000000100041c6ff
   71.771 1e04001e00061261
   71.802 1e040c000000000000000000000000cabf
   72.454 0217a7f8000fa80c00070e004000000000000a000affff0000b36c
   72.502 02171e001afc18fc180033002dfc18fc18fc18fc18fc18001500c0001efc18fc18f980
   72.565 0a17b3b00003b3c40003060015001400002990
   72.705 0f1008340012240000000000000000000000000000002300800000000000000000015e015e0000000000004194
   72.737 0f10083400120284
   73.494 0217a7f8000fa80c00070e004000000000000a000affff0000b36c
   73.557 02171e001afc18fc180033002dfc18fc18fc18fc18fc18001500c0001efc18fc18f980
   73.634 1e1000000009120001029e00000000000200000000000000000d24
   73.634 1e10000000090260
   73.696 1e1000140003060000000000008c5f
   73.696 1e1000140003c263
   73.742 1e040000001673ab
   73.805 1e042c00cd00c900ad009c009a00a700a00000ffff0000028a0000000000000000000001e000000000000000100041c6ff
   73.898 1e04001e00061261
   73.929 1e040c000000000000000000000000cabf
   73.976 0617afc8000cafdc00050a000000000000000000159a75
   74.100 0f03070800064450
   74.147 0f030c0000000000000000000000001d74
   74.580 0217a7f8000fa80c00070e004000000000000a000affff0000b36c
   74.627 02171e001afc18fc180033002dfc18fc18fc18fc18fc18001500c0001efc18fc18f980
   74.765 0f10084800172e000000000000000000000000000000000000002f0000000000000031000a0000002e00290009001c0009001a00007e46
   74.765 0f1008480017035f
   75.631 0217a7f8000fa80c00070e004000000000000a000affff0000b36c
   75.676 02171e001afc18fc180033002dfc18fc18fc18fc18fc18001500c0001efc18fc18f980
   75.768 1e1000000009120001029e00000000000200000000000000000d24
   75.768 1e10000000090260
   75.830 1e1000140003060000000000008c5f
   75.830 1e1000140003c263
   75.861 1e040000001673ab
   75.938 1e042c00cd00c800ad009c009a00a700a00000ffff0000028a0000000000000000000001e000000000000000100041c142
   76.017 1e04001e00061261
   76.047 1e040c000000000000000000000000cabf
   76.700 0217a7f8000fa80c00070e004000000000000a000affff0000b36c
   76.762 02171e001afc18fc180033002dfc18fc18fc18fc18fc18001500c0001efc18fc18f980
   76.809 0a17b3b00003b3c40003060015001400002990
   76.964 0f10086400040800000000000000e85637
   76.964 0f1008640004835b
   77.753 0217a7f8000fa80c00070e004000000000000a000affff0000b36c
   77.798 02171e001afc18fc180033002dfc18fc18fc18fc18fc18001500c0001efc18fc18f980
   77.891 1e1000000009120001029e00000000000200000000000000000d24
   77.891 1e10000000090260
   77.953 1e1000140003060000000000008c5f
   77.953 1e1000140003c263
   77.985 1e040000001673ab
   78.062 1e042c00cd00c800ad009c009a00a700a00000ffff0000028a0000000000000000000001e000000000000000100041c142
   78.140 1e04001e00061261
   78.170 1e040c000000000000000000000000cabf
   78.232 0617afc8000cafdc00050a000000000000000000159a75
   78.340 0f03070800064450
   78.386 0f030c0000000000000000000000001d74
   78.824 0217a7f8000fa80c00070e004000000000000a000affff0000b36c
   78.886 02171e001afc18fc180033002dfc18fc18fc18fc18fc18001500c0001efc18fc18f980
   78.995 0f100870001122046c000001f501a701b501a700ca0000000000000000012a05c3785b0000000000002aae
   78.995 0f10087000110290
   79.884 0217a7f8000fa80c00070e004000000000000a000affff0000b36c
   79.930 02171e001afc18fc180033002dfc18fc18fc18fc18fc18001500c0001efc18fc18f980
   80.022 1e1000000009120001029e00000000000200000000000000000d24
   80.022 1e10000000090260
   80.083 1e1000140003060000000000008c5f
   80.083 1e1000140003c263
   80.114 1e040000001673ab
   80.191 1e042c00cd00c800ad009c009a00a700a00000ffff0000028a0000000000000000000001e000000000000000100041c142
   80.268 1e04001e00061261
   80.299 1e040c000000000000000000000000cabf
   80.952 0217a7f8000fa80c00070e004000000000000a000affff0000b36c
   81.014 02171e001afc18fc180033002dfc18fc18fc18fc18fc18001500c0001efc18fc18f980
   81.060 0a17b3b00003b3c40003060015001400002990
   82.072 0f100884003c837f
   82.072 0217a7f8000fa80c00070e004000000000000a000affff0000b36c
   82.072 02171e001afc18fc180033002dfc18fc18fc18fc18fc18001500c0001efc18fc18f980
   82.150 1e1000000009120001029e00000000000200000000000000000d24
   82.150 1e10000000090260
   82.211 1e1000140003060000000000008c5f
   82.211 1e1000140003c263
   82.258 1e040000001673ab
   82.322 1e042c00cd00c800ad009c009a00a700a00000ffff0000028a0000000000000000000001e000000000000000100041c142
   82.399 1e04001e00061261
   82.429 1e040c000000000000000000000000cabf
   82.491 0617afc8000cafdc00050a000000000000000000159a75
   82.598 0f03070800064450
   82.645 0f030c0000000000000000000000001d74
   83.097 0217a7f8000fa80c00070e004000000000000a000affff0000b36c
   83.144 02171e001afc18fc180033002dfc18fc18fc18fc18fc18001500c0001efc18fc18f980
   83.223 0f1007d0001326001a0014ff9c0033002dff9cff9cff9cff9cff9c001500c0001e004000000000000a000a0000bed1
   83.254 0f1007d000138067
   84.137 0217a7f8000fa80c00070e004000000000000a000affff0000b36c
   84.200 02171e001afc18fc180033002dfc18fc18fc18fc18fc18001500c0001efc18fc18f980
   84.278 1e1000000009120001029e00000000000200000000000000000d24
   84.278 1e10000000090260
   84.340 1e1000140003060000000000008c5f
   84.340 1e1000140003c263
   84.372 1e040000001673ab
   84.450 1e042c00cd00c800ad009c009a00a700a00000ffff0000028a0000000000000000000001e000000000000000100041c142
   84.527 1e04001e00061261
   84.559 1e040c000000000000000000000000cabf
   85.213 0217a7f8000fa80c00070e004000000000000a000affff0000b36c
   85.274 02171e001afc18fc180033002dfc18fc18fc18fc18fc18001500c0001efc18fc18f980
   85.321 0a17b3b00003b3c40003060015001400002990
   85.475 0f1007e4001122001000000000001509060709096705790000000000000000000000000000000000006e99
   85.505 0f1007e400114068
   86.264 0217a7f8000fa80c00070e004000000000000a000affff0000b36c
   86.326 02171e001afc18fc180033002dfc18fc18fc18fc18fc18001500c0001efc18fc18f980
   86.403 1e1000000009120001029e00000000000200000000000000000d24
   86.403 1e10000000090260
   86.465 1e1000140003060000000000008c5f
   86.465 1e1000140003c263
   86.511 1e040000001673ab
   86.573 1e042c00cd00c800ad009c009a00a700a00000ffff0000028a0000000000000000000001e000000000000000100041c142
   86.699 1e04001e00061261
   86.699 1e040c000000000000000000000000cabf
   86.746 0617afc8000cafdc00050a000000000000000000159a75
   86.856 0f03070800064450
   86.903 0f030c0000000000000000000000001d74
   87.351 0217a7f8000fa80c00070e004000000000000a000affff0000b36c
   87.398 02171e001afc18fc180033002dfc18fc18fc18fc18fc18001500c0001efc18fc18f980
   87.476 0f1007f8001122000000000000000000000000000000000000000000000000000000000000000000006fb5
   87.522 0f1007f8001181ae
   88.392 0217a7f8000fa80c00070e004000000000000a000affff0000b36c
   88.456 02171e001afc18fc180033002dfc18fc18fc18fc18fc18001500c0001efc18fc18f980
   88.534 1e1000000009120001029e00000000000200000000000000000d24
   88.534 1e10000000090260
   88.595 1e1000140003060000000000008c5f
   88.595 1e1000140003c263
   88.642 1e040000001673ab
   88.704 1e042c00cd00c800ad009c009a00a700a30000ffff0000028a0000000000000000000001e0000000000000001000417143
   88.828 1e04001e00061261
   88.828 1e040c000000000000000000000000cabf
   89.476 0217a7f8000fa80c00070e004000000000000a000affff0000b36c
   89.523 02171e001afc18fc180033002dfc18fc18fc18fc18fc18001500c0001efc18fc18f980
   89.584 0a17b3b00003b3c40003060015001400002990
   89.757 0f10080c00122400c8000000000000000000000000000000000000000000000000001400000000000000009422
   89.757 0f10080c00128349
   90.519 0217a7f8000fa80c00070e004000000000000a000affff0000b36c
   90.566 02171e001afc18fc180033002dfc18fc18fc18fc18fc18001500c0001efc18fc18f980
   90.659 1e1000000009120001029e00000000000200000000000000000d24
   90.659 1e10000000090260
   90.722 1e1000140003060000000000008c5f
   90.722 1e1000140003c263
   90.768 1e040000001673ab
   90.831 1e042c00cd00c800ad009c009a00a700a30000ffff0000028a0000000000000000000001e0000000000000001000417143
   90.953 1e04001e00061261
   90.953 1e040c000000000000000000000000cabf
   90.999 0617afc8000cafdc00050a000000000000000000159a75
   91.109 0f03070800064450
   91.157 0f030c0000000000000000000000001d74
   91.606 0217a7f8000fa80c00070e004000000000000a000affff0000b36c
   91.652 02171e001afc18fc180033002dfc18fc18fc18fc18fc18001500c0001efc18fc18f980
   91.728 0f10082000122400cd00c800ad009c009a00a700a3028a0000000000000000000001e00010004109670579caac
   91.774 0f10082000124280
   92.646 0217a7f8000fa80c00070e004000000000000a000affff0000b36c
   92.710 02171e001afc18fc180033002dfc18fc18fc18fc18fc18001500c0001efc18fc18f980
   92.789 1e1000000009120001029e00000000000200000000000000000d24
   92.789 1e10000000090260
   92.852 1e1000140003060000000000008c5f
   92.852 1e1000140003c263
   92.898 1e040000001673ab
   92.961 1e042c00cd00c800ad009c009a00a700a30000ffff0000028a0000000000000000000001e0000000000000001000417143
   93.087 1e04001e00061261
   93.087 1e040c000000000000000000000000cabf
   93.736 0217a7f8000fa80c00070e004000000000000a000affff0000b36c
   93.783 02171e001afc18fc180033002dfc18fc18fc18fc18fc18001500c0001efc18fc18f980
   93.830 0a17b3b00003b3c40003060015001400002990
   93.985 0f1008340012240000000000000000000000000000002300800000000000000000015e015e0000000000004194
   94.016 0f10083400120284
   94.777 0217a7f8000fa80c00070e004000000000000a000affff0000b36c
   94.823 02171e001afc18fc180033002dfc18fc18fc18fc18fc18001500c0001efc18fc18f980
   94.916 1e1000000009120001029e00000000000200000000000000000d24
   94.916 1e10000000090260
   94.978 1e1000140003060000000000008c5f
   94.978 1e1000140003c263
   95.026 1e040000001673ab
   95.089 1e042c00cd00c800ad009c009a00a700a30000ffff0000028a0000000000000000000001e0000000000000001000417143
   95.214 1e04001e00061261
   95.214 1e040c000000000000000000000000cabf
   95.261 0617afc8000cafdc00050a000000000000000000159a75
   95.370 0f03070800064450
   95.417 0f030c0000000000000000000000001d74
   95.868 0217a7f8000fa80c00070e004000000000000a000affff0000b36c
   95.914 02171e001afc18fc180033002dfc18fc18fc18fc18fc18001500c0001efc18fc18f980
   96.007 0f10084800172e000000000000000000000000000000000000002f0000000000000031000a00000008002a0009001c0009001a000007a4
   96.038 0f1008480017035f
   96.910 0217a7f8000fa80c00070e004000000000000a000affff0000b36c
   96.957 02171e001afc18fc180033002dfc18fc18fc18fc18fc18001500c0001efc18fc18f980
   97.035 1e1000000009120001029e00000000000200000000000000000d24
   97.035 1e10000000090260
   97.113 1e1000140003060000000000008c5f
   97.113 1e1000140003c263
   97.144 1e040000001673ab
   97.207 1e042c00cd00c800ad009c009a00a700a30000ffff0000028a0000000000000000000001e0000000000000001000417143
   97.300 1e04001e00061261
   97.331 1e040c000000000000000000000000cabf
   97.985 0217a7f8000fa80c00070e004000000000000a000affff0000b36c
   98.032 02171e001afc18fc180033002dfc18fc18fc18fc18fc18001500c0001efc18fc18f980
   98.094 0a17b3b00003b3c40003060015001400002990
   98.204 0f10086400040800000000000000e85637
   98.235 0f1008640004835b
   99.026 0217a7f8000fa80c00070e004000000000000a000affff0000b36c
   99.089 02171e001afc18fc180033002dfc18fc18fc18fc18fc18001500c0001efc18fc18f980
   99.165 1e1000000009120001029e00000000000200000000000000000d24
   99.165 1e10000000090260
   99.243 1e1000140003060000000000008c5f
   99.243 1e1000140003c263
   99.274 1e040000001673ab
   99.351 1e042c00cd00c900ad009c009a00a700a00000ffff0000028a0000000000000000000001e000000000000000100041c6ff
   99.429 1e04001e00061261
   99.460 1e040c000000000000000000000000cabf
   99.522 0617afc8000cafdc00050a000000000000000000159a75
   99.631 0f03070800064450
   99.678 0f030c0000000000000000000000001d74
  100.115 0217a7f8000fa80c00070e004000000000000a000affff0000b36c
  100.161 02171e001afc18fc180033002dfc18fc18fc18fc18fc18001500c0001efc18fc18f980
  100.270 0f100870001122046c000001f501a701b501a700ca0000000000000000012a05c3785b0000000000002aae
  100.270 0f10087000110290
  101.172 0217a7f8000fa80c00070e004000000000000a000affff0000b36c
  101.217 02171e001afc18fc180033002dfc18fc18fc18fc18fc18001500c0001efc18fc18f980
  101.295 1e1000000009120001029e00000000000200000000000000000d24
  101.295 1e10000000090260
  101.373 1e1000140003060000000000008c5f
  101.373 1e1000140003c263
  101.404 1e040000001673ab
  101.482 1e042c00cd00c900ad009c009a00a700a00000ffff0000028a0000000000000000000001e000000000000000100041c6ff
  101.560 1e04001e00061261
  101.591 1e040c000000000000000000000000cabf
  102.247 0217a7f8000fa80c00070e004000000000000a000affff0000b36c
  102.294 02171e001afc18fc180033002dfc18fc18fc18fc18fc18001500c0001efc18fc18f980
  102.357 0a17b3b00003b3c40003060015001400002990
  103.445 0217a7f8000fa80c00070e004000000000000a000affff0000b36c
  103.445 02171e001afc18fc180033002dfc18fc18fc18fc18fc18001500c0001efc18fc18f980
  103.445 1e1000000009120001029e00000000000200000000000000000d24
  103.445 1e10000000090260
  103.507 1e1000140003060000000000008c5f
  103.507 1e1000140003c263
  103.553 1e040000001673ab
  103.614 1e042c00cd00c900ad009c009a00a700a00000ffff0000028a0000000000000000000001e000000000000000100041c6ff
  103.738 1e04001e00061261
  103.738 1e040c000000000000000000000000cabf
  103.785 0617afc8000cafdc00050a000000000000000000159a75
  103.894 0f03070800064450
  103.941 0f030c0000000000000000000000001d74
  104.392 0217a7f8000fa80c00070e004000000000000a000affff0000b36c
  104.438 02171e001afc18fc180033002dfc18fc18fc18fc18fc18001500c0001efc18fc18f980
  105.479 0f100884003c837f
  105.479 0217a7f8000fa80c00070e004000000000000a000affff0000b36c
  105.479 02171e001afc18fc180033002dfc18fc18fc18fc18fc18001500c0001efc18fc18f980
  105.573 1e1000000009120001029e00000000000200000000000000000d24
  105.573 1e10000000090260
  105.636 1e1000140003060000000000008c5f
  105.636 1e1000140003c263
  105.667 1e040000001673ab
  105.744 1e042c00cd00c900ad009c009a00a700a00000ffff0000028a0000000000000000000001e000000000000000100041c6ff
  105.822 1e04001e00061261
  105.853 1e040c000000000000000000000000cabf
  106.502 0217a7f8000fa80c00070e004000000000000a000affff0000b36c
  106.565 02171e001afc18fc180033002dfc18fc18fc18fc18fc18001500c0001efc18fc18f980
  106.611 0a17b3b00003b3c40003060015001400002990
  107.562 0217a7f8000fa80c00070e004000000000000a000affff0000b36c
  107.608 02171e001afc18fc180033002dfc18fc18fc18fc18fc18001500c0001efc18fc18f980
  107.687 1e1000000009120001029e00000000000200000000000000000d24
  107.687 1e10000000090260
  107.765 1e1000140003060000000000008c5f
  107.765 1e1000140003c263
  107.797 1e040000001673ab
  107.874 1e042c00cd00c900ad009c009a00a700a00000ffff0000028a0000000000000000000001e000000000000000100041c6ff
  107.953 1e04001e00061261
  107.983 1e040c000000000000000000000000cabf
  108.047 0617afc8000cafdc00050a000000000000000000159a75
  108.156 0f03070800064450
  108.202 0f030c0000000000000000000000001d74
  108.638 0217a7f8000fa80c00070e004000000000000a000affff0000b36c
  108.701 02171e001afc18fc180033002dfc18fc18fc18fc18fc18001500c0001efc18fc18f980
  108.778 0f1007d0001326001a0014ff9c0033002dff9cff9cff9cff9cff9c001500c0001e004000000000000a000a0000bed1
  108.825 0f1007d000138067
  109.694 0217a7f8000fa80c00070e004000000000000a000affff0000b36c
  109.741 02171e001afc18fc180033002dfc18fc18fc18fc18fc18001500c0001efc18fc18f980
  109.820 1e1000000009120001029e00000000000200000000000000000d24
  109.820 1e10000000090260
  109.897 1e1000140003060000000000008c5f
  109.897 1e1000140003c263
  109.928 1e040000001673ab
  109.990 1e042c00cd00c900ad009c009a00a700a00000ffff0000028a0000000000000000000001e000000000000000100041c6ff
  110.084 1e04001e00061261
  110.115 1e040c000000000000000000000000cabf
  110.770 0217a7f8000fa80c00070e004000000000000a000affff0000b36c
  110.816 02171e001afc18fc180033002dfc18fc18fc18fc18fc18001500c0001efc18fc18f980
  110.877 0a17b3b00003b3c40003060015001400002990
  111.017 0f1007e4001122001000000000001509060709096705790000000000000000000000000000000000006e99
  111.047 0f1007e400114068
  111.812 0217a7f8000fa80c00070e004000000000000a000affff0000b36c
  111.874 02171e001afc18fc180033002dfc18fc18fc18fc18fc18001500c0001efc18fc18f980
  111.952 1e1000000009120001029e00000000000200000000000000000d24
  111.952 1e10000000090260
  112.015 1e1000140003060000000000008c5f
  112.015 1e1000140003c263
  112.061 1e040000001673ab
  112.122 1e042c00cd00c900ad009c009a00a700a00000ffff0000028a0000000000000000000001e000000000000000100041c6ff
  112.215 1e04001e00061261
  112.245 1e040c000000000000000000000000cabf
  112.308 0617afc8000cafdc00050a000000000000000000159a75
  112.415 0f03070800064450
  112.462 0f030c0000000000000000000000001d74
  112.898 0217a7f8000fa80c00070e004000000000000a000affff0000b36c
  112.945 02171e001afc18fc180033002dfc18fc18fc18fc18fc18001500c0001efc18fc18f980
  113.055 0f1007f8001122000000000000000000000000000000000000000000000000000000000000000000006fb5
  113.055 0f1007f8001181ae
  113.955 0217a7f8000fa80c00070e004000000000000a000affff0000b36c
  114.002 02171e001afc18fc180033002dfc18fc18fc18fc18fc18001500c0001efc18fc18f980
  114.081 1e1000000009120001029e00000000000200000000000000000d24
  114.081 1e10000000090260
  114.161 1e1000140003060000000000008c5f
  114.161 1e1000140003c263
  114.192 1e040000001673ab
  114.253 1e042c00cd00c900ad009c009a00a700a00000ffff0000028a0000000000000000000001e000000000000000100041c6ff
  114.347 1e04001e00061261
  114.379 1e040c000000000000000000000000cabf
  115.029 0217a7f8000fa80c00070e004000000000000a000affff0000b36c
  115.076 02171e001afc18fc180033002dfc18fc18fc18fc18fc18001500c0001efc18fc18f980
  115.139 0a17b3b00003b3c40003060015001400002990
  115.324 0f10080c00122400c8000000000000000000000000000000000000000000000000001400000000000000009422
  115.324 0f10080c00128349
  116.071 0217a7f8000fa80c00070e004000000000000a000affff0000b36c
  116.133 02171e001afc18fc180033002dfc18fc18fc18fc18fc18001500c0001efc18fc18f980
  116.211 1e1000000009120001029e00000000000200000000000000000d24
  116.211 1e10000000090260
  116.273 1e1000140003060000000000008c5f
  116.273 1e1000140003c263
  116.319 1e040000001673ab
  116.395 1e042c00cd00c900ad009c009a00a700a00000ffff0000028a0000000000000000000001e000000000000000100041c6ff
  116.471 1e04001e00061261
  116.503 1e040c000000000000000000000000cabf
  116.564 0617afc8000cafdc00050a000000000000000000159a75
  116.672 0f03070800064450
  116.718 0f030c0000000000000000000000001d74
  117.151 0217a7f8000fa80c00070e004000000000000a000affff0000b36c
  117.213 02171e001afc18fc180033002dfc18fc18fc18fc18fc18001500c0001efc18fc18f980
  117.291 0f10082000122400cd00c900ad009c009a00a700a0028a0000000000000000000001e00010004109670579f389
  117.321 0f10082000124280
  118.209 0217a7f8000fa80c00070e004000000000000a000affff0000b36c
  118.255 02171e001afc18fc180033002dfc18fc18fc18fc18fc18001500c0001efc18fc18f980
  118.348 1e1000000009120001029e00000000000200000000000000000d24
  118.348 1e10000000090260
  118.411 1e1000140003060000000000008c5f
  118.411 1e1000140003c263
  118.442 1e040000001673ab
  118.505 1e042c00cd00c900ad009c009a00a700a00000ffff0000028a0000000000000000000001e000000000000000100041c6ff
  118.598 1e04001e00061261
  118.629 1e040c000000000000000000000000cabf
  119.284 0217a7f8000fa80c00070e004000000000000a000affff0000b36c
  119.329 02171e001afc18fc180033002dfc18fc18fc18fc18fc18001500c0001efc18fc18f980
  119.390 0a17b3b00003b3c40003060015001400002990
  119.561 0f1008340012240000000000000000000000000000002300800000000000000000015e015e0000000000004194
  119.561 0f10083400120284
  120.323 0217a7f8000fa80c00070e004000000000000a000affff0000b36c
  120.370 02171e001afc18fc180033002dfc18fc18fc18fc18fc18001500c0001efc18fc18f980
  120.463 1e1000000009120001029e00000000000200000000000000000d24
  120.463 1e10000000090260
  120.526 1e1000140003060000000000008c5f
  120.526 1e1000140003c263
  120.574 1e040000001673ab
  120.635 1e042c00cd00c800ad009c009a00a700a00000ffff0000028a0000000000000000000001e000000000000000100041c142
  120.761 1e04001e00061261
  120.761 1e040c000000000000000000000000cabf
  120.808 0617afc8000cafdc00050a000000000000000000159a75
  120.931 0f03070800064450
  120.962 0f030c0000000000000000000000001d74
  121.411 0217a7f8000fa80c00070e004000000000000a000affff0000b36c
  121.459 02171e001afc18fc180033002dfc18fc18fc18fc18fc18001500c0001efc18fc18f980
  121.585 0f10084800172e000000000000000000000000000000000000002f0000000000000031000a00000021002a0009001c0009001a0000650d
  121.585 0f1008480017035f
  122.455 0217a7f8000fa80c00070e004000000000000a000affff0000b36c
  122.503 02171e001afc18fc180033002dfc18fc18fc18fc18fc18001500c0001efc18fc18f980
  122.596 1e1000000009120001029e00000000000200000000000000000d24
  122.596 1e10000000090260
  122.659 1e1000140003060000000000008c5f
  122.659 1e1000140003c263
  122.704 1e040000001673ab
  122.766 1e042c00cd00c800ad009c009a00a700a00000ffff0000028a0000000000000000000001e000000000000000100041c142
  122.889 1e04001e00061261
  122.889 1e040c000000000000000000000000cabf
  123.544 0217a7f8000fa80c00070e004000000000000a000affff0000b36c
  123.590 02171e001afc18fc180033002dfc18fc18fc18fc18fc18001500c0001efc18fc18f980
  123.637 0a17b3b00003b3c40003060015001400002990
  123.760 0f10086400040800000000000000e85637
  123.791 0f1008640004835b
  124.581 0217a7f8000fa80c00070e004000000000000a000affff0000b36c
  124.642 02171e001afc18fc180033002dfc18fc18fc18fc18fc18001500c0001efc18fc18f980
  124.719 1e1000000009120001029e00000000000200000000000000000d24
  124.719 1e10000000090260
  124.797 1e1000140003060000000000008c5f
  124.797 1e1000140003c263
  124.829 1e040000001673ab
  124.891 1e042c00cd00c800ad009c009a00a700a00000ffff0000028a0000000000000000000001e000000000000000100041c142
  124.986 1e04001e00061261
  125.017 1e040c000000000000000000000000cabf
  125.078 0617afc8000cafdc00050a000000000000000000159a75
  125.186 0f03070800064450
  125.232 0f030c0000000000000000000000001d74
  125.666 0217a7f8000fa80c00070e004000000000000a000affff0000b36c
  125.730 02171e001afc18fc180033002dfc18fc18fc18fc18fc18001500c0001efc18fc18f980
  125.839 0f100870001122046c000001f501a701b501a700ca0000000000000000012a05c3785b0000000000002aae
  125.839 0f10087000110290
  126.723 0217a7f8000fa80c00070e004000000000000a000affff0000b36c
  126.769 02171e001afc18fc180033002dfc18fc18fc18fc18fc18001500c0001efc18fc18f980
  126.864 1e1000000009120001029e00000000000200000000000000000d24
  126.864 1e10000000090260
  126.926 1e1000140003060000000000008c5f
  126.926 1e1000140003c263
  126.973 1e040000001673ab
  127.036 1e042c00cd00c800ad009c009a00a700a00000ffff0000028a0000000000000000000001e000000000000000100041c142
  127.113 1e04001e00061261
  127.145 1e040c000000000000000000000000cabf
  127.800 0217a7f8000fa80c00070e004000000000000a000affff0000b36c
  127.847 02171e001afc18fc180033002dfc18fc18fc18fc18fc18001500c0001efc18fc18f980
  127.910 0a17b3b00003b3c40003060015001400002990
  128.997 0217a7f8000fa80c00070e004000000000000a000affff0000b36c
  128.997 02171e001afc18fc180033002dfc18fc18fc18fc18fc18001500c0001efc18fc18f980
  128.997 1e1000000009120001029e00000000000200000000000000000d24
  128.997 1e10000000090260
  129.059 1e1000140003060000000000008c5f
  129.059 1e1000140003c263
  129.105 1e040000001673ab
  129.168 1e042c00cd00c800ad009c009a00a700a00000ffff0000028a0000000000000000000001e000000000000000100041c142
  129.292 1e04001e00061261
  129.292 1e040c000000000000000000000000cabf
  129.339 0617afc8000cafdc00050a000000000000000000159a75
  129.462 0f03070800064450
  129.494 0f030c0000000000000000000000001d74
  129.942 0217a7f8000fa80c00070e004000000000000a000affff0000b36c
  129.989 02171e001afc18fc180033002dfc18fc18fc18fc18fc18001500c0001efc18fc18f980
  131.046 0f100884003c837f
  131.046 0217a7f8000fa80c00070e004000000000000a000affff0000b36c
  131.046 02171e001afc18fc180033002dfc18fc18fc18fc18fc18001500c0001efc18fc18f980
  131.125 1e1000000009120001029e00000000000200000000000000000d24
  131.125 1e10000000090260
  131.187 1e1000140003060000000000008c5f
  131.187 1e1000140003c263
  131.235 1e040000001673ab
  131.296 1e042c00cd00c800ad009c009a00a700a30000ffff0000028a0000000000000000000001e0000000000000001000417143
  131.388 1e04001e00061261
  131.418 1e040c000000000000000000000000cabf
  132.071 0217a7f8000fa80c00070e004000000000000a000affff0000b36c
  132.118 02171e001afc18fc180033002dfc18fc18fc18fc18fc18001500c0001efc18fc18f980
  132.180 0a17b3b00003b3c40003060015001400002990
  133.125 0217a7f8000fa80c00070e004000000000000a000affff0000b36c
  133.172 02171e001afc18fc180033002dfc18fc18fc18fc18fc18001500c0001efc18fc18f980
  133.249 1e1000000009120001029e00000000000200000000000000000d24
  133.249 1e10000000090260
  133.327 1e1000140003060000000000008c5f
  133.327 1e1000140003c263
  133.358 1e040000001673ab
  133.436 1e042c00cd00c800ad009c009a00a700a30000ffff0000028a0000000000000000000001e0000000000000001000417143
  133.513 1e04001e00061261
  133.544 1e040c000000000000000000000000cabf
  133.607 0617afc8000cafdc00050a000000000000000000159a75
  133.716 0f03070800064450
  133.762 0f030c0000000000000000000000001d74
  134.196 0217a7f8000fa80c00070e004000000000000a000affff0000b36c
  134.259 02171e001afc18fc180033002dfc18fc18fc18fc18fc18001500c0001efc18fc18f980
  134.337 0f1007d0001326001a0014ff9c0033002dff9cff9cff9cff9cff9c001500c0001e004000000000000a000a0000bed1
  134.368 0f1007d000138067
  135.243 0217a7f8000fa80c00070e004000000000000a000affff0000b36c
  135.304 02171e001afc18fc180033002dfc18fc18fc18fc18fc18001500c0001efc18fc18f980
  135.382 1e1000000009120001029e00000000000200000000000000000d24
  135.382 1e10000000090260
  135.459 1e1000140003060000000000008c5f
  135.459 1e1000140003c263
  135.490 1e040000001673ab
  135.552 1e042c00cd00c800ad009c009a00a700a30000ffff0000028a0000000000000000000001e0000000000000001000417143
  135.645 1e04001e00061261
  135.675 1e040c000000000000000000000000cabf
  136.324 0217a7f8000fa80c00070e004000000000000a000affff0000b36c
  136.386 02171e001afc18fc180033002dfc18fc18fc18fc18fc18001500c0001efc18fc18f980
  136.433 0a17b3b00003b3c40003060015001400002990
  136.588 0f1007e4001122001000000000001509060709096705790000000000000000000000000000000000006e99
  136.619 0f1007e400114068
  137.368 0217a7f8000fa80c00070e004000000000000a000affff0000b36c
  137.431 02171e001afc18fc180033002dfc18fc18fc18fc18fc18001500c0001efc18fc18f980
  137.508 1e1000000009120001029e00000000000200000000000000000d24
  137.508 1e10000000090260
  137.585 1e1000140003060000000000008c5f
  137.585 1e1000140003c263
  137.617 1e040000001673ab
  137.680 1e042c00cd00c800ad009c009a00a700a30000ffff0000028a0000000000000000000001e0000000000000001000417143
  137.805 1e04001e00061261
  137.805 1e040c000000000000000000000000cabf
  137.852 0617afc8000cafdc00050a000000000000000000159a75
  137.961 0f03070800064450
  138.007 0f030c0000000000000000000000001d74
  138.458 0217a7f8000fa80c00070e004000000000000a000affff0000b36c
  138.505 02171e001afc18fc180033002dfc18fc18fc18fc18fc18001500c0001efc18fc18f980
  138.600 0f1007f8001122000000000000000000000000000000000000000000000000000000000000000000006fb5
  138.600 0f1007f8001181ae
  139.500 0217a7f8000fa80c00070e004000000000000a000affff0000b36c
  139.563 02171e001afc18fc180033002dfc18fc18fc18fc18fc18001500c0001efc18fc18f980
  139.640 1e1000000009120001029e00000000000200000000000000000d24
  139.640 1e10000000090260
  139.702 1e1000140003060000000000008c5f
  139.702 1e1000140003c263
  139.748 1e040000001673ab
  139.810 1e042c00cd00c800ad009c009a00a700a30000ffff0000028a0000000000000000000001e0000000000000001000417143
  139.935 1e04001e00061261
  139.935 1e040c000000000000000000000000cabf
  140.575 0217a7f8000fa80c00070e004000000000000a000affff0000b36c
  140.637 02171e001afc18fc180033002dfc18fc18fc18fc18fc18001500c0001efc18fc18f980
  140.684 0a17b3b00003b3c40003060015001400002990
  140.871 0f10080c00122400c8000000000000000000000000000000000000000000000000001400000000000000009422
  140.871 0f10080c00128349
  141.616 0217a7f8000fa80c00070e004000000000000a000affff0000b36c
  141.679 02171e001afc18fc180033002dfc18fc18fc18fc18fc18001500c0001efc18fc18f980
  141.758 1e1000000009120001029e00000000000200000000000000000d24
  141.758 1e10000000090260
  141.836 1e1000140003060000000000008c5f
  141.836 1e1000140003c263
  141.867 1e040000001673ab
  141.930 1e042c00cd00c800ad009c009a00a700a30000ffff0000028a0000000000000000000001e0000000000000001000417143
  142.023 1e04001e00061261
  142.054 1e040c000000000000000000000000cabf
  142.116 0617afc8000cafdc00050a000000000000000000159a75
  142.225 0f03070800064450
  142.256 0f030c0000000000000000000000001d74
  142.709 0217a7f8000fa80c00070e004000000000000a000affff0000b36c
  142.756 02171e001afc18fc180033002dfc18fc18fc18fc18fc18001500c0001efc18fc18f980
  142.880 0f10082000122400cd00c800ad009c009a00a700a3028a0000000000000000000001e00010004109670579caac
  142.880 0f10082000124280
  143.748 0217a7f8000fa80c00070e004000000000000a000affff0000b36c
  143.811 02171e001afc18fc180033002dfc18fc18fc18fc18fc18001500c0001efc18fc18f980
  143.888 1e1000000009120001029e00000000000200000000000000000d24
  143.888 1e10000000090260
  143.965 1e1000140003060000000000008c5f
  143.965 1e1000140003c263
  143.997 1e040000001673ab
  144.059 1e042c00cd00c800ad009c009a00a700a30000ffff0000028a0000000000000000000001e0000000000000001000417143
  144.153 1e04001e00061261
  144.183 1e040c000000000000000000000000cabf
  144.836 0217a7f8000fa80c00070e004000000000000a000affff0000b36c
  144.883 02171e001afc18fc180033002dfc18fc18fc18fc18fc18001500c0001efc18fc18f980
  144.945 0a17b3b00003b3c40003060015001400002990
  145.101 0f1008340012240000000000000000000000000000002300800000000000000000015e015e0000000000004194
  145.101 0f10083400120284
  145.877 0217a7f8000fa80c00070e004000000000000a000affff0000b36c
  145.940 02171e001afc18fc180033002dfc18fc18fc18fc18fc18001500c0001efc18fc18f980
  146.019 1e1000000009120001029e00000000000200000000000000000d24
  146.019 1e10000000090260
  146.081 1e1000140003060000000000008c5f
  146.081 1e1000140003c263
  146.128 1e040000001673ab
  146.188 1e042c00cd00c800ad009c009a00a700a30000ffff0000028a0000000000000000000001e0000000000000001000417143
  146.313 1e04001e00061261
  146.313 1e040c000000000000000000000000cabf
  146.360 0617afc8000cafdc00050a000000000000000000159a75
  146.469 0f03070800064450
  146.531 0f030c0000000000000000000000001d74
  146.966 0217a7f8000fa80c00070e004000000000000a000affff0000b36c
  147.012 02171e001afc18fc180033002dfc18fc18fc18fc18fc18001500c0001efc18fc18f980
  147.107 0f10084800172e000000000000000000000000000000000000002f0000000000000031000a0000003b002a0009001c0009001a00004397
  147.138 0f1008480017035f
  148.006 0217a7f8000fa80c00070e004000000000000a000affff0000b36c
  148.052 02171e001afc18fc180033002dfc18fc18fc18fc18fc18001500c0001efc18fc18f980
  148.144 1e1000000009120001029e00000000000200000000000000000d24
  148.144 1e10000000090260
  148.206 1e1000140003060000000000008c5f
  148.206 1e1000140003c263
  148.252 1e040000001673ab
  148.315 1e042c00cd00c800ad009c009a00a700a30000ffff0000028a0000000000000000000001e0000000000000001000417143
  148.440 1e04001e00061261
  148.440 1e040c000000000000000000000000cabf
  149.087 0217a7f8000fa80c00070e004000000000000a000affff0000b36c
  149.134 02171e001afc18fc180033002dfc18fc18fc18fc18fc18001500c0001efc18fc18f980
  149.195 0a17b3b00003b3c40003060015001400002990
  149.319 0f10086400040800000000000000e85637
  149.351 0f1008640004835b
  150.139 0217a7f8000fa80c00070e004000000000000a000affff0000b36c
  150.186 02171e001afc18fc180033002dfc18fc18fc18fc18fc18001500c0001efc18fc18f980
  150.279 1e1000000009120001029e00000000000200000000000000000d24
  150.279 1e10000000090260
  150.341 1e1000140003060000000000008c5f
  150.341 1e1000140003c263
  150.372 1e040000001673ab
  150.449 1e042c00cd00c800ad009c009a00a700a30000ffff0000028a0000000000000000000001e0000000000000001000417143
  150.526 1e04001e00061261
  150.557 1e040c000000000000000000000000cabf
  150.618 0617afc8000cafdc00050a000000000000000000159a75
  150.726 0f03070800064450
  150.773 0f030c0000000000000000000000001d74
  151.221 0217a7f8000fa80c00070e004000000000000a000affff0000b36c
  151.267 02171e001afc18fc180033002dfc18fc18fc18fc18fc18001500c0001efc18fc18f980
  151.345 0f100870001122046c000001f501a701b501a700ca0000000000000000012a05c3785b0000000000002aae
  151.376 0f10087000110290
  152.258 0217a7f8000fa80c00070e004000000000000a000affff0000b36c
  152.320 02171e001afc18fc180033002dfc18fc18fc18fc18fc18001500c0001efc18fc18f980
  152.398 1e1000000009120001029e00000000000200000000000000000d24
  152.398 1e10000000090260
  152.461 1e1000140003060000000000008c5f
  152.461 1e1000140003c263
  152.508 1e040000001673ab
  152.571 1e042c00cd00c800ad009c009a00a700a30000ffff0000028a0000000000000000000001e0000000000000001000417143
  152.663 1e04001e00061261
  152.694 1e040c000000000000000000000000cabf
  153.344 0217a7f8000fa80c00070e004000000000000a000affff0000b36c
  153.407 02171e001afc18fc180033002dfc18fc18fc18fc18fc18001500c0001efc18fc18f980
  153.454 0a17b3b00003b3c40003060015001400002990
  154.461 0f100884003c837f
  154.461 0217a7f8000fa80c00070e004000000000000a000affff0000b36c
  154.461 02171e001afc18fc180033002dfc18fc18fc18fc18fc18001500c0001efc18fc18f980
  154.539 1e1000000009120001029e00000000000200000000000000000d24
  154.539 1e10000000090260
  154.602 1e1000140003060000000000008c5f
  154.602 1e1000140003c263
  154.649 1e040000001673ab
  154.711 1e042c00cd00c800ad009c009a00a700a30000ffff0000028a0000000000000000000001e0000000000000001000417143
  154.835 1e04001e00061261
  154.835 1e040c000000000000000000000000cabf
  154.881 0617afc8000cafdc00050a000000000000000000159a75
  154.992 0f03070800064450
  155.038 0f030c0000000000000000000000001d74
  155.475 0217a7f8000fa80c00070e004000000000000a000affff0000b36c
  155.537 02171e001afc18fc180033002dfc18fc18fc18fc18fc18001500c0001efc18fc18f980
  155.630 0f1007d0001326001a0014ff9c0033002dff9cff9cff9cff9cff9c001500c0001e004000000000000a000a0000bed1
  155.676 0f1007d000138067
  156.527 0217a7f8000fa80c00070e004000000000000a000affff0000b36c
  156.588 02171e001afc18fc180033002dfc18fc18fc18fc18fc18001500c0001efc18fc18f980
  156.666 1e1000000009120001029e00000000000200000000000000000d24
  156.666 1e10000000090260
  156.728 1e1000140003060000000000008c5f
  156.728 1e1000140003c263
  156.775 1e040000001673ab
  156.837 1e042c00cd00c800ad009c009a00a700a30000ffff0000028a0000000000000000000001e0000000000000001000417143
  156.929 1e04001e00061261
  156.960 1e040c000000000000000000000000cabf
  157.618 0217a7f8000fa80c00070e004000000000000a000affff0000b36c
  157.665 02171e001afc18fc180033002dfc18fc18fc18fc18fc18001500c0001efc18fc18f980
  157.712 0a17b3b00003b3c40003060015001400002990
  157.868 0f1007e4001122001000000000001509060709096705790000000000000000000000000000000000006e99
  157.899 0f1007e400114068
  158.663 0217a7f8000fa80c00070e004000000000000a000affff0000b36c
  158.711 02171e001afc18fc180033002dfc18fc18fc18fc18fc18001500c0001efc18fc18f980
  158.804 1e1000000009120001029e00000000000200000000000000000d24
  158.804 1e10000000090260
  158.867 1e1000140003060000000000008c5f
  158.867 1e1000140003c263
  158.913 1e040000001673ab
  158.976 1e042c00cd00c800ad009c009a00a700a30000ffff0000028a0000000000000000000001e0000000000000001000417143
  159.099 1e04001e00061261
  159.099 1e040c000000000000000000000000cabf
  159.145 0617afc8000cafdc00050a000000000000000000159a75
  159.256 0f03070800064450
  159.317 0f030c0000000000000000000000001d74
  159.750 0217a7f8000fa80c00070e004000000000000a000affff0000b36c
  159.796 02171e001afc18fc180033002dfc18fc18fc18fc18fc18001500c0001efc18fc18f980
  159.906 0f1007f8001122000000000000000000000000000000000000000000000000000000000000000000006fb5
  159.906 0f1007f8001181ae
  160.786 0217a7f8000fa80c00070e004000000000000a000affff0000b36c
  160.848 02171e001afc18fc180033002dfc18fc18fc18fc18fc18001500c0001efc18fc18f980
  160.926 1e1000000009120001029e00000000000200000000000000000d24
  160.926 1e10000000090260
  161.003 1e1000140003060000000000008c5f
  161.003 1e1000140003c263
  161.048 1e040000001673ab
  161.111 1e042c00cd00c800ad009c009a00a700a30000ffff0000028a0000000000000000000001e0000000000000001000417143
  161.189 1e04001e00061261
  161.221 1e040c000000000000000000000000cabf
  161.875 0217a7f8000fa80c00070e004000000000000a000affff0000b36c
  161.922 02171e001afc18fc180033002dfc18fc18fc18fc18fc18001500c0001efc18fc18f980
  161.985 0a17b3b00003b3c40003060015001400002990
  162.158 0f10080c00122400c8000000000000000000000000000000000000000000000000001400000000000000009422
  162.158 0f10080c00128349
  162.920 0217a7f8000fa80c00070e004000000000000a000affff0000b36c
  162.966 02171e001afc18fc180033002dfc18fc18fc18fc18fc18001500c0001efc18fc18f980
  163.059 1e1000000009120001029e00000000000200000000000000000d24
  163.059 1e10000000090260
  163.121 1e1000140003060000000000008c5f
  163.121 1e1000140003c263
  163.168 1e040000001673ab
  163.230 1e042c00cc00c800ad009c009b00a700a00000ffff0000028a0000000000000000000001e0000000000000001000412fc3
  163.323 1e04001e00061261
  163.354 1e040c000000000000000000000000cabf
  163.401 0617afc8000cafdc00050a000000000000000000159a75
  163.524 0f03070800064450
  163.555 0f030c0000000000000000000000001d74
  164.008 0217a7f8000fa80c00070e004000000000000a000affff0000b36c
  164.055 02171e001afc18fc180033002dfc18fc18fc18fc18fc18001500c0001efc18fc18f980
  164.147 0f10082000122400cc00c800ad009c009b00a700a0028a0000000000000000000001e000100041096705794c0b
  164.178 0f10082000124280
  165.051 0217a7f8000fa80c00070e004000000000000a000affff0000b36c
  165.114 02171e001afc18fc180033002dfc18fc18fc18fc18fc18001500c0001efc18fc18f980
  165.191 1e1000000009120001029e00000000000200000000000000000d24
  165.191 1e10000000090260
  165.253 1e1000140003060000000000008c5f
  165.253 1e1000140003c263
  165.299 1e040000001673ab
  165.361 1e042c00cc00c800ad009c009b00a700a00000ffff0000028a0000000000000000000001e0000000000000001000412fc3
  165.440 1e04001e00061261
  165.470 1e040c000000000000000000000000cabf
  166.121 0217a7f8000fa80c00070e004000000000000a000affff0000b36c
  166.184 02171e001afc18fc180033002dfc18fc18fc18fc18fc18001500c0001efc18fc18f980
  166.231 0a17b3b00003b3c40003060015001400002990
  166.403 0f1008340012240000000000000000000000000000002300800000000000000000015e015e0000000000004194
  166.403 0f10083400120284
  167.176 0217a7f8000fa80c00070e004000000000000a000affff0000b36c
  167.222 02171e001afc18fc180033002dfc18fc18fc18fc18fc18001500c0001efc18fc18f980
  167.316 1e1000000009120001029e00000000000200000000000000000d24
  167.316 1e10000000090260
  167.377 1e1000140003060000000000008c5f
  167.377 1e1000140003c263
  167.425 1e040000001673ab
  167.486 1e042c00cc00c800ad009c009b00a700a00000ffff0000028a0000000000000000000001e0000000000000001000412fc3
  167.610 1e04001e00061261
  167.610 1e040c000000000000000000000000cabf
  167.658 0617afc8000cafdc00050a000000000000000000159a75
  167.768 0f03070800064450
  167.813 0f030c0000000000000000000000001d74
  168.265 0217a7f8000fa80c00070e004000000000000a000affff0000b36c
  168.311 02171e001afc18fc180033002dfc18fc18fc18fc18fc18001500c0001efc18fc18f980
  168.405 0f10084800172e000000000000000000000000000000000000002f0000000000000031000a00000014002b0009001c0009001a00002c04
  168.436 0f1008480017035f
  169.310 0217a7f8000fa80c00070e004000000000000a000affff0000b36c
  169.357 02171e001afc18fc180033002dfc18fc18fc18fc18fc18001500c0001efc18fc18f980
  169.434 1e1000000009120001029e00000000000200000000000000000d24
  169.434 1e10000000090260
  169.512 1e1000140003060000000000008c5f
  169.512 1e1000140003c263
  169.543 1e040000001673ab
  169.620 1e042c00cc00c800ad009c009b00a700a00000ffff0000028a0000000000000000000001e0000000000000001000412fc3
  169.697 1e04001e00061261
  169.728 1e040c000000000000000000000000cabf
  170.380 0217a7f8000fa80c00070e004000000000000a000affff0000b36c
  170.441 02171e001afc18fc180033002dfc18fc18fc18fc18fc18001500c0001efc18fc18f980
  170.487 0a17b3b00003b3c40003060015001400002990
  170.641 0f10086400040800000000000000e85637
  170.641 0f1008640004835b
  171.436 0217a7f8000fa80c00070e004000000000000a000affff0000b36c
  171.483 02171e001afc18fc180033002dfc18fc18fc18fc18fc18001500c0001efc18fc18f980
  171.576 1e1000000009120001029e00000000000200000000000000000d24
  171.576 1e10000000090260
  171.639 1e1000140003060000000000008c5f
  171.639 1e1000140003c263
  171.685 1e040000001673ab
  171.748 1e042c00cc00c800ad009c009b00a700a00000ffff0000028a0000000000000000000001e0000000000000001000412fc3
  171.872 1e04001e00061261
  171.872 1e040c000000000000000000000000cabf
  171.919 0617afc8000cafdc00050a000000000000000000159a75
  172.025 0f03070800064450
  172.073 0f030c0000000000000000000000001d74
  172.525 0217a7f8000fa80c00070e004000000000000a000affff0000b36c
  172.571 02171e001afc18fc180033002dfc18fc18fc18fc18fc18001500c0001efc18fc18f980
  172.649 0f100870001122046c000001f501a701b501a700ca0000000000000000012a05c3785b0000000000002aae
  172.680 0f10087000110290
  173.566 0217a7f8000fa80c00070e004000000000000a000affff0000b36c
  173.629 02171e001afc18fc180033002dfc18fc18fc18fc18fc18001500c0001efc18fc18f980
  173.706 1e1000000009120001029e00000000000200000000000000000d24
  173.706 1e10000000090260
  173.769 1e1000140003060000000000008c5f
  173.769 1e1000140003c263
  173.814 1e040000001673ab
  173.877 1e042c00cc00c800ad009c009b00a700a00000ffff0000028a0000000000000000000001e0000000000000001000412fc3
  173.970 1e04001e00061261
  174.001 1e040c000000000000000000000000cabf
  174.654 0217a7f8000fa80c00070e004000000000000a000affff0000b36c
  174.701 02171e001afc18fc180033002dfc18fc18fc18fc18fc18001500c0001efc18fc18f980
  174.763 0a17b3b00003b3c40003060015001400002990
  175.794 0217a7f8000fa80c00070e004000000000000a000affff0000b36c
  175.794 02171e001afc18fc180033002dfc18fc18fc18fc18fc18001500c0001efc18fc18f980
  175.794 1e1000000009120001029e00000000000200000000000000000d24
  175.839 1e10000000090260
  175.916 1e1000140003060000000000008c5f
  175.916 1e1000140003c263
  175.948 1e040000001673ab
  176.010 1e042c00cc00c800ad009c009b00a700a00000ffff0000028a0000000000000000000001e0000000000000001000412fc3
  176.134 1e04001e00061261
  176.134 1e040c000000000000000000000000cabf
  176.182 0617afc8000cafdc00050a000000000000000000159a75
  176.291 0f03070800064450
  176.338 0f030c0000000000000000000000001d74
  176.790 0217a7f8000fa80c00070e004000000000000a000affff0000b36c
  176.837 02171e001afc18fc180033002dfc18fc18fc18fc18fc18001500c0001efc18fc18f980
  177.881 0f100884003c837f
  177.881 0217a7f8000fa80c00070e004000000000000a000affff0000b36c
  177.881 02171e001afc18fc180033002dfc18fc18fc18fc18fc18001500c0001efc18fc18f980
  177.960 1e1000000009120001029e00000000000200000000000000000d24
  177.960 1e10000000090260
  178.038 1e1000140003060000000000008c5f
  178.038 1e1000140003c263
  178.069 1e040000001673ab
  178.131 1e042c00cc00c800ad009c009b00a700a00000ffff0000028a0000000000000000000001e0000000000000001000412fc3
  178.225 1e04001e00061261
  178.256 1e040c000000000000000000000000cabf
  178.907 0217a7f8000fa80c00070e004000000000000a000affff0000b36c
  178.953 02171e001afc18fc180033002dfc18fc18fc18fc18fc18001500c0001efc18fc18f980
  179.015 0a17b3b00003b3c40003060015001400002990
  193.555 1e04001600081267
  193.587 1e041000000000000000000000000009060709e751
  193.774 0f1004ba00162c001400000000000000000019002800040007000a001e0001001e0001001e0001000100000000000000280037b494
  194.271 0217a7f8000fa80c00070e00400000000000050005ffff0000186d
  194.317 02171e001afc18fc180032002cfc18fc18fc18fc18fc18001500c0001efc18fc1824cd
  194.364 c803232800025e1e
  194.473 1e030000000d8660
  194.519 1e031a00000000000000000001000000000000000000000000000100021244
  194.581 0617afc8000cafdc00050a0000000000000000003c5bab
  194.753 0f1707300008071c00081007d7b48b01bc0e6267e8976d5445db8844c3
  194.908 0f1004ba00162c001400000000000000000019002800040007000a001e0001001e0001001e0001000100000000000000280037b494
  195.327 0217a7f8000fa80c00070e004000000008003c0005ffff0000d6ae
  195.373 02171e001afc18fc180032002cfc18fc18fc18fc18fc18001500c0001efc18fc1824cd
  195.420 c803232800025e1e
  195.589 0f1004ba00162c001400000000000000000019002800040007000a001e0001001e0001001e0001000100000000000000280037b494
  195.713 0f10085f00050a0000000000000000000032c2
  196.369 0217a7f8000fa80c00070e004000000008003c0005ffff0000d6ae
  196.432 02171e001afc18fc180032002cfc18fc18fc18fc18fc18001500c0001efc18fc1824cd
  196.463 c803232800025e1e
  196.617 1e10000000091200010000000000000001000000000000000086dd
  196.617 1e10000000090260
  196.694 1e1000140003060000000000008c5f
  196.694 1e1000140003c263
  196.726 1e04001600081267
  196.772 1e041000000000000000000000000009060709e751
  196.803 1e040000001673ab
  196.883 1e042c00000000000000000000000000000000000000000032000000000000000000000000000000000000001000212f4f
  196.961 1e04001e00061261
  196.992 1e040c000000000000000000000000cabf
  197.086 0f1004ba00162c001400000000000000000019002800040007000a001e0001001e0001001e0001000100000000000000280037b494
  197.411 0217a7f8000fa80c00070e004000000008003c0005ffff0000d6ae
  197.472 02171e001afc18fc180032002cfc18fc18fc18fc18fc18001500c0001efc18fc1824cd
  197.519 c803232800025e1e
  197.643 0a17b3b00003b3c40003060015001400002990
  197.783 0f1004a6000d1a00000000000000000000000000000000000000004a2000000000ca30
  197.907 0f10085f00050a0000000000000000000032c2
  198.508 0217a7f8000fa80c00070e004000000008003c0005ffff0000d6ae
  198.555 02171e001afc18fc180032002cfc18fc18fc18fc18fc18001500c0001efc18fc1824cd
  198.601 c803232800025e1e
  198.755 1e10000000091200010000000000000001000000000000000086dd
  198.755 1e10000000090260
  198.817 1e1000140003060000000000008c5f
  198.817 1e1000140003c263
  198.863 1e04001600081267
  198.894 1e041000000000000000000000000009060709e751
  198.940 1e040000001673ab
  199.003 1e042c00000000000000000000000000000000000000000032000000000000000000000000000000000000001000212f4f
  199.128 1e04001e00061261
  199.128 1e040c000000000000000000000000cabf
  199.174 0617afc8000cafdc00050a000000000000000000159a75
  199.345 0f1707300008071c000810458378f60515a94cfe904864c3be12d60b36
  199.637 0217a7f8000fa80c00070e004000000008003c0005ffff0000d6ae
  199.684 02171e001afc18fc180032002cfc18fc18fc18fc18fc18001500c0001efc18fc1824cd
  199.730 c803232800025e1e
  199.869 0f1004a6000d1a00000000000000000000000000000000000000004a2000000000ca30
  199.994 0f10085f00050a0000000000000000000032c2
  200.591 0217a7f8000fa80c00070e004000000008003c0005ffff0000d6ae
  200.654 02171e001afc18fc180032002cfc18fc18fc18fc18fc18001500c0001efc18fc1824cd
  200.701 c803232800025e1e
  200.857 1e10000000091200010000000000000001000000000000000086dd
  200.857 1e10000000090260
  200.920 1e1000140003060000000000008c5f
  200.920 1e1000140003c263
  200.952 1e04001600081267
  200.982 1e041000000000000000000000000009060709e751
  201.030 1e040000001673ab
  201.092 1e042c00000000000000000000000000000000000000000032000000000000000000000000000000000000001000212f4f
  201.185 1e04001e00061261
  201.216 1e040c000000000000000000000000cabf
  201.277 0f1004a6000d1a00000000000000000000000000000000000000004a2000000000ca30
  201.649 0217a7f8000fa80c00070e004000000008003c0005ffff0000d6ae
  201.695 02171e001afc18fc180032002cfc18fc18fc18fc18fc18001500c0001efc18fc1824cd
  201.742 c803232800025e1e
  201.867 0a17b3b00003b3c40003060015001400002990
  202.008 0f1004a6000d1a00000000000000000000000000000000000000004a2000000000ca30
  202.132 0f10085f00050a0000000000000000000032c2
  202.732 0217a7f8000fa80c00070e004000000008003c0005ffff0000d6ae
  202.779 02171e001afc18fc180032002cfc18fc18fc18fc18fc18001500c0001efc18fc1824cd
  202.826 c803232800025e1e
  202.981 1e10000000091200010000000000000001000000000000000086dd
  202.981 1e10000000090260
  203.042 1e1000140003060000000000008c5f
  203.042 1e1000140003c263
  203.073 1e04001600081267
  203.120 1e041000000000000000000000000009060709e751
  203.151 1e040000001673ab
  203.229 1e042c00000000000000000000000000000000000000000032000000000000000000000000000000000000001000212f4f
  203.306 1e04001e00061261
  203.338 1e040c000000000000000000000000cabf
  203.400 0617afc8000cafdc00050a000000000000000000159a75
  203.556 0f1707300008071c000810eed616aab8a2c0d8cd8208b7e9e78992f862
  203.852 0217a7f8000fa80c00070e004000000008003c0005ffff0000d6ae
  203.914 02171e001afc18fc180032002cfc18fc18fc18fc18fc18001500c0001efc18fc1824cd
  203.946 c803232800025e1e
  204.086 0f1004a6000d1a00000000000000000000000000000000000000004a2000000000ca30
  204.211 0f10085f00050a0000000000000000000032c2
  204.818 0217a7f8000fa80c00070e004000000008003c000affff000082af
  204.865 02171e001afc18fc180032002cfc18fc18fc18fc18fc18001500c0001efc18fc1824cd
  204.911 c803232800025e1e
  205.066 1e10000000091200010000000000000001000000000000000086dd
  205.066 1e10000000090260
  205.143 1e1000140003060000000000008c5f
  205.143 1e1000140003c263
  205.174 1e04001600081267
  205.205 1e041000000000000000000000000009060709e751
  205.252 1e040000001673ab
  205.314 1e042c00000000000000000000000000000000000000000032000000000000000000000000000000000000001000212f4f
  205.438 1e04001e00061261
  205.438 1e040c000000000000000000000000cabf
  205.500 0f1004a6000d1a00000000000000000000000000000000000000004a2000000000ca30
  205.855 0217a7f8000fa80c00070e004000000008003c000affff000082af
  205.917 02171e001afc18fc180032002cfc18fc18fc18fc18fc18001500c0001efc18fc1824cd
  205.964 c803232800025e1e
  206.088 0a17b3b00003b3c40003060015001400002990
  206.228 0f1004a6000d1a00000000000000000000000000000000000000004a2000000000ca30
  206.354 0f10085f00050a0000000000000000000032c2
  206.940 0217a7f8000fa80c00070e004000000008003c000affff000082af
  207.001 02171e001afc18fc180032002cfc18fc18fc18fc18fc18001500c0001efc18fc1824cd
  207.048 c803232800025e1e
  207.203 1e10000000091200010000000000000001000000000000000086dd
  207.203 1e10000000090260
  207.265 1e1000140003060000000000008c5f
  207.265 1e1000140003c263
  207.297 1e04001600081267
  207.329 1e041000000000000000000000000009060709e751
  207.376 1e040000001673ab
  207.438 1e042c00000000000000000000000000000000000000000032000000000000000000000000000000000000001000212f4f
  207.531 1e04001e00061261
  207.562 1e040c000000000000000000000000cabf
  207.623 0617afc8000cafdc00050a000000000000000000159a75
  207.778 0f1707300008071c000810aa06e4339ba4baa9777097cb2941e5f941a0
  208.071 0217a7f8000fa80c00070e004000000008003c000affff000082af
  208.134 02171e001afc18fc180032002cfc18fc18fc18fc18fc18001500c0001efc18fc1824cd
  208.165 c803232800025e1e
  208.302 0f1004a6000d1a00000000000000000000000000000000000000004a2000000000ca30
  208.428 0f10085f00050a0000000000000000000032c2
  209.037 0217a7f8000fa80c00070e004000000008003c000affff000082af
  209.083 02171e001afc18fc180032002cfc18fc18fc18fc18fc18001500c0001efc18fc1824cd
  209.131 c803232800025e1e
  209.283 1e10000000091200010000000000000001000000000000000086dd
  209.283 1e10000000090260
  209.361 1e1000140003060000000000008c5f
  209.361 1e1000140003c263
  209.392 1e04001600081267
  209.438 1e041000000000000000000000000009060709e751
  209.469 1e040000001673ab
  209.532 1e042c00000000000000000000000000000000000000000032000000000000000000000000000000000000001000212f4f
  209.625 1e04001e00061261
  209.656 1e040c000000000000000000000000cabf
  209.733 0f1004a6000d1a00000000000000000000000000000000000000004a2000000000ca30
  210.078 0217a7f8000fa80c00070e004000000008003c000affff000082af
  210.139 02171e001afc18fc180032002cfc18fc18fc18fc18fc18001500c0001efc18fc1824cd
  210.185 c803232800025e1e
  210.310 0a17b3b00003b3c40003060015001400002990
  210.449 0f1004a6000d1a00000000000000000000000000000000000000004a2000000000ca30
  210.577 0f10085f00050a0000000000000000000032c2
  211.167 0217a7f8000fa80c00070e004000000008003c000affff000082af
  211.228 02171e001afc18fc180032002cfc18fc18fc18fc18fc18001500c0001efc18fc1824cd
  211.259 c803232800025e1e
  211.416 1e10000000091200010000000000000001000000000000000086dd
  211.416 1e10000000090260
  211.478 1e1000140003060000000000008c5f
  211.478 1e1000140003c263
  211.524 1e04001600081267
  211.555 1e041000000000000000000000000009060709e751
  211.601 1e040000001673ab
  211.663 1e042c00000000000000000000000000000000000000000032000000000000000000000000000000000000001000212f4f
  211.789 1e04001e00061261
  211.789 1e040c000000000000000000000000cabf
  211.836 0617afc8000cafdc00050a000000000000000000159a75
  212.007 0f1707300008071c000810c10f6f612d0c170959f77861d9487eee142c
  212.301 0217a7f8000fa80c00070e004000000008003c000affff000082af
  212.348 02171e001afc18fc180032002cfc18fc18fc18fc18fc18001500c0001efc18fc1824cd
  212.394 c803232800025e1e
  212.533 0f1004a6000d1a00000000000000000000000000000000000000004a2000000000ca30
  212.659 0f10085f00050a0000000000000000000032c2
  213.250 0217a7f8000fa80c00070e004000000008003c000affff000082af
  213.311 02171e001afc18fc180032002cfc18fc18fc18fc18fc18001500c0001efc18fc1824cd
  213.359 c803232800025e1e
  213.513 1e10000000091200010000000000000001000000000000000086dd
  213.513 1e10000000090260
  213.576 1e1000140003060000000000008c5f
  213.576 1e1000140003c263
  213.622 1e04001600081267
  213.653 1e041000000000000000000000000009060709e751
  213.699 1e040000001673ab
  213.761 1e042c0000000000000000000000000000000000000000003200000000000000000000000000000000000000180021ae8d
  213.869 1e04001e00061261
  213.869 1e040c000000000000000000000000cabf
  213.947 0f1004a6000d1a00000000000000000000000000000000000000004a2000000000ca30
  214.303 0217a7f8000fa80c00070e004000000008003c000affff000082af
  214.350 02171e001afc18fc180032002cfc18fc18fc18fc18fc18001500c0001efc18fc1824cd
  214.396 c803232800025e1e
  214.521 0a17b3b00003b3c40003060015001400002990
  214.660 0f1004a6000d1a00000000000000000000000000000000000000004a2000000000ca30
  214.783 0f10085f00050a0000000000000000000032c2
  215.389 0217a7f8000fa80c00070e004000000008003c000affff000082af
  215.435 02171e001afc18fc180032002cfc18fc18fc18fc18fc18001500c0001efc18fc1824cd
  215.529 1e10000000091200010000000000000001000000000000000086dd
  215.529 1e10000000090260
  215.591 1e1000140003060000000000008c5f
  215.591 1e1000140003c263
  215.622 1e04001600081267
  215.668 1e04100000000003e80065000000000906070909a4
  215.699 1e040000001673ab
  215.777 1e042c00ce00ca00ad009c009b00a700a00000ffff000000320000000000000000000001e000000000000000180021c62f
  215.855 1e04001e00061261
  215.887 1e040c000000000000000000000000cabf
  215.948 0617afc8000cafdc00050a000000000000000000159a75
  216.102 0f1707300008071c00081046cdf670be0696bdbcd53d10f154bcc900e7
  216.256 0f1004a6000d1a00000000000000000000000000000000000000004a2000000000ca30
  216.537 0217a7f8000fa80c00070e004000000008003c000affff000082af
  216.600 02171e001afc18fc180032002cfc18fc18fc18fc18fc18001500c0001efc18fc1824cd
  216.663 0f1004a6000d1a00000000000000000000000000000000000000004a2000000000ca30
  216.787 0f10085f00050a0000000000000000000032c2
  217.516 0217a7f8000fa80c00070e004000000008003c000affff000082af
  217.563 02171e001afc18fc180032002cfc18fc18fc18fc18fc18001500c0001efc18fc1824cd
  217.657 1e10000000091200010000000000000001000000000000000086dd
  217.657 1e10000000090260
  217.720 1e1000140003060000000000008c5f
  217.720 1e1000140003c263
  217.765 1e04001600081267
  217.796 1e04100000000003e80065000000000906070909a4
  217.844 1e040000001673ab
  217.906 1e042c00ce00ca00ad009c009b00a700a00000ffff000000320000000000000000000001e000000000000000180021c62f
  218.015 1e04001e00061261
  218.015 1e040c000000000000000000000000cabf
  218.092 0f1004a6000d1a00000000000000000000000000000000000000004a2000000000ca30
  218.560 0217a7f8000fa80c00070e004000000008003c000affff000082af
  218.621 02171e001afc18fc180032002cfc18fc18fc18fc18fc18001500c0001efc18fc1824cd
  218.668 0a17b3b00003b3c40003060015001400002990
  218.807 0f1004a6000d1a00000000000000000000000000000000000000004a2000000000ca30
  218.933 0f10085f00050a0000000000000000000032c2
  219.611 0217a7f8000fa80c00070e004000000008003c000affff000082af
  219.658 02171e001afc18fc180032002cfc18fc18fc18fc18fc18001500c0001efc18fc1824cd
  219.752 1e10000000091200010000000000000001000000000000000086dd
  219.752 1e10000000090260
  219.814 1e1000140003060000000000008c5f
  219.814 1e1000140003c263
  219.861 1e04001600081267
  219.892 1e04100000000003e80065000000000906070909a4
  219.939 1e040000001673ab
  220.001 1e042c00ce00ca00ad009c009b00a700a00000ffff000000320000000000000000000001e000000000000000180021c62f
  220.125 1e04001e00061261
  220.125 1e040c000000000000000000000000cabf
  220.172 0617afc8000cafdc00050a000000000000000000159a75
  220.343 0f1707300008071c0008103871c09c5e739e89e5a349ec54a96349f8c8
  220.483 0f1004a6000d1a00000000000000000000000000000000000000004a2000000000ca30
  220.779 0217a7f8000fa80c00070e004000000008003c000affff000082af
  220.826 02171e001afc18fc180032002cfc18fc18fc18fc18fc18001500c0001efc18fc1824cd
  220.904 0f1004a6000d1a00000000000000000000000000000000000000004a2000000000ca30
  221.029 0f10085f00050a0000000000000000000032c2
  221.744 0217a7f8000fa80c00070e004000000008003c000affff000082af
  221.791 02171e001afc18fc180032002cfc18fc18fc18fc18fc18001500c0001efc18fc1824cd
  221.883 1e10000000091200010000000000000001000000000000000086dd
  221.883 1e10000000090260
  221.945 1e1000140003060000000000008c5f
  221.945 1e1000140003c263
  222.023 1e04001600081267
  222.023 1e04100000000003e80065000000000906070909a4
  222.054 1e040000001673ab
  222.133 1e042c00ce00ca00ad009c009b00a700a00000ffff000000320000000000000000000001e000000000000000180021c62f
  222.211 1e04001e00061261
  222.242 1e040c000000000000000000000000cabf
  222.319 0f1004a6000d1a00000000000000000000000000000000000000004a2000000000ca30
  222.786 0217a7f8000fa80c00070e004000000008003c000affff000082af
  222.848 02171e001afc18fc180032002cfc18fc18fc18fc18fc18001500c0001efc18fc1824cd
  222.894 0a17b3b00003b3c40003060015001400002990
  223.036 0f1004a6000d1a00000000000000000000000000000000000000004a2000000000ca30
  223.161 0f10085f00050a0000000000000000000032c2
  223.845 0217a7f8000fa80c00070e004000000008003c000affff000082af
  223.892 02171e0019fc18fc180032002cfc18fc18fc18fc18fc18001500c0001efc18fc1864cf
  223.971 1e10000000091200010000000000000001000000000000000086dd
  223.971 1e10000000090260
  224.048 1e1000140003060000000000008c5f
  224.048 1e1000140003c263
  224.079 1e04001600081267
  224.126 1e04100000000003e80065000000000906070909a4
  224.157 1e040000001673ab
  224.236 1e042c00ce00ca00ad009c009b00a700a00000ffff000000320000000000000000000001e000000000000000180021c62f
  224.314 1e04001e00061261
  224.345 1e040c000000000000000000000000cabf
  224.409 0617afc8000cafdc00050a000000000000000000159a75
  224.564 0f1707300008071c000810243da77b1d29f152171882a25da3c2a4308c
  224.702 0f1004a6000d1a00000000000000000000000000000000000000004a2000000000ca30
  224.997 0217a7f8000fa80c00070e004000000008003c000affff000082af
  225.060 02171e0019fc18fc180032002cfc18fc18fc18fc18fc18001500c0001efc18fc1864cf
  225.122 0f1004a6000d1a00000000000000000000000000000000000000004a2000000000ca30
  225.246 0f10085f00050a0000000000000000000032c2
  225.978 0217a7f8000fa80c00070e004000000008003c000affff000082af
  226.026 02171e0019fc18fc180032002cfc18fc18fc18fc18fc18001500c0001efc18fc1864cf
  226.103 1e10000000091200010000000000000001000000000000000086dd
  226.103 1e10000000090260
  226.181 1e1000140003060000000000008c5f
  226.181 1e1000140003c263
  226.212 1e04001600081267
  226.258 1e04100000000003e80065000000000906070909a4
  226.289 1e040000001673ab
  226.366 1e042c00f200d600ad009c009b00a700a00000ffff000000320000000000000000000001e000000000000000180021ef0e
  226.443 1e04001e00061261
  226.474 1e040c000000000000000000000000cabf
  226.553 0f1004a6000d1a00000000000000000000000000000000000000004a2000000000ca30
  227.022 0217a7f8000fa80c00070e004000000008003c000affff000082af
  227.069 02171e0019fc18fc180032002cfc18fc18fc18fc18fc18001500c0001efc18fc1864cf
  227.133 0a17b3b00003b3c40003060015001400002990
  227.271 0f1004a6000d1a00000000000000000000000000000000000000004a2000000000ca30
  227.395 0f10085f00050a0000000000000000000032c2
  228.061 0217a7f8000fa80c00070e004000000008003c000affff000082af
  228.123 02171e0019fc18fc180032002cfc18fc18fc18fc18fc18001500c0001efc18fc1864cf
  228.201 1e10000000091200010000000000000001000000000000000086dd
  228.201 1e10000000090260
  228.279 1e1000140003060000000000008c5f
  228.279 1e1000140003c263
  228.310 1e04001600081267
  228.341 1e04100000000003e80065000000000906070909a4
  228.388 1e040000001673ab
  228.448 1e042c00f200d600ad009c009b00a700a00000ffff000000320000000000000000000001e000000000000000180021ef0e
  228.540 1e04001e00061261
  228.571 1e040c000000000000000000000000cabf
  228.633 0617afc8000cafdc00050a000000000000000000159a75
  228.787 0f1707300008071c0008106f69c31476c51f66c3e487bd3bc109f9607d
  228.924 0f1004a6000d1a00000000000000000000000000000000000000004a2000000000ca30
  229.218 0217a7f8000fa80c00070e004000000008003c000affff000082af
  229.280 02171e0019fc18fc180032002cfc18fc18fc18fc18fc18001500c0001efc18fc1864cf
  229.357 0f1004a6000d1a00000000000000000000000000000000000000004a2000000000ca30
  229.480 0f10085f00050a0000000000000000000032c2
  230.193 0217a7f8000fa80c00070e004000000008003c000affff000082af
  230.255 02171e0019fc18fc180032002cfc18fc18fc18fc18fc18001500c0001efc18fc1864cf
  230.334 1e10000000091200010000000000000001000000000000000086dd
  230.334 1e10000000090260
  230.396 1e1000140003060000000000008c5f
  230.396 1e1000140003c263
  230.442 1e04001600081267
  230.472 1e04100000000003e80065000000000906070909a4
  230.519 1e040000001673ab
  230.582 1e042c00f200d600ad009c009b00a700a00000ffff000000320000000000000000000001e000000000000000180021ef0e
  230.659 1e04001e00061261
  230.690 1e040c000000000000000000000000cabf
  230.768 0f1004a6000d1a00000000000000000000000000000000000000004a2000000000ca30
  231.236 0217a7f8000fa80c00070e004000000008003c000affff000082af
  231.298 02171e0019fc18fc180032002cfc18fc18fc18fc18fc18001500c0001efc18fc1864cf
  231.345 0a17b3b00003b3c40003060015001400002990
  231.499 0f1004a6000d1a00000000000000000000000000000000000000004a2000000000ca30
  231.622 0f10085f00050a0000000000000000000032c2
  232.292 0217a7f8000fa80c00070e004000000008003c000affff000082af
  232.355 02171e0019fc18fc180032002cfc18fc18fc18fc18fc18001500c0001efc18fc1864cf
  232.433 1e10000000091200010000000000000001000000000000000086dd
  232.433 1e10000000090260
  232.495 1e1000140003060000000000008c5f
  232.495 1e1000140003c263
  232.526 1e04001600081267
  232.572 1e04100000000003e80065000000000906070909a4
  232.602 1e040000001673ab
  232.681 1e042c00f200d600ad009c009b00a700a00000ffff000000320000000000000000000001e000000000000000180021ef0e
  232.758 1e04001e00061261
  232.789 1e040c000000000000000000000000cabf
  232.851 0617afc8000cafdc00050a000000000000000000159a75
  233.005 0f1707300008071c000810f4ad9915e27fa5ec8a5e4eef8770c9f378df
  233.160 0f1004a6000d1a00000000000000000000000000000000000000004a2000000000ca30
  233.454 0217a7f8000fa80c00070e004000000008003c000affff000082af
  233.501 02171e0018fc18fc180032002cfc18fc18fc18fc18fc18001500c0001efc18fc18a4ce
  233.578 0f1004a6000d1a00000000000000000000000000000000000000004a2000000000ca30
  233.703 0f10085f00050a0000000000000000000032c2
  234.418 0217a7f8000fa80c00070e004000000008003c000affff000082af
  234.464 02171e0018fc18fc180032002cfc18fc18fc18fc18fc18001500c0001efc18fc18a4ce
  234.558 1e10000000091200010000000000000001000000000000000086dd
  234.558 1e10000000090260
  234.620 1e1000140003060000000000008c5f
  234.620 1e1000140003c263
  234.667 1e04001600081267
  234.698 1e04100000000003e80065000000000906070909a4
  234.743 1e040000001673ab
  234.805 1e042c00f200d600ad009c009b00a700a00000ffff000000320000000000000000000001e000000000000000180021ef0e
  234.931 1e04001e00061261
  234.931 1e040c000000000000000000000000cabf
  234.994 0f1004a6000d1a00000000000000000000000000000000000000004a2000000000ca30
  235.462 0217a7f8000fa80c00070e004000000008003c000affff000082af
  235.510 02171e0018fc18fc180032002cfc18fc18fc18fc18fc18001500c0001efc18fc18a4ce
  235.573 0a17b3b00003b3c40003060015001400002990
  235.712 0f1004a6000d1a00000000000000000000000000000000000000004a2000000000ca30
  235.836 0f10085f00050a0000000000000000000032c2
  236.508 0217a7f8000fa80c00070e004000000008003c000affff000082af
  236.570 02171e0018fc18fc180032002cfc18fc18fc18fc18fc18001500c0001efc18fc18a4ce
  236.648 1e10000000091200010000000000000001000000000000000086dd
  236.648 1e10000000090260
  236.726 1e1000140003060000000000008c5f
  236.726 1e1000140003c263
  236.757 1e04001600081267
  236.788 1e04100000000003e80065000000000906070909a4
  236.835 1e040000001673ab
  236.896 1e042c00ed00ee00ad009c009b00a700a00000ffff000000320000000000000000000001e0000000000000001800211141
  237.021 1e04001e00061261
  237.021 1e040c000000000000000000000000cabf
  237.067 0617afc8000cafdc00050a000000000000000000159a75
  237.238 0f1707300008071c00081076ece096ce4251b60823ee622a7cedd96252
  237.378 0f1004a6000d1a00000000000000000000000000000000000000004a2000000000ca30
  237.670 0217a7f8000fa80c00070e004000000008003c000affff000082af
  237.717 02171e0018fc18fc180032002cfc18fc18fc18fc18fc18001500c0001efc18fc18a4ce
  237.795 0f1004a6000d1a00000000000000000000000000000000000000004a2000000000ca30
  237.919 0f10085f00050a0000000000000000000032c2
  238.635 0217a7f8000fa80c00070e004000000008003c000affff000082af
  238.697 02171e0018fc18fc180032002cfc18fc18fc18fc18fc18001500c0001efc18fc18a4ce
  238.774 1e10000000091200010000000000000001000000000000000086dd
  238.774 1e10000000090260
  238.852 1e1000140003060000000000008c5f
  238.852 1e1000140003c263
  238.882 1e04001600081267
  238.929 1e04100000000003e80065000000000906070909a4
  238.960 1e040000001673ab
  239.036 1e042c00ed00ee00ad009c009b00a700a00000ffff000000320000000000000000000001e0000000000000001800211141
  239.114 1e04001e00061261
  239.145 1e040c000000000000000000000000cabf
  239.222 0f1004a6000d1a00000000000000000000000000000000000000004a2000000000ca30
  239.686 0217a7f8000fa80c00070e004000000008003c000affff000082af
  239.748 02171e0018fc18fc180032002cfc18fc18fc18fc18fc18001500c0001efc18fc18a4ce
  239.793 0a17b3b00003b3c40003060015001400002990
  239.932 0f1004a6000d1a00000000000000000000000000000000000000004a2000000000ca30
  240.056 0f10085f00050a0000000000000000000032c2
  240.744 0217a7f8000fa80c00070e004000000008003c000affff000082af
  240.791 02171e0017fc18fc180032002cfc18fc18fc18fc18fc18001500c0001efc18fc18e4c5
  240.869 1e10000000091200010000000000000001000000000000000086dd
  240.869 1e10000000090260
  240.946 1e1000140003060000000000008c5f
  240.946 1e1000140003c263
  240.977 1e04001600081267
  241.008 1e04100000000003e80065000000000906070909a4
  241.056 1e040000001673ab
  241.117 1e042c00ed00ee00ad009c009b00a700a00000ffff000000320000000000000000000001e0000000000000001800211141
  241.241 1e04001e00061261
  241.241 1e040c000000000000000000000000cabf
  241.288 0617afc8000cafdc00050a000000000000000000159a75
  241.459 0f1707300008071c0008103304d91ed7c75813bb02f65b9a623fb12dac
  241.599 0f1004a6000d1a00000000000000000000000000000000000000004a2000000000ca30
  241.895 0217a7f8000fa80c00070e004000000008003c000affff000082af
  241.941 02171e0017fc18fc180032002cfc18fc18fc18fc18fc18001500c0001efc18fc18e4c5
  242.019 0f1004a6000d1a00000000000000000000000000000000000000004a2000000000ca30
  242.145 0f10085f00050a0000000000000000000032c2
  242.873 0217a7f8000fa80c00070e004000000008003c000affff000082af
  242.919 02171e0017fc18fc180032002cfc18fc18fc18fc18fc18001500c0001efc18fc18e4c5
  242.995 1e10000000091200010000000000000001000000000000000086dd
  242.995 1e10000000090260
  243.071 1e1000140003060000000000008c5f
  243.071 1e1000140003c263
  243.102 1e04001600081267
  243.149 1e04100000000003e80065000000000906070909a4
  243.180 1e040000001673ab
  243.243 1e042c00ed00ee00ad009c009b00a700a00000ffff000000320000000000000000000001e0000000000000001800211141
  243.337 1e04001e00061261
  243.368 1e040c000000000000000000000000cabf
  243.431 0f1004a6000d1a00000000000000000000000000000000000000004a2000000000ca30
  243.908 0217a7f8000fa80c00070e004000000008003c000affff000082af
  243.969 02171e0017fc18fc180032002cfc18fc18fc18fc18fc18001500c0001efc18fc18e4c5
  244.016 0a17b3b00003b3c40003060015001400002990
  244.156 0f1004a6000d1a00000000000000000000000000000000000000004a2000000000ca30
  244.295 0f10085f00050a0000000000000000000032c2
  244.961 0217a7f8000fa80c00070e004000000008003c000affff000082af
  245.024 02171e0017fc18fc180032002cfc18fc18fc18fc18fc18001500c0001efc18fc18e4c5
  245.101 1e10000000091200010000000000000001000000000000000086dd
  245.101 1e10000000090260
  245.162 1e1000140003060000000000008c5f
  245.162 1e1000140003c263
  245.208 1e04001600081267
  245.239 1e04100000000003e80065000000000906070909a4
  245.285 1e040000001673ab
  245.347 1e042c00ed00ee00ad009c009b00a700a00000ffff000000320000000000000000000001e0000000000000001800211141
  245.470 1e04001e00061261
  245.470 1e040c000000000000000000000000cabf
  245.516 0617afc8000cafdc00050a000000000000000000159a75
  245.687 0f1707300008071c000810dc8951bcca5b52b575f155a03c1dc3bedfe7
  245.827 0f1004a6000d1a00000000000000000000000000000000000000004a2000000000ca30
  246.121 0217a7f8000fa80c00070e004000000008003c000affff000082af
  246.168 02171e0017fc18fc180032002cfc18fc18fc18fc18fc18001500c0001efc18fc18e4c5
  246.246 0f1004a6000d1a00000000000000000000000000000000000000004a2000000000ca30
  246.371 0f10085f00050a0000000000000000000032c2
  247.083 0217a7f8000fa80c00070e004000000008003c000affff000082af
  247.146 02171e0017fc18fc180032002cfc18fc18fc18fc18fc18001500c0001efc18fc18e4c5
  247.224 1e10000000091200010000000000000001000000000000000086dd
  247.224 1e10000000090260
  247.300 1e1000140003060000000000008c5f
  247.300 1e1000140003c263
  247.331 1e04001600081267
  247.377 1e04100967057903e80065077003e90906070922e1
  247.409 1e040000001673ab
  247.487 1e042c00e700ee00ad009c009b00a700a00000ffff000000320000000000000000000001e000000000000000180021834c
  247.564 1e04001e00061261
  247.594 1e040c000000000000000000000000cabf
  247.672 0f1004a6000d1a00000000000000000000000000000000000000004a2000000000ca30
  248.138 0217a7f8000fa80c00070e004000000008003c000affff000082af
  248.184 02171e0017fc18fc180032002cfc18fc18fc18fc18fc18001500c0001efc18fc18e4c5
  248.247 0a17b3b00003b3c40003060015001400002990
  248.388 0f1004a6000d1a00000000000000000000000000000000000000004a2000000000ca30
  248.511 0f10085f00050a0000000000000000000032c2
  249.178 0217a7f8000fa80c00070e004000000008003c000affff000082af
  249.239 02171e0017fc18fc180032002cfc18fc18fc18fc18fc18001500c0001efc18fc18e4c5
  249.316 1e10000000091200010000000000000001000000000000000086dd
  249.316 1e10000000090260
  249.378 1e1000140003060000000000008c5f
  249.378 1e1000140003c263
  249.424 1e040000001673ab
  249.486 1e042c00e700e200ad009c009b00a700a00000ffff000000320000000000000000000001e000000000000000180021add0
  249.610 1e04001e00061261
  249.610 1e040c000000000000000000000000cabf
  249.656 0617afc8000cafdc00050a000000000000000000159a75
  249.826 0f1707300008071c000810f450c99ef98f2a753f737810f0098ade3aa6
  249.968 0f1004a6000d1a00000000000000000000000000000000000000004a2000000000ca30
  250.278 0217a7f8000fa80c00070e0040000000080005000affff00002bac
  250.325 02171e0017fc18fc180032002cfc18fc18fc18fc18fc18001500c0001efc18fc18e4c5
  250.403 0f1004a6000d1a00000000000000000000000000000000000000004a2000000000ca30
  250.527 0f10085f00050a0000000000000000000032c2
  251.322 0217a7f8000fa80c00070e0040000000280005000affff0000b26d
  251.383 02171e0017fc18fc180032002cfc18fc18fc18fc18fc18001500c0001efc18fc18e4c5
  251.461 1e10000000091200010000000000000001000000000000000086dd
  251.461 1e10000000090260
  251.570 1e1000140003060000000000008c5f
  251.570 1e1000140003c263
  251.570 1e040000001673ab
  251.633 1e042c00e700e200ad009c009b00a700a00000ffff000000320000000000000000000001e000000000000000180021add0
  251.756 1e04001e00061261
  251.756 1e040c000000000000000000000000cabf
  251.819 0f1004a6000d1a00000000000000000000000000000000000000004a2000000000ca30
  252.376 0217a7f8000fa80c00070e0040000000280005000affff0000b26d
  252.422 02171e0018fc18fc180032002cfc18fc18fc18fc18fc18001500c0001efc18fc18a4ce
  252.484 0a17b3b00003b3c40003060015001400002990
  252.622 0f1004a6000d1a00000000000000000000000000000000000000004a2000000000ca30
  252.746 0f10085f00050a0000000000000000000032c2
  253.412 0217a7f8000fa80c00070e0040000000280005000affff0000b26d
  253.474 02171e0018fc18fc180032002cfc18fc18fc18fc18fc18001500c0001efc18fc18a4ce
  253.551 1e10000000091200010000000000000001000000000000000086dd
  253.551 1e10000000090260
  253.629 1e1000140003060000000000008c5f
  253.629 1e1000140003c263
  253.660 1e040000001673ab
  253.722 1e042c00e700e200ad009c009b00a700a00000ffff000000320000000000000000000001e0000000000000001000212c12
  253.845 1e04001e00061261
  253.845 1e040c000000000000000000000000cabf
  253.892 0617afc8000cafdc00050a0010000000000000001557b5
  254.061 0f1707300008071c0008108dd40405a3578691479b1e912ba666b1701f
  254.201 0f1004a6000d1a00000000000000000000000000000000000000004a2000000000ca30
  254.498 0217a7f8000fa80c00070e0040000000280005000affff0000b26d
  254.560 02171e0018fc18fc180032002cfc18fc18fc18fc18fc18001500c0001efc18fc18a4ce
  254.623 0f1004a6000d1a00000000000000000000000000000000000000004a2000000000ca30
  254.746 0f10085f00050a0000000000000000000032c2
  255.509 0217a7f8000fa80c00070e0040000000280005000affff0000b26d
  255.556 02171e0018fc18fc180032002cfc18fc18fc18fc18fc18001500c0001efc18fc18a4ce
  255.648 1e10000000091200010000000000000001000000000000000086dd
  255.648 1e10000000090260
  255.710 1e1000140003060000000000008c5f
  255.710 1e1000140003c263
  255.757 1e040000001673ab
  255.819 1e042c00e700e200ad009c009b00a700a00000ffff000000320000000000000000000001e0000000000000001000212c12
  255.944 1e04001e00061261
  255.944 1e040c000000000000000000000000cabf
  256.007 0f1004a6000d1a00000000000000000000000000000000000000004a2000000000ca30
  256.539 0217a7f8000fa80c00070e0040000000280005000affff0000b26d
  256.585 02171e0018fc18fc180032002cfc18fc18fc18fc18fc18001500c0001efc18fc18a4ce
  256.647 0a17b3b00003b3c40003060015001400002990
  256.787 0f1004a6000d1a00000000000000000000000000000000000000004a2000000000ca30
  256.911 0f10085f00050a0000000000000000000032c2
  257.577 0217a7f8000fa80c00070e0040000000280005000affff0000b26d
  257.623 02171e0018fc18fc180032002cfc18fc18fc18fc18fc18001500c0001efc18fc18a4ce
  257.716 1e10000000091200010000000000000001000000000000000086dd
  257.716 1e10000000090260
  257.778 1e1000140003060000000000008c5f
  257.778 1e1000140003c263
  257.825 1e040000001673ab
  257.887 1e042c00e700e200ad009c009b00a700a00000ffff000000320000000000000000000001e0000000000000001000212c12
  257.964 1e04001e00061261
  257.996 1e040c000000000000000000000000cabf
  258.057 0617afc8000cafdc00050a0010000000000000001557b5
  258.213 0f1707300008071c0008109f06acb843385d6cdc86a3a0e636b7cd4fcf
  258.367 0f1004a6000d1a00000000000000000000000000000000000000004a2000000000ca30
  258.649 0217a7f8000fa80c00070e0040000000280005000affff0000b26d
  258.712 02171e0018fc18fc180032002cfc18fc18fc18fc18fc18001500c0001efc18fc18a4ce
  258.774 0f1004a6000d1a00000000000000000000000000000000000000004a2000000000ca30
  258.897 0f10085f00050a0000000000000000000032c2
  259.693 0217a7f8000fa80c00070e0040000000280005000affff0000b26d
  259.741 02171e0018fc18fc180032002cfc18fc18fc18fc18fc18001500c0001efc18fc18a4ce
  259.834 1e10000000091200010000000000000001000000000000000086dd
  259.834 1e10000000090260
  259.896 1e1000140003060000000000008c5f
  259.896 1e1000140003c263
  259.942 1e040000001673ab
  260.003 1e042c00e900e300ae009c009b00a800a30000ffff000000320000000000000000000001e0000000000000001000217d52
  260.097 1e04001e00061261
  260.127 1e040c000000000000000000000000cabf
  260.190 0f1004a6000d1a00000000000000000000000000000000000000004a2000000000ca30
  260.781 0217a7f8000fa80c00070e004000000028000a000affff00004d6d
  260.828 02171e0018fc18fc180032002cfc18fc18fc18fc18fc18001500c0001efc18fc18a4ce
  260.889 0a17b3b00003b3c40003060015001400002990
  261.026 0f1004a6000d1a00000000000000000000000000000000000000004a2000000000ca30
  261.152 0f10085f00050a0000000000000000000032c2
  261.818 0217a7f8000fa80c00070e004000000028000a000affff00004d6d
  261.879 02171e0018fc18fc180032002cfc18fc18fc18fc18fc18001500c0001efc18fc18a4ce
  261.957 1e10000000091200010000000000000001000000000000000086dd
  261.957 1e10000000090260
  262.035 1e1000140003060000000000008c5f
  262.035 1e1000140003c263
  262.066 1e040000001673ab
  262.145 1e042c00e900e300ae009c009b00a800a30000ffff000000320000000000000000000001e0000000000000001000217d52
  262.223 1e04001e00061261
  262.254 1e040c000000000000000000000000cabf
  262.317 0617afc8000cafdc00050a0010000000000000001557b5
  262.471 0f1707300008071c000810f96a5082cd41ce6a7f22c7ee4dfb530eea4f
  262.613 0f1004a6000d1a00000000000000000000000000000000000000004a2000000000ca30
  262.910 0217a7f8000fa80c00070e004000000028000a000affff00004d6d
  262.956 02171e0018fc18fc180032002cfc18fc18fc18fc18fc18001500c0001efc18fc18a4ce
  263.034 0f1004a6000d1a00000000000000000000000000000000000000004a2000000000ca30
  263.158 0f10085f00050a0000000000000000000032c2
  263.952 0217a7f8000fa80c00070e004000000028000a000affff00004d6d
  263.998 02171e0018fc18fc180032002cfc18fc18fc18fc18fc18001500c0001efc18fc18a4ce
  264.092 1e10000000091200010000000000000001000000000000000086dd
  264.092 1e10000000090260
  264.155 1e1000140003060000000000008c5f
  264.155 1e1000140003c263
  264.185 1e040000001673ab
  264.262 1e042c00e900e300ae009c009b00a800a30000ffff000000320000000000000000000001e0000000000000001000217d52
  264.341 1e04001e00061261
  264.372 1e040c000000000000000000000000cabf
  264.450 0f1004a6000d1a00000000000000000000000000000000000000004a2000000000ca30
  265.022 0217a7f8000fa80c00070e004000000028000a000affff00004d6d
  265.083 02171e0018fc18fc180032002cfc18fc18fc18fc18fc18001500c0001efc18fc18a4ce
  265.131 0a17b3b00003b3c40003060015001400002990
  265.271 0f1004a6000d1a00000000000000000000000000000000000000004a2000000000ca30
  265.394 0f10085f00050a0000000000000000000032c2
  266.066 0217a7f8000fa80c00070e004000000028000a000affff00004d6d
  266.127 02171e0018fc18fc180032002cfc18fc18fc18fc18fc18001500c0001efc18fc18a4ce
  266.205 1e10000000091200010000000000000001000000000000000086dd
  266.205 1e10000000090260
  266.267 1e1000140003060000000000008c5f
  266.267 1e1000140003c263
  266.314 1e040000001673ab
  266.375 1e042c00e900e300ae009c009b00a800a30000ffff000000320000000000000000000001e0000000000000001000217d52
  266.468 1e04001e00061261
  266.499 1e040c000000000000000000000000cabf
  266.562 0617afc8000cafdc00050a0010000000000000001557b5
  266.719 0f1707300008071c00081043a6f9391fce7ac6fb3ebbb1545bb88dd2fc
  266.859 0f1004a6000d1a00000000000000000000000000000000000000004a2000000000ca30
  267.154 0217a7f8000fa80c00070e004000000028000a000affff00004d6d
  267.200 02171e0018fc18fc180032002cfc18fc18fc18fc18fc18001500c0001efc18fc18a4ce
  267.278 0f1004a6000d1a00000000000000000000000000000000000000004a2000000000ca30
  267.402 0f10085f00050a0000000000000000000032c2
  268.191 0217a7f8000fa80c00070e004000000028000a000affff00004d6d
  268.253 02171e0018fc18fc180032002cfc18fc18fc18fc18fc18001500c0001efc18fc18a4ce
  268.330 1e10000000091200010000000000000001000000000000000086dd
  268.330 1e10000000090260
  268.390 1e1000140003060000000000008c5f
  268.390 1e1000140003c263
  268.435 1e040000001673ab
  268.497 1e042c00e900e300ae009c009b00a800a30000ffff000000320000000000000000000001e0000000000000001000217d52
  268.622 1e04001e00061261
  268.622 1e040c000000000000000000000000cabf
  268.685 0f1004a6000d1a00000000000000000000000000000000000000004a2000000000ca30
  269.276 0217a7f8000fa80c00070e004000000028000a000affff00004d6d
  269.323 02171e0018fc18fc180032002cfc18fc18fc18fc18fc18001500c0001efc18fc18a4ce
  269.385 0a17b3b00003b3c40003060015001400002990
  269.524 0f1004a6000d1a00000000000000000000000000000000000000004a2000000000ca30
  269.649 0f10085f00050a0000000000000000000032c2
  270.320 0217a7f8000fa80c00070e004000000028000a000affff00004d6d
  270.367 02171e0018fc18fc180032002cfc18fc18fc18fc18fc18001500c0001efc18fc18a4ce
  270.461 1e10000000091200010000000000000001000000000000000086dd
  270.461 1e10000000090260
  270.522 1e1000140003060000000000008c5f
  270.522 1e1000140003c263
  270.568 1e040000001673ab
  270.631 1e042c00e900e400ad009c009b00a800a00000ffff000000320000000000000000000001e000000000000000100021c614
  270.739 1e04001e00061261
  270.739 1e040c000000000000000000000000cabf
  270.801 0617afc8000cafdc00050a0010000000000000001557b5
  270.970 0f1707300008071c0008103d047a2ca6526b7532f817c400cbffcf5089
  271.110 0f1004a6000d1a00000000000000000000000000000000000000004a2000000000ca30
  271.406 0217a7f8000fa80c00070e004000000028000a000affff00004d6d
  271.451 02171e0018fc18fc180032002cfc18fc18fc18fc18fc18001500c0001efc18fc18a4ce
  271.529 0f1004a6000d1a00000000000000000000000000000000000000004a2000000000ca30
  271.655 0f10085f00050a0000000000000000000032c2
  272.448 0217a7f8000fa80c00070e004000000028000a000affff00004d6d
  272.494 02171e0018fc18fc180032002cfc18fc18fc18fc18fc18001500c0001efc18fc18a4ce
  272.573 1e10000000091200010000000000000001000000000000000086dd
  272.573 1e10000000090260
  272.649 1e1000140003060000000000008c5f
  272.649 1e1000140003c263
  272.695 1e040000001673ab
  272.757 1e042c00e900e400ad009c009b00a800a00000ffff000000320000000000000000000001e000000000000000100021c614
  272.835 1e04001e00061261
  272.867 1e040c000000000000000000000000cabf
  272.946 0f1004a6000d1a00000000000000000000000000000000000000004a2000000000ca30
  273.524 0217a7f8000fa80c00070e004000000028000a000affff00004d6d
  273.571 02171e0018fc18fc180032002cfc18fc18fc18fc18fc18001500c0001efc18fc18a4ce
  273.631 0a17b3b00003b3c40003060015001400002990
  273.772 0f1004a6000d1a00000000000000000000000000000000000000004a2000000000ca30
  273.895 0f10085f00050a0000000000000000000032c2
  274.593 0217a7f8000fa80c00070e004000000028000a000affff00004d6d
  274.655 02171e0018fc18fc180032002cfc18fc18fc18fc18fc18001500c0001efc18fc18a4ce
  274.731 1e10000000091200010000000000000001000000000000000086dd
  274.731 1e10000000090260
  274.810 1e1000140003060000000000008c5f
  274.810 1e1000140003c263
  274.842 1e040000001673ab
  274.904 1e042c00e900e400ad009c009b00a800a00000ffff000000320000000000000000000001e000000000000000100021c614
  275.030 1e04001e00061261
  275.030 1e040c000000000000000000000000cabf
  275.075 0617afc8000cafdc00050a0010000000000000001557b5
  275.244 0f1707300008071c0008103a4ad7b8112a52639dd19d4af161d122f46d
  275.386 0f1004a6000d1a00000000000000000000000000000000000000004a2000000000ca30
  275.680 0217a7f8000fa80c00070e004000000028000a000affff00004d6d
  275.741 02171e0018fc18fc180032002cfc18fc18fc18fc18fc18001500c0001efc18fc18a4ce
  275.804 0f1004a6000d1a00000000000000000000000000000000000000004a2000000000ca30
  275.928 0f10085f00050a0000000000000000000032c2
  276.721 0217a7f8000fa80c00070e004000000028000a000affff00004d6d
  276.767 02171e0018fc18fc180032002cfc18fc18fc18fc18fc18001500c0001efc18fc18a4ce
  276.861 1e10000000091200010000000000000001000000000000000086dd
  276.861 1e10000000090260
  276.924 1e1000140003060000000000008c5f
  276.924 1e1000140003c263
  276.971 1e040000001673ab
  277.034 1e042c00e900e400ad009c009b00a800a00000ffff000000320000000000000000000001e000000000000000100021c614
  277.159 1e04001e00061261
  277.159 1e040c000000000000000000000000cabf
  277.221 0f1004a6000d1a00000000000000000000000000000000000000004a2000000000ca30
  277.799 0217a7f8000fa80c00070e004000000028000a000affff00004d6d
  277.861 02171e0018fc18fc180032002cfc18fc18fc18fc18fc18001500c0001efc18fc18a4ce
  277.908 0a17b3b00003b3c40003060015001400002990
  278.063 0f1004a6000d1a00000000000000000000000000000000000000004a2000000000ca30
  278.187 0f10085f00050a0000000000000000000032c2
  278.885 0217a7f8000fa80c00070e004000000028000a000affff00004d6d
  278.931 02171e0018fc18fc180032002cfc18fc18fc18fc18fc18001500c0001efc18fc18a4ce
  279.024 1e10000000091200010000000000000001000000000000000086dd
  279.024 1e10000000090260
  279.087 1e1000140003060000000000008c5f
  279.087 1e1000140003c263
  279.118 1e040000001673ab
  279.181 1e042c00e900e400ad009c009b00a800a00000ffff000000320000000000000000000001e000000000000000100021c614
  279.275 1e04001e00061261
  279.306 1e040c000000000000000000000000cabf
  279.368 0617afc8000cafdc00050a0010000000000000001557b5
  279.522 0f1707300008071c00081028f4aaec4b3a3a66405099029cf27c5f2872
  279.661 0f1004a6000d1a00000000000000000000000000000000000000004a2000000000ca30
  279.957 0217a7f8000fa80c00070e004000000028000a000affff00004d6d
  280.020 02171e0018fc18fc180032002cfc18fc18fc18fc18fc18001500c0001efc18fc18a4ce
  280.083 0f1004a6000d1a00000000000000000000000000000000000000004a2000000000ca30
  280.207 0f10085f00050a0000000000000000000032c2
  280.997 0217a7f8000fa80c00070e004000000028000a000affff00004d6d
  281.059 02171e0018fc18fc180032002cfc18fc18fc18fc18fc18001500c0001efc18fc18a4ce
  281.137 1e10000000091200010000000000000001000000000000000086dd
  281.137 1e10000000090260
  281.214 1e1000140003060000000000008c5f
  281.214 1e1000140003c263
  281.245 1e040000001673ab
  281.323 1e042c00e900e400ae009c009b00a800a00000ffff000000320000000000000000000001e000000000000000100021dda0
  281.401 1e04001e00061261
  281.432 1e040c000000000000000000000000cabf
  281.510 0f1004a6000d1a00000000000000000000000000000000000000004a2000000000ca30
  282.088 0217a7f8000fa80c00070e004000000028000a000affff00004d6d
  282.150 02171e0018fc18fc180032002cfc18fc18fc18fc18fc18001500c0001efc18fc18a4ce
  282.196 0a17b3b00003b3c40003060015001400002990
  282.337 0f1004a6000d1a00000000000000000000000000000000000000004a2000000000ca30
  282.461 0f10085f00050a0000000000000000000032c2
  283.161 0217a7f8000fa80c00070e004000000028000a000affff00004d6d
  283.224 02171e0018fc18fc180032002cfc18fc18fc18fc18fc18001500c0001efc18fc18a4ce
  283.302 1e10000000091200010000000000000001000000000000000086dd
  283.302 1e10000000090260
  283.364 1e1000140003060000000000008c5f
  283.364 1e1000140003c263
  283.410 1e040000001673ab
  283.472 1e042c00e900e400ae009c009b00a800a00000ffff000000320000000000000000000001e000000000000000100021dda0
  283.597 1e04001e00061261
  283.597 1e040c000000000000000000000000cabf
  283.644 0617afc8000cafdc00050a0010000000000000001557b5
  283.817 0f1707300008071c00081055afd0ed4868dd3eaaf9dfa199abeebf4a44
  283.957 0f1004a6000d1a00000000000000000000000000000000000000004a2000000000ca30
  284.254 0217a7f8000fa80c00070e004000000028000a000affff00004d6d
  284.300 02171e0018fc18fc180032002cfc18fc18fc18fc18fc18001500c0001efc18fc18a4ce
  284.378 0f1004a6000d1a00000000000000000000000000000000000000004a2000000000ca30
  284.504 0f10085f00050a0000000000000000000032c2
  285.294 0217a7f8000fa80c00070e004000000028000a000affff00004d6d
  285.341 02171e0018fc18fc180032002cfc18fc18fc18fc18fc18001500c0001efc18fc18a4ce
  285.432 1e10000000091200010000000000000001000000000000000086dd
  285.432 1e10000000090260
  285.494 1e1000140003060000000000008c5f
  285.494 1e1000140003c263
  285.541 1e040000001673ab
  285.604 1e042c00e900e400ae009c009b00a800a00000ffff000000320000000000000000000001e000000000000000100021dda0
  285.695 1e04001e00061261
  285.726 1e040c000000000000000000000000cabf
  285.789 0f1004a6000d1a00000000000000000000000000000000000000004a2000000000ca30
  286.382 0217a7f8000fa80c00070e004000000028000a000affff00004d6d
  286.428 02171e0018fc18fc180032002cfc18fc18fc18fc18fc18001500c0001efc18fc18a4ce
  286.474 0a17b3b00003b3c40003060015001400002990
  286.629 0f1004a6000d1a00000000000000000000000000000000000000004a2000000000ca30
  286.738 0f10085f00050a0000000000000000000032c2
  287.451 0217a7f8000fa80c00070e004000000028000a000affff00004d6d
  287.498 02171e0018fc18fc180032002cfc18fc18fc18fc18fc18001500c0001efc18fc18a4ce
  287.576 1e10000000091200010000000000000001000000000000000086dd
  287.576 1e10000000090260
  287.654 1e1000140003060000000000008c5f
  287.654 1e1000140003c263
  287.685 1e040000001673ab
  287.748 1e042c00e900e400ae009c009b00a800a00000ffff000000320000000000000000000001e000000000000000100021dda0
  287.840 1e04001e00061261
  287.872 1e040c000000000000000000000000cabf
  287.934 0617afc8000cafdc00050a0010000000000000001557b5
  288.089 0f1707300008071c000810694399c93a0a5327176e920a1f69b29a74b7
  288.229 0f1004a6000d1a00000000000000000000000000000000000000004a2000000000ca30
  288.524 0217a7f8000fa80c00070e004000000028000a000affff00004d6d
  288.586 02171e0018fc18fc180032002cfc18fc18fc18fc18fc18001500c0001efc18fc18a4ce
  288.649 0f1004a6000d1a00000000000000000000000000000000000000004a2000000000ca30
  288.773 0f10085f00050a0000000000000000000032c2
  289.568 0217a7f8000fa80c00070e004000000028000a000affff00004d6d
  289.631 02171e0018fc18fc180032002cfc18fc18fc18fc18fc18001500c0001efc18fc18a4ce
  289.709 1e10000000091200010000000000000001000000000000000086dd
  289.709 1e10000000090260
  289.771 1e1000140003060000000000008c5f
  289.771 1e1000140003c263
  289.817 1e040000001673ab
  289.879 1e042c00e900e400ae009c009b00a800a00000ffff000000320000000000000000000001e000000000000000100021dda0
  289.973 1e04001e00061261
  290.004 1e040c000000000000000000000000cabf
  290.066 0f1004a6000d1a00000000000000000000000000000000000000004a2000000000ca30
  290.654 0217a7f8000fa80c00070e004000000028000a000affff00004d6d
  290.716 02171e0018fc18fc180032002cfc18fc18fc18fc18fc18001500c0001efc18fc18a4ce
  290.763 0a17b3b00003b3c40003060015001400002990
  290.901 0f1004a6000d1a00000000000000000000000000000000000000004a2000000000ca30
  291.024 0f10085f00050a0000000000000000000032c2
  291.694 0217a7f8000fa80c00070e004000000028000a000affff00004d6d
  291.756 02171e0018fc18fc180032002cfc18fc18fc18fc18fc18001500c0001efc18fc18a4ce
  291.835 1e10000000091200010000000000000001000000000000000086dd
  291.835 1e10000000090260
  291.912 1e1000140003060000000000008c5f
  291.912 1e1000140003c263
  291.943 1e040000001673ab
  292.019 1e042c00e900e300ae009c009b00a900a30000ffff000000320000000000000000000001e0000000000000001000211092
  292.097 1e04001e00061261
  292.129 1e040c000000000000000000000000cabf
  292.191 0617afc8000cafdc00050a0010000000000000001557b5
  292.345 0f1707300008071c000810eca35c9c6e9a5567b1377377baf62a812388
  292.499 0f1004a6000d1a00000000000000000000000000000000000000004a2000000000ca30
  292.782 0217a7f8000fa80c00070e004000000028000a000affff00004d6d
  292.830 02171e0018fc18fc180032002cfc18fc18fc18fc18fc18001500c0001efc18fc18a4ce
  292.908 0f1004a6000d1a00000000000000000000000000000000000000004a2000000000ca30
  293.035 0f10085f00050a0000000000000000000032c2
  293.834 0217a7f8000fa80c00070e004000000028000a000affff00004d6d
  293.881 02171e0018fc18fc180032002cfc18fc18fc18fc18fc18001500c0001efc18fc18a4ce
  293.975 1e10000000091200010000000000000001000000000000000086dd
  293.975 1e10000000090260
  294.037 1e1000140003060000000000008c5f
  294.037 1e1000140003c263
  294.084 1e040000001673ab
  294.146 1e042c00e900e300ae009c009b00a900a30000ffff000000320000000000000000000001e0000000000000001000211092
  294.254 1e04001e00061261
  294.254 1e040c000000000000000000000000cabf
  294.331 0f1004a6000d1a00000000000000000000000000000000000000004a2000000000ca30
  294.906 0217a7f8000fa80c00070e004000000028000a000affff00004d6d
  294.969 02171e0018fc18fc180032002cfc18fc18fc18fc18fc18001500c0001efc18fc18a4ce
  295.016 0a17b3b00003b3c40003060015001400002990
  295.156 0f1004a6000d1a00000000000000000000000000000000000000004a2000000000ca30
  295.294 0f10085f00050a0000000000000000000032c2
  295.979 0217a7f8000fa80c00070e004000000028000a000affff00004d6d
  296.042 02171e0018fc18fc180032002cfc18fc18fc18fc18fc18001500c0001efc18fc18a4ce
  296.120 1e10000000091200010000000000000001000000000000000086dd
  296.120 1e10000000090260
  296.199 1e1000140003060000000000008c5f
  296.199 1e1000140003c263
  296.230 1e040000001673ab
  296.307 1e042c00e900e300ae009c009b00a900a30000ffff000000320000000000000000000001e0000000000000001000211092
  296.386 1e04001e00061261
  296.417 1e040c000000000000000000000000cabf
  296.478 0617afc8000cafdc00050a0010000000000000001557b5
  296.634 0f1707300008071c000810b7ba033ab1d5dc3fba82d8736f1ea1b8fb73
  296.773 0f1004a6000d1a00000000000000000000000000000000000000004a2000000000ca30
  297.070 0217a7f8000fa80c00070e004000000028000a000affff00004d6d
  297.132 02171e0018fc18fc180032002cfc18fc18fc18fc18fc18001500c0001efc18fc18a4ce
  297.194 0f1004a6000d1a00000000000000000000000000000000000000004a2000000000ca30
  297.318 0f10085f00050a0000000000000000000032c2
  298.111 0217a7f8000fa80c00070e004000000028000a000affff00004d6d
  298.173 02171e0018fc18fc180032002cfc18fc18fc18fc18fc18001500c0001efc18fc18a4ce
  298.250 1e10000000091200010000000000000001000000000000000086dd
  298.250 1e10000000090260
  298.328 1e1000140003060000000000008c5f
  298.328 1e1000140003c263
  298.358 1e040000001673ab
  298.435 1e042c00e900e300ae009c009b00a900a30000ffff000000320000000000000000000001e0000000000000001000211092
  298.514 1e04001e00061261
  298.546 1e040c000000000000000000000000cabf
  298.622 0f1004a6000d1a00000000000000000000000000000000000000004a2000000000ca30
  299.199 0217a7f8000fa80c00070e004000000028000a000affff00004d6d
  299.245 02171e0018fc18fc180032002cfc18fc18fc18fc18fc18001500c0001efc18fc18a4ce
  299.309 0a17b3b00003b3c40003060015001400002990
  299.447 0f1004a6000d1a00000000000000000000000000000000000000004a2000000000ca30
  299.574 0f10085f00050a0000000000000000000032c2
  300.245 0217a7f8000fa80c00070e004000000028000a000affff00004d6d
  300.306 02171e0018fc18fc180032002cfc18fc18fc18fc18fc18001500c0001efc18fc18a4ce
  300.384 1e10000000091200010000000000000001000000000000000086dd
  300.384 1e10000000090260
  300.446 1e1000140003060000000000008c5f
  300.446 1e1000140003c263
  300.493 1e040000001673ab
  300.554 1e042c00e900e300ae009c009b00a900a30000ffff000000320000000000000000000001e0000000000000001000211092
  300.678 1e04001e00061261
  300.678 1e040c000000000000000000000000cabf
  300.725 0617afc8000cafdc00050a0010000000000000001557b5
  300.896 0f1707300008071c00081030c03c1c5901af7c871413157c3e26daa93e
  301.037 0f1004a6000d1a00000000000000000000000000000000000000004a2000000000ca30
  301.333 0217a7f8000fa80c00070e004000000028000a000affff00004d6d
  301.380 02171e0018fc18fc180032002cfc18fc18fc18fc18fc18001500c0001efc18fc18a4ce
  301.459 0f1004a6000d1a00000000000000000000000000000000000000004a2000000000ca30
  301.584 0f10085f00050a0000000000000000000032c2
  302.376 0217a7f8000fa80c00070e004000000028000a000affff00004d6d
  302.422 02171e0018fc18fc180032002cfc18fc18fc18fc18fc18001500c0001efc18fc18a4ce
  302.513 1e10000000091200010000000000000001000000000000000086dd
  302.513 1e10000000090260
  302.576 1e1000140003060000000000008c5f
  302.576 1e1000140003c263
  302.623 1e040000001673ab
  302.684 1e042c00e800e300ae009c009b00a800a00000ffff000000320000000000000000000001e0000000000000001000210f12
  302.808 1e04001e00061261
  302.808 1e040c000000000000000000000000cabf
  302.870 0f1004a6000d1a00000000000000000000000000000000000000004a2000000000ca30
  303.457 0217a7f8000fa80c00070e004000000028000a000affff00004d6d
  303.503 02171e0018fc18fc180032002cfc18fc18fc18fc18fc18001500c0001efc18fc18a4ce
  303.565 0a17b3b00003b3c40003060015001400002990
  303.707 0f1004a6000d1a00000000000000000000000000000000000000004a2000000000ca30
  303.830 0f10085f00050a0000000000000000000032c2
  304.494 0217a7f8000fa80c00070e004000000028000a000affff00004d6d
  304.556 02171e0018fc18fc180032002cfc18fc18fc18fc18fc18001500c0001efc18fc18a4ce
  304.633 1e10000000091200010000000000000001000000000000000086dd
  304.633 1e10000000090260
  304.709 1e1000140003060000000000008c5f
  304.709 1e1000140003c263
  304.740 1e040000001673ab
  304.817 1e042c00e800e300ae009c009b00a800a00000ffff000000320000000000000000000001e0000000000000001000210f12
  304.895 1e04001e00061261
  304.927 1e040c000000000000000000000000cabf
  304.990 0617afc8000cafdc00050a0010000000000000001557b5
  305.144 0f1707300008071c0008106109b88c22e574ed3e1c3a00c2afe20a44e1
  305.286 0f1004a6000d1a00000000000000000000000000000000000000004a2000000000ca30
  305.581 0217a7f8000fa80c00070e004000000028000a000affff00004d6d
  305.628 02171e0018fc18fc180032002cfc18fc18fc18fc18fc18001500c0001efc18fc18a4ce
  305.707 0f1004a6000d1a00000000000000000000000000000000000000004a2000000000ca30
  305.830 0f10085f00050a0000000000000000000032c2
  306.624 0217a7f8000fa80c00070e004000000028000a000affff00004d6d
  306.686 02171e0018fc18fc180032002cfc18fc18fc18fc18fc18001500c0001efc18fc18a4ce
  306.763 1e10000000091200010000000000000001000000000000000086dd
  306.763 1e10000000090260
  306.826 1e1000140003060000000000008c5f
  306.826 1e1000140003c263
  306.873 1e040000001673ab
  306.935 1e042c00e800e300ae009c009b00a800a00000ffff000000320000000000000000000001e0000000000000001000210f12
  307.058 1e04001e00061261
  307.058 1e040c000000000000000000000000cabf
  307.122 0f1004a6000d1a00000000000000000000000000000000000000004a2000000000ca30
  307.696 0217a7f8000fa80c00070e004000000028000a000affff00004d6d
  307.758 02171e0018fc18fc180032002cfc18fc18fc18fc18fc18001500c0001efc18fc18a4ce
  307.805 0a17b3b00003b3c40003060015001400002990
  307.946 0f1004a6000d1a00000000000000000000000000000000000000004a2000000000ca30
  308.071 0f10085f00050a0000000000000000000032c2
  308.770 0217a7f8000fa80c00070e004000000028000a000affff00004d6d
  308.833 02171e0018fc18fc180032002cfc18fc18fc18fc18fc18001500c0001efc18fc18a4ce
  308.910 1e10000000091200010000000000000001000000000000000086dd
  308.910 1e10000000090260
  308.988 1e1000140003060000000000008c5f
  308.988 1e1000140003c263
  309.019 1e040000001673ab
  309.096 1e042c00e800e300ae009c009b00a800a00000ffff000000320000000000000000000001e0000000000000001000210f12
  309.174 1e04001e00061261
  309.206 1e040c000000000000000000000000cabf
  309.268 0617afc8000cafdc00050a0010000000000000001557b5
  309.424 0f1707300008071c00081042e035c5bb9be29c5fbf8a1f501b996540d8
  309.565 0f1004a6000d1a00000000000000000000000000000000000000004a2000000000ca30
  309.861 0217a7f8000fa80c00070e004000000028000a000affff00004d6d
  309.907 02171e0018fc18fc180032002cfc18fc18fc18fc18fc18001500c0001efc18fc18a4ce
  309.985 0f1004a6000d1a00000000000000000000000000000000000000004a2000000000ca30
  310.110 0f10085f00050a0000000000000000000032c2
  310.905 0217a7f8000fa80c00070e004000000028000a000affff00004d6d
  310.966 02171e0018fc18fc180032002cfc18fc18fc18fc18fc18001500c0001efc18fc18a4ce
  311.043 1e10000000091200010000000000000001000000000000000086dd
  311.043 1e10000000090260
  311.106 1e1000140003060000000000008c5f
  311.106 1e1000140003c263
  311.151 1e040000001673ab
  311.212 1e042c00e800e300ae009c009b00a800a00000ffff000000320000000000000000000001e0000000000000001000210f12
  311.337 1e04001e00061261
  311.337 1e040c000000000000000000000000cabf
  311.399 0f1004a6000d1a00000000000000000000000000000000000000004a2000000000ca30
  311.459 0f1004a6000de1f1
  311.989 0217a7f8000fa80c00070e004000000028000a000affff00004d6d
  312.035 02171e0018fc18fc180032002cfc18fc18fc18fc18fc18001500c0001efc18fc18a4ce
  312.097 0a17b3b00003b3c40003060015001400002990
  312.283 0f1004ba00162c001400000000000000000019002800040007000a001e0001001e0001001e0001000100000000000000280037b494
  312.283 0f1004ba0016603c
  312.360 0f10085f00050a0000000000000000000032c2
  312.360 0f10085f00053356
  313.027 0217a7f8000fa80c00070e004000000028000a000affff00004d6d
  313.089 02171e0018fc18fc180032002cfc18fc18fc18fc18fc18001500c0001efc18fc18a4ce
  313.167 1e10000000091200010000000000000001000000000000000086dd
  313.167 1e10000000090260
  313.229 1e1000140003060000000000008c5f
  313.229 1e1000140003c263
  313.275 1e040000001673ab
  313.338 1e042c00e800e300af009c009b00a800a00000ffff000000320000000000000000000001e00000000000000010002107be
  313.462 1e04001e00061261
  313.462 1e040c000000000000000000000000cabf
  313.510 0617afc8000cafdc00050a0010000000000000001557b5
  313.682 0f1707300008071c000810f721e82cd172299f31f375e9bd3a01051000
  313.728 0f1710792f96654eb1bb29d0e0c37b59bae1674004
  313.821 0f1003e8000e1c0019001300280000000000000015001300020028001e000100140002e77e
  313.851 0f1003e8000ec093
  314.113 0217a7f8000fa80c00070e004000000028000a000affff00004d6d
  314.159 02171e0018fc18fc180032002cfc18fc18fc18fc18fc18001500c0001efc18fc18a4ce
  314.253 0f1003fc000b160028000a0037000000000000000200120028001e003c369e
  314.253 0f1003fc000b4094
  315.155 0217a7f8000fa80c00070e004000000028000a000affff00004d6d
  315.200 02171e0018fc18fc180032002cfc18fc18fc18fc18fc18001500c0001efc18fc18a4ce
  315.293 1e10000000091200010000000000000001000000000000000086dd
  315.293 1e10000000090260
  315.354 1e1000140003060000000000008c5f
  315.354 1e1000140003c263
  315.401 1e040000001673ab
  315.463 1e042c00e800e300af009c009b00a800a00000ffff000000320000000000000000000001e00000000000000010002107be
  315.587 1e04001e00061261
  315.587 1e040c000000000000000000000000cabf
  315.665 0f10041000162c0028000a0037000000000000000200120028001e003c001200140027002800070001003e000d0006003c0000d569
  315.695 0f1004100016401c
  316.233 0217a7f8000fa80c00070e004000000028000a000affff00004d6d
  316.280 02171e0018fc18fc180032002cfc18fc18fc18fc18fc18001500c0001efc18fc18a4ce
  316.341 0a17b3b00003b3c40003060015001400002990
  316.482 0f10042e000f1e0001000000000014fff6000500280000002d0000000000000000000000003295
  316.513 0f10042e000fe01a
  317.278 0217a7f8000fa80c00070e004000000028000a000affff00004d6d
  317.325 02171e0018fc18fc180032002cfc18fc18fc18fc18fc18001500c0001efc18fc18a4ce
  317.418 1e10000000091200010000000000000001000000000000000086dd
  317.418 1e10000000090260
  317.479 1e1000140003060000000000008c5f
  317.479 1e1000140003c263
  317.526 1e040000001673ab
  317.588 1e042c00e800e300af009c009b00a800a00000ffff000000320000000000000000000001e00000000000000010002107be
  317.711 1e04001e00061261
  317.711 1e040c000000000000000000000000cabf
  317.758 0617afc8000cafdc00050a0010000000000000001557b5
  317.928 0f100442000d1a000100130000001c0000fff800050028000000000000000a000a244d
  317.928 0f100442000da1c6
  318.364 0217a7f8000fa80c00070e004000000028000a000affff00004d6d
  318.410 02171e0018fc18fc180032002cfc18fc18fc18fc18fc18001500c0001efc18fc18a4ce
  318.518 0f100456000c18000000060014001e00000006ffffffff00000000000000010aef
  318.518 0f100456000c2002
  319.405 0217a7f8000fa80c00070e004000000028000a000affff00004d6d
  319.467 02171e0018fc18fc180032002cfc18fc18fc18fc18fc18001500c0001efc18fc18a4ce
  319.543 1e10000000091200010000000000000001000000000000000086dd
  319.543 1e10000000090260
  319.620 1e1000140003060000000000008c5f
  319.620 1e1000140003c263
  319.652 1e040000001673ab
  319.714 1e042c00e800e300af009c009b00a800a00000ffff000000320000000000000000000001e00000000000000010002107be
  319.838 1e04001e00061261
  319.838 1e040c000000000000000000000000cabf
  319.918 0f10046a001224000000000000000000000000000000000000000000000000000000000000000000000000874b
  319.949 0f10046a00126006
  320.480 0217a7f8000fa80c00070e004000000028000a000affff00004d6d
  320.542 02171e0018fc18fc180032002cfc18fc18fc18fc18fc18001500c0001efc18fc18a4ce
  320.589 0a17b3b00003b3c40003060015001400002990
  320.745 0f10047e0013260000000000000000000000000000000000000000000000000000000000000000000000000000b93d
  320.791 0f10047e0013e1c2
  321.538 0217a7f8000fa80c00070e004000000028000a000affff00004d6d
  321.583 02171e0018fc18fc180032002cfc18fc18fc18fc18fc18001500c0001efc18fc18a4ce
  321.677 1e10000000091200010000000000000001000000000000000086dd
  321.677 1e10000000090260
  321.739 1e1000140003060000000000008c5f
  321.739 1e1000140003c263
  321.785 1e040000001673ab
  321.848 1e042c00e800e300af009c009b00a800a00000ffff000000320000000000000000000001e00000000000000010002107be
  321.971 1e04001e00061261
  321.971 1e040c000000000000000000000000cabf
  322.018 0617afc8000cafdc00050a0010000000000000001557b5
  322.159 0f100492000b160050003c005a000a00500050005000500032002d0005473c
  322.190 0f100492000b203d
  322.614 0217a7f8000fa80c00070e004000000028000a000affff00004d6d
  322.677 02171e0018fc18fc180032002cfc18fc18fc18fc18fc18001500c0001efc18fc18a4ce
  322.787 0f1004a6000d1a00000000000000000000000000000000000000004a2000000000ca30
  322.787 0f1004a6000de1f1
  323.661 0217a7f8000fa80c00070e004000000028000a000affff00004d6d
  323.723 02171e0018fc18fc180032002cfc18fc18fc18fc18fc18001500c0001efc18fc18a4ce
  323.801 1e10000000091200010000000000000001000000000000000086dd
  323.801 1e10000000090260
  323.878 1e1000140003060000000000008c5f
  323.878 1e1000140003c263
  323.910 1e040000001673ab
  323.987 1e042c00e800e300af009c009b00a800a00000ffff000000320000000000000000000001e00000000000000010002107be
  324.065 1e04001e00061261
  324.096 1e040c000000000000000000000000cabf
  324.204 0f1004ba00162c001400000000000000000019002800040007000a001e0001001e0001001e0001000100000000000000280037b494
  324.204 0f1004ba0016603c
  324.746 0217a7f8000fa80c00070e004000000028000a000affff00004d6d
  324.793 02171e0018fc18fc180032002cfc18fc18fc18fc18fc18001500c0001efc18fc18a4ce
  324.855 0a17b3b00003b3c40003060015001400002990
  325.025 0f1004d8001b360006000200190000000c0002000a00010014000200190003001e000400230005002800060028000700230008001e00090019000a00141a6e
  325.056 0f1004d8001b0027
  325.798 0217a7f8000fa80c00070e004000000028000a000affff00004d6d
  325.845 02171e0018fc18fc180032002cfc18fc18fc18fc18fc18001500c0001efc18fc18a4ce
  325.937 1e10000000091200010000000000000001000000000000000086dd
  325.937 1e10000000090260
  325.999 1e1000140003060000000000008c5f
  325.999 1e1000140003c263
  326.030 1e040000001673ab
  326.107 1e042c00e800e300af009c009b00a800a00000ffff000000320000000000000000000001e00000000000000010002107be
  326.214 1e04001e00061261
  326.214 1e040c000000000000000000000000cabf
  326.277 0617afc8000cafdc00050a0010000000000000001557b5
  326.417 0f1004f6000e1c000000000000000000000000000000000000000000000000000000005dcd
  326.448 0f1004f6000ea1e1
  326.870 0217a7f8000fa80c00070e004000000028000a000affff00004d6d
  326.917 02171e0018fc18fc180032002cfc18fc18fc18fc18fc18001500c0001efc18fc18a4ce
  327.041 0f10050a0013260000000000000000000000000000000000000000000000000000000000000000000000000000bfb8
  327.041 0f10050a0013a024
  327.914 0217a7f8000fa80c00070e004000000028000a000affff00004d6d
  327.976 02171e0018fc18fc180032002cfc18fc18fc18fc18fc18001500c0001efc18fc18a4ce
  328.053 1e10000000091200010000000000000001000000000000000086dd
  328.053 1e10000000090260
  328.131 1e1000140003060000000000008c5f
  328.131 1e1000140003c263
  328.163 1e040000001673ab
  328.225 1e042c00e800e300af009c009b00a800a00000ffff000000320000000000000000000001e00000000000000010002107be
  328.317 1e04001e00061261
  328.349 1e040c000000000000000000000000cabf
  328.442 0f10051e000a1400000000000000000000000000000000000000006e7b
  328.442 0f10051e000a21ea
  329.002 0217a7f8000fa80c00070e004000000028000a000affff00004d6d
  329.049 02171e0018fc18fc180032002cfc18fc18fc18fc18fc18001500c0001efc18fc18a4ce
  329.111 0a17b3b00003b3c40003060015001400002990
  329.283 0f1005320012240002000000000000000000010000000100010000000000000000000000000000000000000096
  329.283 0f1005320012e029
  330.052 0217a7f8000fa80c00070e004000000028000a000affff00004d6d
  330.100 02171e0018fc18fc180032002cfc18fc18fc18fc18fc18001500c0001efc18fc18a4ce
  330.192 1e10000000091200010000000000000001000000000000000086dd
  330.192 1e10000000090260
  330.254 1e1000140003060000000000008c5f
  330.254 1e1000140003c263
  330.300 1e040000001673ab
  330.363 1e042c00e800e300af009c009b00a800a00000ffff000000320000000000000000000001e00000000000000010002107be
  330.472 1e04001e00061261
  330.472 1e040c000000000000000000000000cabf
  330.535 0617afc8000cafdc00050a0010000000000000001557b5
  330.722 0f1005460014280005000100020000000000000000000000000002000000000000000200000000000000000000000094fd
  330.722 0f10054600142031
  331.124 0217a7f8000fa80c00070e004000000028000a000affff00004d6d
  331.185 02171e0018fc18fc180032002cfc18fc18fc18fc18fc18001500c0001efc18fc18a4ce
  331.324 0f10055a002142000100000000001f000c000000000000001f000c0000007f000100000015001f000c0000003b0017001f000c0000007f000000000000001f000c000000000000001faa1c
  331.324 0f10055a002121e0
  332.178 0217a7f8000fa80c00070e004000000028000a000affff00004d6d
  332.224 02171e0018fc18fc180032002cfc18fc18fc18fc18fc18001500c0001efc18fc18a4ce
  332.316 1e10000000091200010000000000000001000000000000000086dd
  332.316 1e10000000090260
  332.380 1e1000140003060000000000008c5f
  332.380 1e1000140003c263
  332.426 1e040000001673ab
  332.489 1e042c00e800e300af009c009b00a800a00000ffff000000320000000000000000000001e00000000000000010002107be
  332.612 1e04001e00061261
  332.612 1e040c000000000000000000000000cabf
  332.719 0f10057b002142000c00000000000000000000001f000c000000000000001f000c00000000000000000000001f000c000000000000001f000c00000000000000000000001f000c00009d7a
  332.749 0f10057b002171ea
  333.259 0217a7f8000fa80c00070e004000000028000a000affff00004d6d
  333.306 02171e0018fc18fc180032002cfc18fc18fc18fc18fc18001500c0001efc18fc18a4ce
  333.366 0a17b3b00003b3c40003060015001400002990
  333.551 0f10059c00214200000000001f000c00000000000000000000001f000c000000000000001f000c00000000000000000000001f000c000000000000001f000c000000000003000000000a3c
  334.443 0217a7f8000fa80c00070e004000000028000a000affff00004d6d
  334.443 02171e0018fc18fc180032002cfc18fc18fc18fc18fc18001500c0001efc18fc18a4ce
  334.443 1e10000000091200010000000000000001000000000000000086dd
  334.443 1e10000000090260
  334.506 1e1000140003060000000000008c5f
  334.506 1e1000140003c263
  334.538 1e040000001673ab
  334.614 1e042c00e800e300af009c009b00a800a30000ffff000000320000000000000000000001e000000000000000100021b7bf
  334.693 1e04001e00061261
  334.725 1e040c000000000000000000000000cabf
  334.787 0617afc8000cafdc00050a0010000000000000001557b5
  334.990 0f10059c00214200000000001f000c00000000000000000000001f000c000000000000001f000c00000000000000000000001f000c000000000000001f000c000000000003000000000a3c
  334.990 0f10059c0021c1dd
  335.381 0217a7f8000fa80c00070e004000000028000a000affff00004d6d
  335.427 02171e0018fc18fc180032002cfc18fc18fc18fc18fc18001500c0001efc18fc18a4ce
  335.567 0f1005bd00214200000000001f000c000000000000001f000c00000000000000000000001f000c000000000000001f000c00000000000000000000001f000c000000000000001f000c9373
  335.567 0f1005bd002191d7
  336.421 0217a7f8000fa80c00070e004000000028000a000affff00004d6d
  336.483 02171e0018fc18fc180032002cfc18fc18fc18fc18fc18001500c0001efc18fc18a4ce
  336.560 1e10000000091200010000000000000001000000000000000086dd
  336.560 1e10000000090260
  336.622 1e1000140003060000000000008c5f
  336.622 1e1000140003c263
  336.654 1e040000001673ab
  336.732 1e042c00e800e300af009c009b00a800a30000ffff000000320000000000000000000001e000000000000000100021b7bf
  336.809 1e04001e00061261
  336.840 1e040c000000000000000000000000cabf
  336.980 0f1005de00214200000000000000000000001f000c000000000000001f000c00000000000000000000001f000c000000000000001f000c00000000000000000000001f000c0000000078fc
  336.980 0f1005de002161c9
  337.494 0217a7f8000fa80c00070e004000000028000a000affff00004d6d
  337.542 02171e0018fc18fc180032002cfc18fc18fc18fc18fc18001500c0001efc18fc18a4ce
  337.605 0a17b3b00003b3c40003060015001400002990
  337.791 0f1005ff0021420000001f000c00000000000000000000001f000c000000000000001f000c00000000000000000000001f000c000000000000001f000c0000000000000000000100000baf
  337.821 0f1005ff002131c3
  338.533 0217a7f8000fa80c00070e004000000028000a000affff00004d6d
  338.596 02171e0018fc18fc180032002cfc18fc18fc18fc18fc18001500c0001efc18fc18a4ce
  338.673 1e10000000091200010000000000000001000000000000000086dd
  338.673 1e10000000090260
  338.751 1e1000140003060000000000008c5f
  338.751 1e1000140003c263
  338.782 1e040000001673ab
  338.861 1e042c00e800e300af009c009b00a800a30000ffff000000320000000000000000000001e000000000000000100021b7bf
  338.938 1e04001e00061261
  338.968 1e040c000000000000000000000000cabf
  339.030 0617afc8000cafdc00050a0010000000000000001557b5
  339.246 0f1006200021420000001f000c000000000000001f000c00000000000000000000001f000c000000000000001f000c00000000000000000000001f000c000000000000001f000c000041fc
  339.246 0f1006200021007d
  339.617 0217a7f8000fa80c00070e004000000028000a000affff00004d6d
  339.678 02171e0018fc18fc180032002cfc18fc18fc18fc18fc18001500c0001efc18fc18a4ce
  339.817 0f1006410021420000000000000000001f000c000000000000001f000c00000000000000000000001f000c000000000000001f000c00000000000000000000001f000c00000000000091ef
  339.817 0f100641002151a3
  340.668 0217a7f8000fa80c00070e004000000028000a000affff00004d6d
  340.715 02171e0018fc18fc180032002cfc18fc18fc18fc18fc18001500c0001efc18fc18a4ce
  340.806 1e10000000091200010000000000000001000000000000000086dd
  340.806 1e10000000090260
  340.868 1e1000140003060000000000008c5f
  340.868 1e1000140003c263
  340.914 1e040000001673ab
  340.976 1e042c00e800e300af009c009b00a800a30000ffff000000320000000000000000000001e000000000000000100021b7bf
  341.070 1e04001e00061261
  341.101 1e040c000000000000000000000000cabf
  341.210 0f100662002142001f000c00000000000000000000001f000c000000000000001f000c00000000000000000000001f000c000000000000001f000c00000000000000000001000000008290
  341.241 0f1006620021a069
  341.755 0217a7f8000fa80c00070e004000000028000a000affff00004d6d
  341.803 02171e0018fc18fc180032002cfc18fc18fc18fc18fc18001500c0001efc18fc18a4ce
  341.866 0a17b3b00003b3c40003060015001400002990
  342.067 0f100683002142001f000c000000000000001f000c0000007f000100000015001f000c0000003b0017001f000c0000007f000000000000001f000c000000000000001f000c000000007b61
  342.928 0217a7f8000fa80c00070e004000000028000a000affff00004d6d
  342.928 02171e0018fc18fc180032002cfc18fc18fc18fc18fc18001500c0001efc18fc18a4ce
  342.928 1e10000000091200010000000000000001000000000000000086dd
  342.928 1e10000000090260
  343.007 1e1000140003060000000000008c5f
  343.007 1e1000140003c263
  343.039 1e040000001673ab
  343.115 1e042c00e800e300af009c009b00a800a30000ffff000000320000000000000000000001e000000000000000100021b7bf
  343.193 1e04001e00061261
  343.224 1e040c000000000000000000000000cabf
  343.285 0617afc8000cafdc00050a0010000000000000001557b5
  343.489 0f100683002142001f000c000000000000001f000c0000007f000100000015001f000c0000003b0017001f000c0000007f000000000000001f000c000000000000001f000c000000007b61
  343.489 0f1006830021f05f
  343.877 0217a7f8000fa80c00070e004000000028000a000affff00004d6d
  343.939 02171e0018fc18fc180032002cfc18fc18fc18fc18fc18001500c0001efc18fc18a4ce
  344.047 0f1006a4002142000000000000001f000c000000000000001f000c00000000000000000000001f000c000000000000001f000c00000000000000000000001f000c000000000000001f24e7
  344.078 0f1006a400214054
  344.921 0217a7f8000fa80c00070e004000000028000a000affff00004d6d
  344.969 02171e0018fc18fc180032002cfc18fc18fc18fc18fc18001500c0001efc18fc18a4ce
  345.063 1e10000000091200010000000000000001000000000000000086dd
  345.063 1e10000000090260
  345.126 1e1000140003060000000000008c5f
  345.126 1e1000140003c263
  345.173 1e040000001673ab
  345.235 1e042c00e800e300b00099009b00a800a00000ffff000000320000000000000000000001e00000000000000010002184ca
  345.359 1e04001e00061261
  345.359 1e040c000000000000000000000000cabf
  345.467 0f1006c5002142000c00000000000000000000001f000c000000000000001f000c00000000000000000000001f000c000000000000001f000c0000000000030000006c0004000000000e20
  345.498 0f1006c50021118a
  346.001 0217a7f8000fa80c00070e004000000028000a000affff00004d6d
  346.062 02171e0018fc18fc180032002cfc18fc18fc18fc18fc18001500c0001efc18fc18a4ce
  346.109 0a17b3b00003b3c40003060015001400002990
  346.265 0f1006ea00070e0012002e0009001c0009001a00009a48
  346.265 0f1006ea0007a199
  347.053 0217a7f8000fa80c00070e004000000028000a000affff00004d6d
  347.099 02171e0018fc18fc180032002cfc18fc18fc18fc18fc18001500c0001efc18fc18a4ce
  347.192 1e10000000091200010000000000000001000000000000000086dd
  347.192 1e10000000090260
  347.253 1e1000140003060000000000008c5f
  347.253 1e1000140003c263
  347.299 1e040000001673ab
  347.360 1e042c00e700e300b00099009b00a800a00000ffff000000320000000000000000000001e000000000000000100021dfc1
  347.452 1e04001e00061261
  347.484 1e040c000000000000000000000000cabf
  347.544 0617afc8000cafdc00050a0010000000000000001557b5
  347.684 0f1006f1000306ffff0172a41721b2
  347.684 0f1006f10003d05d
  348.132 0217a7f8000fa80c00070e004000000028000a000affff00004d6d
  348.195 02171e0018fc18fc180032002cfc18fc18fc18fc18fc18001500c0001efc18fc18a4ce
  348.273 0f1006f4001326004000000028000a000a000000000000000000000000000000000010000000000000000000004853
  348.304 0f1006f40013c190
  348.382 0f1007d000132600180017ff9c0032002cff9cff9cff9cff9cff9c001500c0001e004000000028000a000a00000b72
  348.413 0f1007d000138067
  349.177 0217a7f8000fa80c00070e004000000028000a000affff00004d6d
  349.239 02171e0018fc18fc180032002cfc18fc18fc18fc18fc18001500c0001efc18fc18a4ce
  349.318 1e10000000091200010000000000000001000000000000000086dd
  349.318 1e10000000090260
  349.395 1e1000140003060000000000008c5f
  349.395 1e1000140003c263
  349.426 1e040000001673ab
  349.503 1e042c00e700e300b00099009b00a800a00000ffff000000320000000000000000000001e000000000000000100021dfc1
  349.581 1e04001e00061261
  349.612 1e040c000000000000000000000000cabf
  350.265 0217a7f8000fa80c00070e004000000028000a000affff00004d6d
  350.311 02171e0018fc18fc180032002cfc18fc18fc18fc18fc18001500c0001efc18fc18a4ce
  350.373 0a17b3b00003b3c40003060015001400002990
  350.543 0f1007e4001122001000000000001509060709096705790000000000000000000000000000000000006e99
  350.543 0f1007e400114068
  351.308 0217a7f8000fa80c00070e004000000028000a000affff00004d6d
  351.371 02171e0018fc18fc180032002cfc18fc18fc18fc18fc18001500c0001efc18fc18a4ce
  351.449 1e10000000091200010000000000000001000000000000000086dd
  351.449 1e10000000090260
  351.526 1e1000140003060000000000008c5f
  351.526 1e1000140003c263
  351.557 1e040000001673ab
  351.635 1e042c00e700e300b00099009b00a800a00000ffff000000320000000000000000000001e000000000000000100021dfc1
  351.712 1e04001e00061261
  351.743 1e040c000000000000000000000000cabf
  351.805 0617afc8000cafdc00050a0010000000000000001557b5
  351.914 0f03070800064450
  351.945 0f030c0000000000000000010000001c88
  352.398 0217a7f8000fa80c00070e004000000028000a000affff00004d6d
  352.446 02171e0018fc18fc180032002cfc18fc18fc18fc18fc18001500c0001efc18fc18a4ce
  352.555 0f1007f8001122000000000000000000000000000000000000000000000000000000000000000000006fb5
  352.555 0f1007f8001181ae
  353.442 0217a7f8000fa80c00070e004000000028000a000affff00004d6d
  353.504 02171e0018fc18fc180032002cfc18fc18fc18fc18fc18001500c0001efc18fc18a4ce
  353.583 1e10000000091200010000000000000001000000000000000086dd
  353.583 1e10000000090260
  353.661 1e1000140003060000000000008c5f
  353.661 1e1000140003c263
  353.692 1e040000001673ab
  353.755 1e042c00e700e300b00099009b00a800a00000ffff000000320000000000000000000001e000000000000000100021dfc1
  353.879 1e04001e00061261
  353.879 1e040c000000000000000000000000cabf
  354.517 0217a7f8000fa80c00070e004000000028000a000affff00004d6d
  354.579 02171e0018fc18fc180032002cfc18fc18fc18fc18fc18001500c0001efc18fc18a4ce
  354.640 0a17b3b00003b3c40003060015001400002990
  354.782 0f10080c00122400c80000000000000000000000000000000000000000000000000014001000000000000085e3
  354.813 0f10080c00128349
  355.574 0217a7f8000fa80c00070e004000000028000a000affff00004d6d
  355.621 02171e0018fc18fc180032002cfc18fc18fc18fc18fc18001500c0001efc18fc18a4ce
  355.714 1e10000000091200010000000000000001000000000000000086dd
  355.714 1e10000000090260
  355.776 1e1000140003060000000000008c5f
  355.776 1e1000140003c263
  355.807 1e040000001673ab
  355.883 1e042c00e700e300b0009c009b00a800a00000ffff000000320000000000000000000001e000000000000000100021b591
  355.961 1e04001e00061261
  355.993 1e040c000000000000000000000000cabf
  356.055 0617afc8000cafdc00050a0010000000000000001557b5
  356.163 0f03070800064450
  356.194 0f030c0000000000000000010000001c88
  356.645 0217a7f8000fa80c00070e004000000028000a000affff00004d6d
  356.708 02171e0018fc18fc180032002cfc18fc18fc18fc18fc18001500c0001efc18fc18a4ce
  356.786 0f10082000122400e700e300b0009c009b00a800a000320000000000000000000001e00010002109670579f788
  356.832 0f10082000124280
  357.697 0217a7f8000fa80c00070e004000000028000a000affff00004d6d
  357.742 02171e0018fc18fc180032002cfc18fc18fc18fc18fc18001500c0001efc18fc18a4ce
  357.837 1e10000000091200010000000000000001000000000000000086dd
  357.837 1e10000000090260
  357.899 1e1000140003060000000000008c5f
  357.899 1e1000140003c263
  357.946 1e040000001673ab
  358.008 1e042c00e700e300b1009c009b00a800a30000ffff000000320000000000000000000001e0000000000000001000210d3c
  358.132 1e04001e00061261
  358.132 1e040c000000000000000000000000cabf
  358.770 0217a7f8000fa80c00070e004000000028000a000affff00004d6d
  358.833 02171e0018fc18fc180032002cfc18fc18fc18fc18fc18001500c0001efc18fc18a4ce
  358.878 0a17b3b00003b3c40003060015001400002990
  359.064 0f1008340012240000000000000000000000000000000000800000000000000000015e015e00000000000055c5
  359.064 0f10083400120284
  359.827 0217a7f8000fa80c00070e004000000028000a000affff00004d6d
  359.873 02171e0018fc18fc180032002cfc18fc18fc18fc18fc18001500c0001efc18fc18a4ce
  359.966 1e10000000091200010000000000000001000000000000000086dd
  359.966 1e10000000090260
  360.028 1e1000140003060000000000008c5f
  360.028 1e1000140003c263
  360.076 1e040000001673ab
  360.139 1e042c00e700e300b1009c009b00a800a30000ffff000000320000000000000000000001e0000000000000001000210d3c
  360.216 1e04001e00061261
  360.247 1e040c000000000000000000000000cabf
  360.309 0617afc8000cafdc00050a0010000000000000001557b5
  360.418 0f03070800064450
  360.449 0f030c0000000000000000010000001c88
  360.914 0217a7f8000fa80c00070e004000000028000a000affff00004d6d
  360.960 02171e0018fc18fc180032002cfc18fc18fc18fc18fc18001500c0001efc18fc18a4ce
  361.085 0f10084800172e000000000000000000000000000000000000002e0000000000000031000a00000021002e0009001c0009001a00008ebf
  361.085 0f1008480017035f
  361.951 0217a7f8000fa80c00070e004000000028000a000affff00004d6d
  361.998 02171e0018fc18fc180032002cfc18fc18fc18fc18fc18001500c0001efc18fc18a4ce
  362.090 1e10000000091200010000000000000001000000000000000086dd
  362.090 1e10000000090260
  362.152 1e1000140003060000000000008c5f
  362.152 1e1000140003c263
  362.199 1e040000001673ab
  362.261 1e042c00e700e300b1009c009b00a800a30000ffff000000320000000000000000000001e0000000000000001000210d3c
  362.354 1e04001e00061261
  362.386 1e040c000000000000000000000000cabf
  363.041 0217a7f8000fa80c00070e004000000028000a000affff00004d6d
  363.088 02171e0018fc18fc180032002cfc18fc18fc18fc18fc18001500c0001efc18fc18a4ce
  363.135 0a17b3b00003b3c40003060015001400002990
  363.291 0f10086400040800000000000000e85637
  363.291 0f1008640004835b
  364.085 0217a7f8000fa80c00070e004000000028000a000affff00004d6d
  364.131 02171e0018fc18fc180032002cfc18fc18fc18fc18fc18001500c0001efc18fc18a4ce
  364.224 1e10000000091200010000000000000001000000000000000086dd
  364.224 1e10000000090260
  364.285 1e1000140003060000000000008c5f
  364.285 1e1000140003c263
  364.331 1e040000001673ab
  364.394 1e042c00e700e300b1009c009b00a800a30000ffff000000320000000000000000000001e0000000000000001000210d3c
  364.518 1e04001e00061261
  364.518 1e040c000000000000000000000000cabf
  364.565 0617afc8000cafdc00050a0010000000000000001557b5
  364.690 0f03070800064450
  364.721 0f030c0000000000000000010000001c88
  365.175 0217a7f8000fa80c00070e004000000028000a000affff00004d6d
  365.222 02171e0018fc18fc180032002cfc18fc18fc18fc18fc18001500c0001efc18fc18a4ce
  365.332 0f100870001122046c000001f501a701b501a700ca0000000000000000012a05c3785b0000000000002aae
  365.332 0f10087000110290
  366.215 0217a7f8000fa80c00070e004000000028000a000affff00004d6d
  366.277 02171e0018fc18fc180032002cfc18fc18fc18fc18fc18001500c0001efc18fc18a4ce
  366.355 1e10000000091200010000000000000001000000000000000086dd
  366.355 1e10000000090260
  366.418 1e1000140003060000000000008c5f
  366.418 1e1000140003c263
  366.464 1e040000001673ab
  366.527 1e042c00e700e300b1009c009b00a800a30000ffff000000320000000000000000000001e0000000000000001000210d3c
  366.620 1e04001e00061261
  366.651 1e040c000000000000000000000000cabf
  367.292 0217a7f8000fa80c00070e004000000028000a000affff00004d6d
  367.354 02171e0018fc18fc180032002cfc18fc18fc18fc18fc18001500c0001efc18fc18a4ce
  367.401 0a17b3b00003b3c40003060015001400002990
  368.490 0217a7f8000fa80c00070e004000000028000a000affff00004d6d
  368.490 02171e0018fc18fc180032002cfc18fc18fc18fc18fc18001500c0001efc18fc18a4ce
  368.490 1e10000000091200010000000000000001000000000000000086dd
  368.490 1e10000000090260
  368.601 1e1000140003060000000000008c5f
  368.601 1e1000140003c263
  368.601 1e040000001673ab
  368.662 1e042c00e700e300b1009c009b00a800a30000ffff000000320000000000000000000001e0000000000000001000210d3c
  368.788 1e04001e00061261
  368.788 1e040c000000000000000000000000cabf
  368.835 0617afc8000cafdc00050a0010000000000000001557b5
  368.943 0f03070800064450
  369.551 0217a7f8000fa80c00070e004000000028000a000affff00004d6d
  369.551 02171e0018fc18fc180032002cfc18fc18fc18fc18fc18001500c0001efc18fc18a4ce
  370.530 0f100884003c837f
  370.530 0217a7f8000fa80c00070e004000000028000a000affff00004d6d
  370.530 02171e0018fc18fc180032002cfc18fc18fc18fc18fc18001500c0001efc18fc18a4ce
  370.623 1e10000000091200010000000000000001000000000000000086dd
  370.623 1e10000000090260
  370.686 1e1000140003060000000000008c5f
  370.686 1e1000140003c263
  370.733 1e040000001673ab
  370.795 1e042c00e700e300b1009c009b00a800a30000ffff000000320000000000000000000001e0000000000000001000210d3c
  370.904 1e04001e00061261
  370.904 1e040c000000000000000000000000cabf
  371.556 0217a7f8000fa80c00070e004000000028000a000affff00004d6d
  371.619 02171e0018fc18fc180032002cfc18fc18fc18fc18fc18001500c0001efc18fc18a4ce
  371.666 0a17b3b00003b3c40003060015001400002990
  372.601 0217a7f8000fa80c00070e004000000028000a000affff00004d6d
  372.663 02171e0018fc18fc180032002cfc18fc18fc18fc18fc18001500c0001efc18fc18a4ce
  372.741 1e10000000091200010000000000000001000000000000000086dd
  372.741 1e10000000090260
  372.820 1e1000140003060000000000008c5f
  372.820 1e1000140003c263
  372.850 1e040000001673ab
  372.925 1e042c00e700e300b1009c009b00a800a30000ffff000000320000000000000000000001e0000000000000001000210d3c
  373.003 1e04001e00061261
  373.034 1e040c000000000000000000000000cabf
  373.097 0617afc8000cafdc00050a0010000000000000001557b5
  373.205 0f03070800064450
  373.237 0f030c0000000040008000010b000076ba
  373.347 0f1005320012240002000000000000000000010000000100010000000000000000000000000000000000000096
  373.347 0f1005320012e029
  373.692 0217a7f8000fa80c00070e004000000028000a000affff00004d6d
  373.739 02171e0018fc18fc180032002cfc18fc18fc18fc18fc18001500c0001efc18fc18a4ce
  373.818 0f1006f1000306ffff0172a41721b2
  373.818 0f1006f10003d05d
  373.895 0f10086400040800000000000000e85637
  373.895 0f1008640004835b
  374.737 0217a7f8000fa80c00070e004000000028000a000affff00004d6d
  374.785 02171e0018fc18fc180032002cfc18fc18fc18fc18fc18001500c0001efc18fc18a4ce
  374.877 1e10000000091200010000000000000001000000000000000086dd
  374.877 1e10000000090260
  374.940 1e1000140003060000000000008c5f
  374.940 1e1000140003c263
  374.987 1e040000001673ab
  375.049 1e042c00e700e300b1009c009b00a800a30000ffff000000320000000000000000000001e0000000000000001000210d3c
  375.127 1e04001e00061261
  375.159 1e040c000000000000000000000000cabf
  375.815 0217a7f8000fa80c00070e004000000028000a000affff00004d6d
  375.861 02171e0018fc18fc180032002cfc18fc18fc18fc18fc18001500c0001efc18fc18a4ce
  375.923 0a17b3b00003b3c40003060015001400002990
  376.856 0217a7f8000fa80c00070e004000000028000a000affff00004d6d
  376.918 02171e0018fc18fc180032002cfc18fc18fc18fc18fc18001500c0001efc18fc18a4ce
  376.995 1e10000000091200010000000000000001000000000000000086dd
  376.995 1e10000000090260
  377.073 1e1000140003060000000000008c5f
  377.073 1e1000140003c263
  377.105 1e040000001673ab
  377.182 1e042c00e700e300b1009c009b00a800a30000ffff000000320000000000000000000001e0000000000000001000210d3c
  377.261 1e04001e00061261
  377.292 1e040c000000000000000000000000cabf
  377.355 0617afc8000cafdc00050a0010000000000000001557b5
  377.464 0f03070800064450
  377.496 0f030c00000000ffff867f03df000066ad
  377.590 0f1003e8000e1c0019001300280000000000000015001300020028001e000100140002e77e
  377.590 0f1003e8000ec093
  377.947 0217a7f8000fa80c00070e004000000028000a000affff00004d6d
  377.993 02171e0018fc18fc180032002cfc18fc18fc18fc18fc18001500c0001efc18fc18a4ce
  378.072 0f1003fc000b160028000a0037000000000000000200120028001e003c369e
  378.102 0f1003fc000b4094
  378.181 0f1007d000132600180017ff9c0032002cff9cff9cff9cff9cff9c001500c0001e004000000028000a000a00000b72
  378.212 0f1007d000138067
  378.990 0217a7f8000fa80c00070e004000000028000a000affff00004d6d
  379.051 02171e0018fc18fc180032002cfc18fc18fc18fc18fc18001500c0001efc18fc18a4ce
  379.128 1e10000000091200010000000000000001000000000000000086dd
  379.128 1e10000000090260
  379.206 1e1000140003060000000000008c5f
  379.206 1e1000140003c263
  379.238 1e040000001673ab
  379.300 1e042c00e700e300b100a0009b00a800a30000ffff000000320000000000000000000001e000000000000000100021f03e
  379.394 1e04001e00061261
  379.425 1e040c000000000000000000000000cabf
  379.517 0f10041000162c0028000a0037000000000000000200120028001e003c001200140027002800070001003e000d0006003c0000d569
  379.641 0f1004100016401c
  380.076 0217a7f8000fa80c00070e004000000028000a000affff00004d6d
  380.123 02171e0018fc18fc180032002cfc18fc18fc18fc18fc18001500c0001efc18fc18a4ce
  380.184 0a17b3b00003b3c40003060015001400002990
  380.339 0f10041000162c0028000a0037000000000000000200120028001e003c001200140027002800070001003e000d0006003c0000d569
  380.386 0f1004100016401c
  380.464 0f1007e4001122001000000000001509060709096705790000000000000000000000000000000000006e99
  380.511 0f1007e400114068
  381.165 0217a7f8000fa80c00070e004000000028000a000affff00004d6d
  381.226 02171e0018fc18fc180032002cfc18fc18fc18fc18fc18001500c0001efc18fc18a4ce
  381.304 1e10000000091200010000000000000001000000000000000086dd
  381.304 1e10000000090260
  381.366 1e1000140003060000000000008c5f
  381.366 1e1000140003c263
  381.412 1e040000001673ab
  381.473 1e042c00e700e300b100a0009b00a800a30000ffff000000320000000000000000000001e000000000000000100021f03e
  381.565 1e04001e00061261
  381.595 1e040c000000000000000000000000cabf
  381.643 0617afc8000cafdc00050a0010000000000000001557b5
  381.797 0f10042e000f1e0001000000000014fff6000500280000002d0000000000000000000000003295
  381.843 0f10042e000fe01a
  382.247 0217a7f8000fa80c00070e004000000028000a000affff00004d6d
  382.294 02171e0018fc18fc180032002cfc18fc18fc18fc18fc18001500c0001efc18fc18a4ce
  382.372 0f100442000d1a000100130000001c0000fff800050028000000000000000a000a244d
  382.450 0f100442000da1c6
  382.529 0f1007d000132600180017ff9c0032002cff9cff9cff9cff9cff9c001500c0001e004000000028000a000a00000b72
  382.576 0f1007d000138067
  383.304 0217a7f8000fa80c00070e004000000028000a000affff00004d6d
  383.350 02171e0018fc18fc180032002cfc18fc18fc18fc18fc18001500c0001efc18fc18a4ce
  383.442 1e10000000091200010000000000000001000000000000000086dd
  383.442 1e10000000090260
  383.505 1e1000140003060000000000008c5f
  383.505 1e1000140003c263
  383.536 1e040000001673ab
  383.614 1e042c00e700e300b100a0009b00a800a30000ffff000000320000000000000000000001e000000000000000100021f03e
  383.690 1e04001e00061261
  383.721 1e040c000000000000000000000000cabf
  383.830 0f100456000c18000000060014001e00000006ffffffff00000000000000010aef
  383.830 0f100456000c2002
  384.374 0217a7f8000fa80c00070e004000000028000a000affff00004d6d
  384.436 02171e0018fc18fc180032002cfc18fc18fc18fc18fc18001500c0001efc18fc18a4ce
  384.483 0a17b3b00003b3c40003060015001400002990
  384.638 0f10046a001224000000000000000000000000000000000000000000000000000000000000000000000000874b
  384.716 0f10046a00126006
  384.794 0f1007e4001122001000000000001509060709096705790000000000000000000000000000000000006e99
  384.825 0f1007e400114068
  385.431 0217a7f8000fa80c00070e004000000028000a000affff00004d6d
  385.493 02171e0018fc18fc180032002cfc18fc18fc18fc18fc18001500c0001efc18fc18a4ce
  385.569 1e10000000091200010000000000000001000000000000000086dd
  385.569 1e10000000090260
  385.632 1e1000140003060000000000008c5f
  385.632 1e1000140003c263
  385.677 1e040000001673ab
  385.738 1e042c00e700e300b100a0009b00a800a30000ffff000000320000000000000000000001e000000000000000100021f03e
  385.830 1e04001e00061261
  385.861 1e040c000000000000000000000000cabf
  385.923 0617afc8000cafdc00050a0010000000000000001557b5
  386.062 0f1004a6000d1a00000000000000000000000000000000000000004a2000000000ca30
  386.107 0f1004a6000de1f1
  386.510 0217a7f8000fa80c00070e004000000028000a000affff00004d6d
  386.572 02171e0018fc18fc180032002cfc18fc18fc18fc18fc18001500c0001efc18fc18a4ce
  386.667 0f1004ba00162c001400000000000000000019002800040007000a001e0001001e0001001e0001000100000000000000280037b494
  386.730 0f1004ba0016603c
  386.808 0f1007d000132600180017ff9c0032002cff9cff9cff9cff9cff9c001500c0001e004000000028000a000a00000b72
  386.856 0f1007d000138067
  387.568 0217a7f8000fa80c00070e004000000028000a000affff00004d6d
  387.615 02171e0018fc18fc180032002cfc18fc18fc18fc18fc18001500c0001efc18fc18a4ce
  387.693 1e10000000091200010000000000000001000000000000000086dd
  387.693 1e10000000090260
  387.771 1e1000140003060000000000008c5f
  387.771 1e1000140003c263
  387.803 1e040000001673ab
  387.865 1e042c00e700e300b100a0009b00a800a30000ffff000000320000000000000000000001e000000000000000100021f03e
  387.988 1e04001e00061261
  387.988 1e040c000000000000000000000000cabf
  388.067 0f1005320012240002000000000000000000010000000100010000000000000000000000000000000000000096
  388.113 0f1005320012e029
  388.638 0217a7f8000fa80c00070e004000000028000a000affff00004d6d
  388.699 02171e0018fc18fc180032002cfc18fc18fc18fc18fc18001500c0001efc18fc18a4ce
  388.745 0a17b3b00003b3c40003060015001400002990
  388.901 0f1005460014280005000100020000000000000000000000000002000000000000000200000000000000000000000094fd
  388.978 0f10054600142031
  389.040 0f1007e4001122001000000000001509060709096705790000000000000000000000000000000000006e99
  389.118 0f1007e400114068
  389.695 0217a7f8000fa80c00070e004000000028000a000affff00004d6d
  389.743 02171e0018fc18fc180032002cfc18fc18fc18fc18fc18001500c0001efc18fc18a4ce
  389.820 1e10000000091200010000000000000001000000000000000086dd
  389.820 1e10000000090260
  389.898 1e1000140003060000000000008c5f
  389.898 1e1000140003c263
  389.930 1e040000001673ab
  389.991 1e042c00e700e300b2009c009b00a800a30000ffff000000320000000000000000000001e0000000000000001000211688
  390.085 1e04001e00061261
  390.116 1e040c000000000000000000000000cabf
  390.177 0617afc8000cafdc00050a0010000000000000001557b5
  390.366 0f10055a002142000100000000001f000c000000000000001f000c0000007f000100000015001f000c0000003b0017001f000c0000007f000000000000001f000c000000000000001faa1c
  390.428 0f10055a002121e0
  390.770 0217a7f8000fa80c00070e004000000028000a000affff00004d6d
  390.817 02171e0018fc18fc180032002cfc18fc18fc18fc18fc18001500c0001efc18fc18a4ce
  390.941 0f10057b002142000c00000000000000000000001f000c000000000000001f000c00000000000000000000001f000c000000000000001f000c00000000000000000000001f000c00009d7a
  391.017 0f10057b002171ea
  391.095 0f1007d000132600180017ff9c0032002cff9cff9cff9cff9cff9c001500c0001e004000000028000a000a00000b72
  391.173 0f1007d000138067
  391.814 0217a7f8000fa80c00070e004000000028000a000affff00004d6d
  391.862 02171e0018fc18fc180032002cfc18fc18fc18fc18fc18001500c0001efc18fc18a4ce
  391.954 1e10000000091200010000000000000001000000000000000086dd
  391.954 1e10000000090260
  392.016 1e1000140003060000000000008c5f
  392.016 1e1000140003c263
  392.062 1e040000001673ab
  392.125 1e042c00e700e300b2009c009b00a800a30000ffff000000320000000000000000000001e0000000000000001000211688
  392.249 1e04001e00061261
  392.249 1e040c000000000000000000000000cabf
  392.359 0f10059c00214200000000001f000c00000000000000000000001f000c000000000000001f000c00000000000000000000001f000c000000000000001f000c000000000003000000000a3c
  392.900 0217a7f8000fa80c00070e004000000028000a000affff00004d6d
  392.946 02171e0018fc18fc180032002cfc18fc18fc18fc18fc18001500c0001efc18fc18a4ce
  392.993 0a17b3b00003b3c40003060015001400002990
  393.179 0f10059c00214200000000001f000c00000000000000000000001f000c000000000000001f000c00000000000000000000001f000c000000000000001f000c000000000003000000000a3c
  393.272 0f10059c0021c1dd
  393.349 0f1007e4001122001000000000001509060709096705790000000000000000000000000000000000006e99
  393.381 0f1007e400114068
  393.954 0217a7f8000fa80c00070e004000000028000a000affff00004d6d
  394.001 02171e0018fc18fc180032002cfc18fc18fc18fc18fc18001500c0001efc18fc18a4ce
  394.078 1e10000000091200010000000000000001000000000000000086dd
  394.078 1e10000000090260
  394.141 1e1000140003060000000000008c5f
  394.141 1e1000140003c263
  394.187 1e040000001673ab
  394.250 1e042c00e700e300b2009c009b00a800a30000ffff000000320000000000000000000001e0000000000000001000211688
  394.343 1e04001e00061261
  394.373 1e040c000000000000000000000000cabf
  394.435 0617afc8000cafdc00050a0010000000000000001557b5
  394.620 0f1005bd00214200000000001f000c000000000000001f000c00000000000000000000001f000c000000000000001f000c00000000000000000000001f000c000000000000001f000c9373
  394.651 0f1005bd002191d7
  395.024 0217a7f8000fa80c00070e004000000028000a000affff00004d6d
  395.070 02171e0018fc18fc180032002cfc18fc18fc18fc18fc18001500c0001efc18fc18a4ce
  395.195 0f1005de00214200000000000000000000001f000c000000000000001f000c00000000000000000000001f000c000000000000001f000c00000000000000000000001f000c0000000078fc
  395.243 0f1005de002161c9
  395.320 0f1007d000132600180017ff9c0032002cff9cff9cff9cff9cff9c001500c0001e004000000028000a000a00000b72
  395.368 0f1007d000138067
  396.070 0217a7f8000fa80c00070e004000000028000a000affff00004d6d
  396.131 02171e0018fc18fc180032002cfc18fc18fc18fc18fc18001500c0001efc18fc18a4ce
  396.208 1e10000000091200010000000000000001000000000000000086dd
  396.208 1e10000000090260
  396.286 1e1000140003060000000000008c5f
  396.286 1e1000140003c263
  396.317 1e040000001673ab
  396.394 1e042c00e700e300b2009c009b00a800a30000ffff000000320000000000000000000001e0000000000000001000211688
  396.472 1e04001e00061261
  396.504 1e040c000000000000000000000000cabf
  396.627 0f1005ff0021420000001f000c00000000000000000000001f000c000000000000001f000c00000000000000000000001f000c000000000000001f000c0000000000000000000100000baf
  397.155 0217a7f8000fa80c00070e004000000028000a000affff00004d6d
  397.202 02171e0018fc18fc180032002cfc18fc18fc18fc18fc18001500c0001efc18fc18a4ce
  397.264 0a17b3b00003b3c40003060015001400002990
  397.450 0f1005ff0021420000001f000c00000000000000000000001f000c000000000000001f000c00000000000000000000001f000c000000000000001f000c0000000000000000000100000baf
  397.512 0f1005ff002131c3
  397.590 0f1007e4001122001000000000001509060709096705790000000000000000000000000000000000006e99
  397.636 0f1007e400114068
  398.210 0217a7f8000fa80c00070e004000000028000a000affff00004d6d
  398.256 02171e0018fc18fc180032002cfc18fc18fc18fc18fc18001500c0001efc18fc18a4ce
  398.349 1e10000000091200010000000000000001000000000000000086dd
  398.349 1e10000000090260
  398.410 1e1000140003060000000000008c5f
  398.410 1e1000140003c263
  398.441 1e040000001673ab
  398.519 1e042c00e700e300b2009c009b00a800a30000ffff000000320000000000000000000001e0000000000000001000211688
  398.596 1e04001e00061261
  398.628 1e040c000000000000000000000000cabf
  398.690 0617afc8000cafdc00050a0010000000000000001557b5
  398.876 0f1006200021420000001f000c000000000000001f000c00000000000000000000001f000c000000000000001f000c00000000000000000000001f000c000000000000001f000c000041fc
  398.922 0f1006200021007d
  399.279 0217a7f8000fa80c00070e004000000028000a000affff00004d6d
  399.341 02171e0018fc18fc180032002cfc18fc18fc18fc18fc18001500c0001efc18fc18a4ce
  399.450 0f1006410021420000000000000000001f000c000000000000001f000c00000000000000000000001f000c000000000000001f000c00000000000000000000001f000c00000000000091ef
  399.528 0f100641002151a3
  399.605 0f1007d000132600180017ff9c0032002cff9cff9cff9cff9cff9c001500c0001e004000000028000a000a00000b72
  399.636 0f1007d000138067
  400.336 0217a7f8000fa80c00070e004000000028000a000affff00004d6d
  400.383 02171e0018fc18fc180032002cfc18fc18fc18fc18fc18001500c0001efc18fc18a4ce
  400.475 1e10000000091200010000000000000001000000000000000086dd
  400.475 1e10000000090260
  400.537 1e1000140003060000000000008c5f
  400.537 1e1000140003c263
  400.583 1e040000001673ab
  400.646 1e042c00e700e300b2009c009b00a700a00000ffff000000320000000000000000000001e000000000000000100021c28b
  400.769 1e04001e00061261
  400.769 1e040c000000000000000000000000cabf
  400.877 0f100662002142001f000c00000000000000000000001f000c000000000000001f000c00000000000000000000001f000c000000000000001f000c00000000000000000001000000008290
  401.405 0217a7f8000fa80c00070e004000000028000a000affff00004d6d
  401.467 02171e0018fc18fc180032002cfc18fc18fc18fc18fc18001500c0001efc18fc18a4ce
  401.515 0a17b3b00003b3c40003060015001400002990
  401.716 0f100662002142001f000c00000000000000000000001f000c000000000000001f000c00000000000000000000001f000c000000000000001f000c00000000000000000001000000008290
  401.746 0f1006620021a069
  401.823 0f1007e4001122001000000000001509060709096705790000000000000000000000000000000000006e99
  401.870 0f1007e400114068
  402.459 0217a7f8000fa80c00070e004000000028000a000affff00004d6d
  402.521 02171e0018fc18fc180032002cfc18fc18fc18fc18fc18001500c0001efc18fc18a4ce
  402.598 1e10000000091200010000000000000001000000000000000086dd
  402.598 1e10000000090260
  402.707 1e1000140003060000000000008c5f
  402.707 1e1000140003c263
  402.707 1e040000001673ab
  402.768 1e042c00e700e300b2009c009b00a700a00000ffff000000320000000000000000000001e000000000000000100021c28b
  402.892 1e04001e00061261
  402.892 1e040c000000000000000000000000cabf
  402.938 0617afc8000cafdc00050a0010000000000000001557b5
  403.138 0f100683002142001f000c000000000000001f000c0000007f000100000015001f000c0000003b0017001f000c0000007f000000000000001f000c000000000000001f000c000000007b61
  403.168 0f1006830021f05f
  403.541 0217a7f8000fa80c00070e004000000028000a000affff00004d6d
  403.588 02171e0018fc18fc180032002cfc18fc18fc18fc18fc18001500c0001efc18fc18a4ce
  403.711 0f1006a4002142000000000000001f000c000000000000001f000c00000000000000000000001f000c000000000000001f000c00000000000000000000001f000c000000000000001f24e7
  403.758 0f1006a400214054
  403.835 0f1007d000132600180017ff9c0032002cff9cff9cff9cff9cff9c001500c0001e004000000028000a000a00000b72
  403.897 0f1007d000138067
  404.596 0217a7f8000fa80c00070e004000000028000a000affff00004d6d
  404.642 02171e0018fc18fc180032002cfc18fc18fc18fc18fc18001500c0001efc18fc18a4ce
  404.720 1e10000000091200010000000000000001000000000000000086dd
  404.720 1e10000000090260
  404.783 1e1000140003060000000000008c5f
  404.783 1e1000140003c263
  404.829 1e040000001673ab
  404.892 1e042c00e700e300b2009c009b00a700a00000ffff000000320000000000000000000001e000000000000000100021c28b
  404.986 1e04001e00061261
  405.018 1e040c000000000000000000000000cabf
  405.126 0f1006c5002142000c00000000000000000000001f000c000000000000001f000c00000000000000000000001f000c000000000000001f000c0000000000030000006c0004000000000e20
  405.172 0f1006c50021118a
  405.665 0217a7f8000fa80c00070e004000000028000a000affff00004d6d
  405.727 02171e0018fc18fc180032002cfc18fc18fc18fc18fc18001500c0001efc18fc18a4ce
  405.774 0a17b3b00003b3c40003060015001400002990
  405.897 0f1006ea00070e0011002f0009001c0009001a00009b77
  405.943 0f1006ea0007a199
  406.021 0f1007e4001122001000000000001509060709096705790000000000000000000000000000000000006e99
  406.068 0f1007e400114068
  406.719 0217a7f8000fa80c00070e004000000028000a000affff00004d6d
  406.782 02171e0018fc18fc180032002cfc18fc18fc18fc18fc18001500c0001efc18fc18a4ce
  406.859 1e10000000091200010000000000000001000000000000000086dd
  406.859 1e10000000090260
  406.936 1e1000140003060000000000008c5f
  406.936 1e1000140003c263
  406.967 1e040000001673ab
  407.044 1e042c00e700e300b2009c009b00a700a00000ffff000000320000000000000000000001e000000000000000100021c28b
  407.121 1e04001e00061261
  407.153 1e040c000000000000000000000000cabf
  407.214 0617afc8000cafdc00050a0010000000000000001557b5
  407.323 0f1006f1000306ffff0172a41721b2
  407.369 0f1006f10003d05d
  407.804 0217a7f8000fa80c00070e004000000028000a000affff00004d6d
  407.867 02171e0018fc18fc180032002cfc18fc18fc18fc18fc18001500c0001efc18fc18a4ce
  407.945 0f1006f4001326004000000028000a000a000000000000000000000000000000000010000000000000000000004853
  408.006 0f1006f40013c190
  408.083 0f1007d000132600180017ff9c0032002cff9cff9cff9cff9cff9c001500c0001e004000000028000a000a00000b72
  408.344 0f1007d000138067
  408.857 0217a7f8000fa80c00070e004000000028000a000affff00004d6d
  408.904 02171e0018fc18fc180032002cfc18fc18fc18fc18fc18001500c0001efc18fc18a4ce
  408.998 1e10000000091200010000000000000001000000000000000086dd
  408.998 1e10000000090260
  409.060 1e1000140003060000000000008c5f
  409.060 1e1000140003c263
  409.092 1e040000001673ab
  409.168 1e042c00e700e300b2009c009b00a700a00000ffff000000320000000000000000000001e000000000000000100021c28b
  409.247 1e04001e00061261
  409.278 1e040c000000000000000000000000cabf
  409.928 0217a7f8000fa80c00070e004000000028000a000affff00004d6d
  409.976 02171e0018fc18fc180032002cfc18fc18fc18fc18fc18001500c0001efc18fc18a4ce
  410.038 0a17b3b00003b3c40003060015001400002990
  410.196 0f1007d000132600180017ff9c0032002cff9cff9cff9cff9cff9c001500c0001e004000000028000a000a00000b72
  410.288 0f1007d000138067
  410.972 0217a7f8000fa80c00070e004000000028000a000affff00004d6d
  411.034 02171e0018fc18fc180032002cfc18fc18fc18fc18fc18001500c0001efc18fc18a4ce
  411.112 1e10000000091200010000000000000001000000000000000086dd
  411.112 1e10000000090260
  411.175 1e1000140003060000000000008c5f
  411.175 1e1000140003c263
  411.222 1e040000001673ab
  411.298 1e042c00e700e300b2009c009b00a700a00000ffff000000320000000000000000000001e000000000000000100021c28b
  411.374 1e04001e00061261
  411.405 1e040c000000000000000000000000cabf
  411.468 0617afc8000cafdc00050a0010000000000000001557b5
  411.576 0f03070800064450
  411.623 0f030c00000000ff00000003dc000093ce
  411.732 0f1006410021420000000000000000001f000c000000000000001f000c00000000000000000000001f000c000000000000001f000c00000000000000000000001f000c00000000000091ef
  411.825 0f100641002151a3
  412.070 0217a7f8000fa80c00070e004000000028000a000affff00004d6d
  412.117 02171e0018fc18fc180032002cfc18fc18fc18fc18fc18001500c0001efc18fc18a4ce
  412.241 0f100662002142001f000c00000000000000000000001f000c000000000000001f000c00000000000000000000001f000c000000000000001f000c00000000000000000001000000008290
  412.288 0f1006620021a069
  412.382 0f1007d000132600180017ff9c0032002cff9cff9cff9cff9cff9c001500c0001e004000000028000a000a00000b72
  412.413 0f1007d000138067
  413.115 0217a7f8000fa80c00070e004000000028000a000affff00004d6d
  413.162 02171e0018fc18fc180032002cfc18fc18fc18fc18fc18001500c0001efc18fc18a4ce
  413.255 1e10000000091200010000000000000001000000000000000086dd
  413.255 1e10000000090260
  413.317 1e1000140003060000000000008c5f
  413.317 1e1000140003c263
  413.348 1e040000001673ab
  413.424 1e042c00e700e300b2009c009b00a700a00000ffff000000320000000000000000000001e000000000000000100021c28b
  413.502 1e04001e00061261
  413.533 1e040c000000000000000000000000cabf
  413.658 0f100683002142001f000c000000000000001f000c0000007f000100000015001f000c0000003b0017001f000c0000007f000000000000001f000c000000000000001f000c000000007b61
  413.720 0f1006830021f05f
  414.187 0217a7f8000fa80c00070e004000000028000a000affff00004d6d
  414.234 02171e0018fc18fc180032002cfc18fc18fc18fc18fc18001500c0001efc18fc18a4ce
  414.295 0a17b3b00003b3c40003060015001400002990
  414.482 0f1006a4002142000000000000001f000c000000000000001f000c00000000000000000000001f000c000000000000001f000c00000000000000000000001f000c000000000000001f24e7
  414.513 0f1006a400214054
  414.605 0f1007e4001122001000000000001509060709096705790000000000000000000000000000000000006e99
  414.605 0f1007e400114068
  415.240 0217a7f8000fa80c00070e004000000028000a000affff00004d6d
  415.287 02171e0018fc18fc180032002cfc18fc18fc18fc18fc18001500c0001efc18fc18a4ce
  415.381 1e10000000091200010000000000000001000000000000000086dd
  415.381 1e10000000090260
  415.443 1e1000140003060000000000008c5f
  415.443 1e1000140003c263
  415.490 1e040000001673ab
  415.553 1e042c00e700e300b2009c009b00a700a00000ffff000000320000000000000000000001e000000000000000100021c28b
  415.630 1e04001e00061261
  415.662 1e040c000000000000000000000000cabf
  415.724 0617afc8000cafdc00050a0010000000000000001557b5
  415.912 0f1006c5002142000c00000000000000000000001f000c000000000000001f000c00000000000000000000001f000c000000000000001f000c0000000000030000006c0004000000000e20
  416.051 0f1006c50021118a
  416.316 0217a7f8000fa80c00070e004000000028000a000affff00004d6d
  416.363 02171e0018fc18fc180032002cfc18fc18fc18fc18fc18001500c0001efc18fc18a4ce
  416.487 0f1006c5002142000c00000000000000000000001f000c000000000000001f000c00000000000000000000001f000c000000000000001f000c0000000000030000006c0004000000000e20
  416.641 0f1007f8001122000000000000000000000000000000000000000000000000000000000000000000006fb5
  416.702 0f1007f8001181ae
  417.371 0217a7f8000fa80c00070e004000000028000a000affff00004d6d
  417.417 02171e0018fc18fc180032002cfc18fc18fc18fc18fc18001500c0001efc18fc18a4ce
  417.509 1e10000000091200010000000000000001000000000000000086dd
  417.509 1e10000000090260
  417.572 1e1000140003060000000000008c5f
  417.572 1e1000140003c263
  417.618 1e040000001673ab
  417.681 1e042c00e700e300b2009c009b00a700a00000ffff000000320000000000000000000001e000000000000000100021c28b
  417.760 1e04001e00061261
  417.790 1e040c000000000000000000000000cabf
  417.914 0f1006c5002142000c00000000000000000000001f000c000000000000001f000c00000000000000000000001f000c000000000000001f000c0000000000030000006c0004000000000e20
  417.992 0f1006c50021118a
  418.445 0217a7f8000fa80c00070e004000000028000a000affff00004d6d
  418.506 02171e0018fc18fc180032002cfc18fc18fc18fc18fc18001500c0001efc18fc18a4ce
  418.553 0a17b3b00003b3c40003060015001400002990
  418.677 0f1006ea00070e001e002f0009001c0009001a00008f78
  418.724 0f1006ea0007a199
  418.831 0f10080c00122400c80000000000000000000000000000000000000000000000000014001000000000000085e3
  418.831 0f10080c00128349
  419.498 0217a7f8000fa80c00070e004000000028000a000affff00004d6d
  419.562 02171e0018fc18fc180032002cfc18fc18fc18fc18fc18001500c0001efc18fc18a4ce
  419.638 1e10000000091200010000000000000001000000000000000086dd
  419.638 1e10000000090260
  419.700 1e1000140003060000000000008c5f
  419.700 1e1000140003c263
  419.747 1e040000001673ab
  419.810 1e042c00e700e300b2009c009b00a700a00000ffff000000320000000000000000000001e000000000000000100021c28b
  419.904 1e04001e00061261
  419.935 1e040c000000000000000000000000cabf
  419.982 0617afc8000cafdc00050a0010000000000000001557b5
  420.124 0f1006f1000306ffff0172a41721b2
  420.124 0f1006f10003d05d
  420.589 0217a7f8000fa80c00070e004000000028000a000affff00004d6d
  420.634 02171e0018fc18fc180032002cfc18fc18fc18fc18fc18001500c0001efc18fc18a4ce
  420.758 0f1006f4001326004000000028000a000a000000000000000000000000000000000010000000000000000000004853
  420.758 0f1006f40013c190
  420.821 0f1007f8001122000000000000000000000000000000000000000000000000000000000000000000006fb5
  420.853 0f1007f8001181ae
  421.631 0217a7f8000fa80c00070e004000000028000a000affff00004d6d
  438.000 1e04001600081267
  438.000 1e041000000000000000000000000009060709e751
  438.000 0f1004ba00162c001400000000000000000019002800040007000a001e0001001e0001001e0001000100000000000000280037b494
  438.497 0217a7f8000fa80c00070e00400000000000050005ffff0000186d
  438.559 02171e0018fc18fc180032002cfc18fc18fc18fc18fc18001500c0001efc18fc18a4ce
  438.606 c803232800025e1e
  438.715 1e030000000d8660
  438.761 1e031a00000000000000000001000000000000000000000000000100021244
  438.824 0617afc8000cafdc00050a0000000000000000003c5bab
  438.981 0f1707300008071c0008101f9a2eaa701e837be0b7bd31a7128f45ec86
  439.152 0f1004ba00162c001400000000000000000019002800040007000a001e0001001e0001001e0001000100000000000000280037b494
  439.557 0217a7f8000fa80c00070e004000000008003c0005ffff0000d6ae
  439.618 02171e0018fc18fc180032002cfc18fc18fc18fc18fc18001500c0001efc18fc18a4ce
  439.649 c803232800025e1e
  439.820 0f1004ba00162c001400000000000000000019002800040007000a001e0001001e0001001e0001000100000000000000280037b494
  439.946 0f10085f00050a0000000000000000000032c2
  440.600 0217a7f8000fa80c00070e004000000008003c0005ffff0000d6ae
  440.661 02171e0018fc18fc180032002cfc18fc18fc18fc18fc18001500c0001efc18fc18a4ce
  440.707 c803232800025e1e
  440.864 1e10000000091200010000000000000001000000000000000086dd
  440.864 1e10000000090260
  440.926 1e1000140003060000000000008c5f
  440.926 1e1000140003c263
  441.003 1e04001600081267
  441.003 1e041000000000000000000000000009060709e751
  441.049 1e040000001673ab
  441.110 1e042c00000000000000000000000000000000000000000032000000000000000000000000000000000000001000212f4f
  441.217 1e04001e00061261
  441.217 1e040c000000000000000000000000cabf
  441.309 0f1004ba00162c001400000000000000000019002800040007000a001e0001001e0001001e0001000100000000000000280037b494
  441.650 0217a7f8000fa80c00070e004000000008003c0005ffff0000d6ae
  441.713 02171e0018fc18fc180032002cfc18fc18fc18fc18fc18001500c0001efc18fc18a4ce
  441.744 c803232800025e1e
  441.869 0a17b3b00003b3c40003060015001400002990
  442.024 0f1004a6000d1a00000000000000000000000000000000000000004a2000000000ca30
  442.149 0f10085f00050a0000000000000000000032c2
  442.742 0217a7f8000fa80c00070e004000000008003c0005ffff0000d6ae
  442.789 02171e0018fc18fc180032002cfc18fc18fc18fc18fc18001500c0001efc18fc18a4ce
  442.836 c803232800025e1e
  442.992 1e10000000091200010000000000000001000000000000000086dd
  442.992 1e10000000090260
  443.054 1e1000140003060000000000008c5f
  443.054 1e1000140003c263
  443.101 1e04001600081267
  443.131 1e041000000000000000000000000009060709e751
  443.178 1e040000001673ab
  443.240 1e042c00000000000000000000000000000000000000000032000000000000000000000000000000000000001000212f4f
  443.362 1e04001e00061261
  443.362 1e040c000000000000000000000000cabf
  443.410 0617afc8000cafdc00050a000000000000000000159a75
  443.580 0f1707300008071c00081008f0ad14326e4b688398593d25eca76b24fa
  443.873 0217a7f8000fa80c00070e004000000008003c0005ffff0000d6ae
  443.920 02171e0018fc18fc180032002cfc18fc18fc18fc18fc18001500c0001efc18fc18a4ce
  443.967 c803232800025e1e
  444.107 0f1004a6000d1a00000000000000000000000000000000000000004a2000000000ca30
  444.230 0f10085f00050a0000000000000000000032c2
  444.822 0217a7f8000fa80c00070e004000000008003c0005ffff0000d6ae
  444.884 02171e0018fc18fc180032002cfc18fc18fc18fc18fc18001500c0001efc18fc18a4ce
  444.931 c803232800025e1e
  445.087 1e10000000091200010000000000000001000000000000000086dd
  445.087 1e10000000090260
  445.149 1e1000140003060000000000008c5f
  445.149 1e1000140003c263
  445.226 1e04001600081267
  445.226 1e041000000000000000000000000009060709e751
  445.257 1e040000001673ab
  445.335 1e042c00000000000000000000000000000000000000000032000000000000000000000000000000000000001000212f4f
  445.414 1e04001e00061261
  445.445 1e040c000000000000000000000000cabf
  445.522 0f1004a6000d1a00000000000000000000000000000000000000004a2000000000ca30
  445.879 0217a7f8000fa80c00070e004000000008003c0005ffff0000d6ae
  445.941 02171e0018fc18fc180032002cfc18fc18fc18fc18fc18001500c0001efc18fc18a4ce
  445.972 c803232800025e1e
  446.096 0a17b3b00003b3c40003060015001400002990
  446.236 0f1004a6000d1a00000000000000000000000000000000000000004a2000000000ca30
  446.361 0f10085f00050a0000000000000000000032c2
  446.968 0217a7f8000fa80c00070e004000000008003c0005ffff0000d6ae
  447.029 02171e0018fc18fc180032002cfc18fc18fc18fc18fc18001500c0001efc18fc18a4ce
  447.062 c803232800025e1e
  447.218 1e10000000091200010000000000000001000000000000000086dd
  447.218 1e10000000090260
  447.281 1e1000140003060000000000008c5f
  447.281 1e1000140003c263
  447.312 1e04001600081267
  447.357 1e041000000000000000000000000009060709e751
  447.388 1e040000001673ab
  447.466 1e042c00000000000000000000000000000000000000000032000000000000000000000000000000000000001000212f4f
  447.545 1e04001e00061261
  447.575 1e040c000000000000000000000000cabf
  447.637 0617afc8000cafdc00050a000000000000000000159a75
  447.795 0f1707300008071c00081001bd6eba71bff920128ab44bae2537ebd1c2
  447.825 0f1710826ed2acbc1b3db93adec93c53087a53646f
  448.060 0217a7f8000fa80c00070e004000000008003c0005ffff0000d6ae
  448.121 02171e0018fc18fc180032002cfc18fc18fc18fc18fc18001500c0001efc18fc18a4ce
  448.153 c803232800025e1e
  448.307 0f1003e8000e1c0019001300280000000000000015001300020028001e000100140002e77e
  449.062 0217a7f8000fa80c00070e004000000008003c000affff000082af
  449.109 02171e0018fc18fc180032002cfc18fc18fc18fc18fc18001500c0001efc18fc18a4ce
  449.155 c803232800025e1e
  449.310 1e10000000091200010000000000000001000000000000000086dd
  449.310 1e10000000090260
  449.371 1e1000140003060000000000008c5f
  449.371 1e1000140003c263
  449.418 1e04001600081267
  449.450 1e041000000000000000000000000009060709e751
  449.496 1e040000001673ab
  449.558 1e042c00000000000000000000000000000000000000000032000000000000000000000000000000000000001000212f4f
  449.636 1e04001e00061261
  449.667 1e040c000000000000000000000000cabf
  449.744 0f1003e8000e1c0019001300280000000000000015001300020028001e000100140002e77e
  450.103 0217a7f8000fa80c00070e004000000008003c000affff000082af
  450.149 02171e0018fc18fc180032002cfc18fc18fc18fc18fc18001500c0001efc18fc18a4ce
  450.196 c803232800025e1e
  450.321 0a17b3b00003b3c40003060015001400002990
  450.463 0f1003e8000e1c0019001300280000000000000015001300020028001e000100140002e77e
  451.186 0217a7f8000fa80c00070e004000000008003c000affff000082af
  451.249 02171e0018fc18fc180032002cfc18fc18fc18fc18fc18001500c0001efc18fc18a4ce
  451.280 c803232800025e1e
  451.435 1e10000000091200010000000000000001000000000000000086dd
  451.435 1e10000000090260
  451.544 1e1000140003060000000000008c5f
  451.544 1e1000140003c263
  451.544 1e04001600081267
  451.575 1e041000000000000000000000000009060709e751
  451.621 1e040000001673ab
  451.683 1e042c00000000000000000000000000000000000000000032000000000000000000000000000000000000001000212f4f
  451.808 1e04001e00061261
  451.808 1e040c000000000000000000000000cabf
  451.855 0617afc8000cafdc00050a000000000000000000159a75
  451.994 0f1003e8000e1c0019001300280000000000000015001300020028001e000100140002e77e
  452.292 0217a7f8000fa80c00070e004000000008003c000affff000082af
  452.340 02171e0018fc18fc180032002cfc18fc18fc18fc18fc18001500c0001efc18fc18a4ce
  452.388 c803232800025e1e
  452.527 0f1003e8000e1c0019001300280000000000000015001300020028001e000100140002e77e
  453.277 0217a7f8000fa80c00070e004000000008003c000affff000082af
  453.324 02171e0018fc18fc180032002cfc18fc18fc18fc18fc18001500c0001efc18fc18a4ce
  453.371 c803232800025e1e
  453.526 1e10000000091200010000000000000001000000000000000086dd
  453.526 1e10000000090260
  453.587 1e1000140003060000000000008c5f
  453.587 1e1000140003c263
  453.618 1e04001600081267
  453.650 1e041000000000000000000000000009060709e751
  453.697 1e040000001673ab
  453.758 1e042c00000000000000000000000000000000000000000032000000000000000000000000000000000000001000212f4f
  453.852 1e04001e00061261
  453.883 1e040c000000000000000000000000cabf
  453.945 0f1003e8000e1c0019001300280000000000000015001300020028001e000100140002e77e
  454.316 0217a7f8000fa80c00070e004000000008003c000affff000082af
  454.379 02171e0018fc18fc180032002cfc18fc18fc18fc18fc18001500c0001efc18fc18a4ce
  454.410 c803232800025e1e
  454.548 0a17b3b00003b3c40003060015001400002990
  454.685 0f1003e8000e1c0019001300280000000000000015001300020028001e000100140002e77e
  455.414 0217a7f8000fa80c00070e004000000008003c000affff000082af
  455.461 02171e0018fc18fc180032002cfc18fc18fc18fc18fc18001500c0001efc18fc18a4ce
  455.507 c803232800025e1e
  455.663 1e10000000091200010000000000000001000000000000000086dd
  455.663 1e10000000090260
  455.724 1e1000140003060000000000008c5f
  455.724 1e1000140003c263
  455.770 1e04001600081267
  455.801 1e041000000000000000000000000009060709e751
  455.847 1e040000001673ab
  455.910 1e042c00000000000000000000000000000000000000000032000000000000000000000000000000000000001000212f4f
  456.018 1e04001e00061261
  456.018 1e040c000000000000000000000000cabf
  456.080 0617afc8000cafdc00050a000000000000000000159a75
  456.233 0f1003e8000e1c0019001300280000000000000015001300020028001e000100140002e77e
  456.513 0217a7f8000fa80c00070e004000000008003c000affff000082af
  456.576 02171e0018fc18fc180032002cfc18fc18fc18fc18fc18001500c0001efc18fc18a4ce
  456.607 c803232800025e1e
  456.763 0f1003e8000e1c0019001300280000000000000015001300020028001e000100140002e77e
  457.498 0217a7f8000fa80c00070e004000000008003c000affff000082af
  457.545 02171e0018fc18fc180032002cfc18fc18fc18fc18fc18001500c0001efc18fc18a4ce
  457.591 c803232800025e1e
  457.731 1e10000000091200010000000000000001000000000000000086dd
  457.870 1e1000140003060000000000008c5f
  457.870 1e1000140003c263
  457.901 1e04001600081267
  457.932 1e041000000000000000000000000009060709e751
  457.979 1e040000001673ab
  458.042 1e042c0000000000000000000000000000000000000000003200000000000000000000000000000000000000180021ae8d
  458.164 1e04001e00061261
  458.164 1e040c000000000000000000000000cabf
  458.227 0f1003e8000e1c0019001300280000000000000015001300020028001e000100140002e77e
  458.537 0217a7f8000fa80c00070e004000000008003c000affff000082af
  458.600 02171e0018fc18fc180032002cfc18fc18fc18fc18fc18001500c0001efc18fc18a4ce
  458.646 c803232800025e1e
  458.770 0a17b3b00003b3c40003060015001400002990
  458.910 0f1003e8000e1c0019001300280000000000000015001300020028001e000100140002e77e
  459.624 0217a7f8000fa80c00070e004000000008003c000affff000082af
  459.687 02171e0018fc18fc180032002cfc18fc18fc18fc18fc18001500c0001efc18fc18a4ce
  459.765 1e10000000091200010000000000000001000000000000000086dd
  459.765 1e10000000090260
  459.828 1e1000140003060000000000008c5f
  459.828 1e1000140003c263
  459.875 1e04001600081267
  459.906 1e04100000000003e80065000000000906070909a4
  459.953 1e040000001673ab
  460.015 1e042c00e700e200b4009c009b00a700a30000ffff000000320000000000000000000001e000000000000000180021c1dd
  460.094 1e04001e00061261
  460.125 1e040c000000000000000000000000cabf
  460.188 0617afc8000cafdc00050a000000000000000000159a75
  460.326 0f1003e8000e1c0019001300280000000000000015001300020028001e000100140002e77e
  460.682 0217a7f8000fa80c00070e004000000008003c000affff000082af
  460.729 02171e0018fc18fc180032002cfc18fc18fc18fc18fc18001500c0001efc18fc18a4ce
  460.807 0f1003e8000e1c0019001300280000000000000015001300020028001e000100140002e77e
  461.721 0217a7f8000fa80c00070e004000000008003c000affff000082af
  461.783 02171e0018fc18fc180032002cfc18fc18fc18fc18fc18001500c0001efc18fc18a4ce
  461.861 1e10000000091200010000000000000001000000000000000086dd
  461.861 1e10000000090260
  461.924 1e1000140003060000000000008c5f
  461.924 1e1000140003c263
  461.971 1e04001600081267
  462.002 1e04100000000003e80065000000000906070909a4
  462.048 1e040000001673ab
  462.110 1e042c00e700e200b4009c009b00a700a30000ffff000000320000000000000000000001e000000000000000180021c1dd
  462.234 1e04001e00061261
  462.234 1e040c000000000000000000000000cabf
  462.296 0f1003e8000e1c0019001300280000000000000015001300020028001e000100140002e77e
  462.764 0217a7f8000fa80c00070e004000000008003c000affff000082af
  462.826 02171e0018fc18fc180032002cfc18fc18fc18fc18fc18001500c0001efc18fc18a4ce
  462.873 0a17b3b00003b3c40003060015001400002990
  463.027 0f1003e8000e1c0019001300280000000000000015001300020028001e000100140002e77e
  463.819 0217a7f8000fa80c00070e004000000008003c000affff000082af
  463.865 02171e0018fc18fc180032002cfc18fc18fc18fc18fc18001500c0001efc18fc18a4ce
  463.958 1e10000000091200010000000000000001000000000000000086dd
  463.958 1e10000000090260
  464.020 1e1000140003060000000000008c5f
  464.020 1e1000140003c263
  464.066 1e04001600081267
  464.097 1e04100000000003e80065000000000906070909a4
  464.143 1e040000001673ab
  464.206 1e042c00e700e200b4009c009b00a700a30000ffff000000320000000000000000000001e000000000000000180021c1dd
  464.329 1e04001e00061261
  464.329 1e040c000000000000000000000000cabf
  464.376 0617afc8000cafdc00050a000000000000000000159a75
  464.517 0f1003e8000e1c0019001300280000000000000015001300020028001e000100140002e77e
  464.860 0217a7f8000fa80c00070e004000000008003c000affff000082af
  464.922 02171e0018fc18fc180032002cfc18fc18fc18fc18fc18001500c0001efc18fc18a4ce
  464.984 0f1003e8000e1c0019001300280000000000000015001300020028001e000100140002e77e
  465.912 0217a7f8000fa80c00070e004000000008003c000affff000082af
  465.959 02171e0018fc18fc180032002cfc18fc18fc18fc18fc18001500c0001efc18fc18a4ce
  466.051 1e10000000091200010000000000000001000000000000000086dd
  466.051 1e10000000090260
  466.113 1e1000140003060000000000008c5f
  466.113 1e1000140003c263
  466.159 1e04001600081267
  466.190 1e04100000000003e80065000000000906070909a4
  466.236 1e040000001673ab
  466.299 1e042c00e700e200b4009c009b00a700a30000ffff000000320000000000000000000001e000000000000000180021c1dd
  466.378 1e04001e00061261
  466.408 1e040c000000000000000000000000cabf
  466.486 0f1003e8000e1c0019001300280000000000000015001300020028001e000100140002e77e
  466.950 0217a7f8000fa80c00070e004000000008003c000affff000082af
  467.011 02171e0018fc18fc180032002cfc18fc18fc18fc18fc18001500c0001efc18fc18a4ce
  467.057 0a17b3b00003b3c40003060015001400002990
  467.212 0f1003e8000e1c0019001300280000000000000015001300020028001e000100140002e77e
  468.002 0217a7f8000fa80c00070e004000000008003c000affff000082af
  468.063 02171e0018fc18fc180032002cfc18fc18fc18fc18fc18001500c0001efc18fc18a4ce
  468.141 1e10000000091200010000000000000001000000000000000086dd
  468.141 1e10000000090260
  468.203 1e1000140003060000000000008c5f
  468.203 1e1000140003c263
  468.249 1e04001600081267
  468.280 1e04100000000003e80065000000000906070909a4
  468.326 1e040000001673ab
  468.389 1e042c00e700e200b4009c009b00a700a30000ffff000000320000000000000000000001e000000000000000180021c1dd
  468.513 1e04001e00061261
  468.513 1e040c000000000000000000000000cabf
  468.560 0617afc8000cafdc00050a000000000000000000159a75
  468.715 0f1003e8000e1c0019001300280000000000000015001300020028001e000100140002e77e
  469.045 0217a7f8000fa80c00070e004000000008003c000affff000082af
  469.108 02171e0018fc18fc180032002cfc18fc18fc18fc18fc18001500c0001efc18fc18a4ce
  469.184 0f1003e8000e1c0019001300280000000000000015001300020028001e000100140002e77e
  470.098 0217a7f8000fa80c00070e004000000008003c000affff000082af
  470.143 02171e0018fc18fc180032002cfc18fc18fc18fc18fc18001500c0001efc18fc18a4ce
  470.237 1e10000000091200010000000000000001000000000000000086dd
  470.237 1e10000000090260
  470.300 1e1000140003060000000000008c5f
  470.300 1e1000140003c263
  470.377 1e04001600081267
  470.377 1e04100000000003e80065000000000906070909a4
  470.424 1e040000001673ab
  470.486 1e042c00eb00e300b4009c009b00a800a30000ffff000000320000000000000000000001e000000000000000180021bfab
  470.564 1e04001e00061261
  470.595 1e040c000000000000000000000000cabf
  470.673 0f1003e8000e1c0019001300280000000000000015001300020028001e000100140002e77e
  471.138 0217a7f8000fa80c00070e004000000008003c000affff000082af
  471.201 02171e0018fc18fc180032002cfc18fc18fc18fc18fc18001500c0001efc18fc18a4ce
  471.248 0a17b3b00003b3c40003060015001400002990
  471.389 0f1003e8000e1c0019001300280000000000000015001300020028001e000100140002e77e
  472.180 0217a7f8000fa80c00070e004000000008003c000affff000082af
  472.241 02171e0018fc18fc180032002cfc18fc18fc18fc18fc18001500c0001efc18fc18a4ce
  472.319 1e10000000091200010000000000000001000000000000000086dd
  472.319 1e10000000090260
  472.396 1e1000140003060000000000008c5f
  472.396 1e1000140003c263
  472.426 1e04001600081267
  472.457 1e04100000000003e80065000000000906070909a4
  472.504 1e040000001673ab
  472.567 1e042c00eb00e300b4009c009b00a800a30000ffff000000320000000000000000000001e000000000000000180021bfab
  472.660 1e04001e00061261
  472.691 1e040c000000000000000000000000cabf
  472.738 0617afc8000cafdc00050a000000000000000000159a75
  472.895 0f1003e8000e1c0019001300280000000000000015001300020028001e000100140002e77e
  473.234 0217a7f8000fa80c00070e004000000008003c000affff000082af
  473.281 02171e0018fc18fc180032002cfc18fc18fc18fc18fc18001500c0001efc18fc18a4ce
  473.359 0f1003e8000e1c0019001300280000000000000015001300020028001e000100140002e77e
  474.276 0217a7f8000fa80c00070e004000000008003c000affff000082af
  474.338 02171e0018fc18fc180032002cfc18fc18fc18fc18fc18001500c0001efc18fc18a4ce
  474.415 1e10000000091200010000000000000001000000000000000086dd
  474.415 1e10000000090260
  474.493 1e1000140003060000000000008c5f
  474.493 1e1000140003c263
  474.524 1e04001600081267
  474.555 1e04100000000003e80065000000000906070909a4
  474.602 1e040000001673ab
  474.664 1e042c00eb00e300b4009c009b00a800a30000ffff000000320000000000000000000001e000000000000000180021bfab
  474.757 1e04001e00061261
  474.788 1e040c000000000000000000000000cabf
  474.865 0f1003e8000e1c0019001300280000000000000015001300020028001e000100140002e77e
  475.333 0217a7f8000fa80c00070e004000000008003c000affff000082af
  475.380 02171e0018fc18fc180032002cfc18fc18fc18fc18fc18001500c0001efc18fc18a4ce
  475.443 0a17b3b00003b3c40003060015001400002990
  475.583 0f1003e8000e1c0019001300280000000000000015001300020028001e000100140002e77e
  476.376 0217a7f8000fa80c00070e004000000008003c000affff000082af
  476.422 02171e0018fc18fc180032002cfc18fc18fc18fc18fc18001500c0001efc18fc18a4ce
  476.517 1e10000000091200010000000000000001000000000000000086dd
  476.517 1e10000000090260
  476.581 1e1000140003060000000000008c5f
  476.581 1e1000140003c263
  476.612 1e04001600081267
  476.659 1e04100000000003e80065000000000906070909a4
  476.690 1e040000001673ab
  476.768 1e042c00eb00e300b4009c009b00a800a30000ffff000000320000000000000000000001e000000000000000180021bfab
  476.845 1e04001e00061261
  476.877 1e040c000000000000000000000000cabf
  476.940 0617afc8000cafdc00050a000000000000000000159a75
  477.079 0f1003e8000e1c0019001300280000000000000015001300020028001e000100140002e77e
  477.421 0217a7f8000fa80c00070e004000000008003c000affff000082af
  477.468 02171e0018fc18fc180032002cfc18fc18fc18fc18fc18001500c0001efc18fc18a4ce
  477.547 0f1003e8000e1c0019001300280000000000000015001300020028001e000100140002e77e
  478.463 0217a7f8000fa80c00070e004000000008003c000affff000082af
  478.511 02171e0018fc18fc180032002cfc18fc18fc18fc18fc18001500c0001efc18fc18a4ce
  478.605 1e10000000091200010000000000000001000000000000000086dd
  478.605 1e10000000090260
  478.666 1e1000140003060000000000008c5f
  478.666 1e1000140003c263
  478.745 1e04001600081267
  478.745 1e04100000000003e80065000000000906070909a4
  478.775 1e040000001673ab
  478.853 1e042c00eb00e300b4009c009b00a800a30000ffff000000320000000000000000000001e000000000000000180021bfab
  478.930 1e04001e00061261
  478.961 1e040c000000000000000000000000cabf
  479.038 0f1003e8000e1c0019001300280000000000000015001300020028001e000100140002e77e
  479.520 0217a7f8000fa80c00070e004000000008003c000affff000082af
  479.567 02171e0018fc18fc180032002cfc18fc18fc18fc18fc18001500c0001efc18fc18a4ce
  479.614 0a17b3b00003b3c40003060015001400002990
  479.771 0f1003e8000e1c0019001300280000000000000015001300020028001e000100140002e77e
  480.563 0217a7f8000fa80c00070e004000000008003c000affff000082af
  480.611 02171e0018fc18fc180032002cfc18fc18fc18fc18fc18001500c0001efc18fc18a4ce
  480.688 1e10000000091200010000000000000001000000000000000086dd
  480.688 1e10000000090260
  480.767 1e1000140003060000000000008c5f
  480.767 1e1000140003c263
  480.798 1e04001600081267
  480.845 1e04100000000003e80065000000000906070909a4
  480.876 1e040000001673ab
  480.954 1e042c00eb00e800b400a0009b00a800a30000ffff000000320000000000000000000001e0000000000000001800217cc6
  481.032 1e04001e00061261
  481.063 1e040c000000000000000000000000cabf
  481.124 0617afc8000cafdc00050a000000000000000000159a75
  481.264 0f1003e8000e1c0019001300280000000000000015001300020028001e000100140002e77e
  481.605 0217a7f8000fa80c00070e004000000008003c000affff000082af
  481.651 02171e0018fc18fc180032002cfc18fc18fc18fc18fc18001500c0001efc18fc18a4ce
  481.728 0f1003e8000e1c0019001300280000000000000015001300020028001e000100140002e77e
  482.649 0217a7f8000fa80c00070e004000000008003c000affff000082af
  482.695 02171e0018fc18fc180032002cfc18fc18fc18fc18fc18001500c0001efc18fc18a4ce
  482.788 1e10000000091200010000000000000001000000000000000086dd
  482.788 1e10000000090260
  482.850 1e1000140003060000000000008c5f
  482.850 1e1000140003c263
  482.897 1e04001600081267
  482.929 1e04100000000003e80065000000000906070909a4
  482.975 1e040000001673ab
  483.037 1e042c00eb00e800b400a0009b00a800a30000ffff000000320000000000000000000001e0000000000000001800217cc6
  483.163 1e04001e00061261
  483.163 1e040c000000000000000000000000cabf
  483.226 0f1003e8000e1c0019001300280000000000000015001300020028001e000100140002e77e
  483.705 0217a7f8000fa80c00070e004000000008003c000affff000082af
  483.751 02171e0018fc18fc180032002cfc18fc18fc18fc18fc18001500c0001efc18fc18a4ce
  483.812 0a17b3b00003b3c40003060015001400002990
  483.954 0f1003e8000e1c0019001300280000000000000015001300020028001e000100140002e77e
  484.743 0217a7f8000fa80c00070e004000000008003c000affff000082af
  484.789 02171e0018fc18fc180032002cfc18fc18fc18fc18fc18001500c0001efc18fc18a4ce
  484.881 1e10000000091200010000000000000001000000000000000086dd
  484.881 1e10000000090260
  484.944 1e1000140003060000000000008c5f
  484.944 1e1000140003c263
  485.022 1e04001600081267
  485.022 1e04100000000003e80065000000000906070909a4
  485.068 1e040000001673ab
  485.131 1e042c00eb00e800b400a0009b00a800a30000ffff000000320000000000000000000001e0000000000000001800217cc6
  485.209 1e04001e00061261
  485.240 1e040c000000000000000000000000cabf
  485.302 0617afc8000cafdc00050a000000000000000000159a75
  485.440 0f1003e8000e1c0019001300280000000000000015001300020028001e000100140002e77e
  485.796 0217a7f8000fa80c00070e004000000008003c000affff000082af
  485.842 02171e0018fc18fc180032002cfc18fc18fc18fc18fc18001500c0001efc18fc18a4ce
  485.919 0f1003e8000e1c0019001300280000000000000015001300020028001e000100140002e77e
  486.835 0217a7f8000fa80c00070e004000000008003c000affff000082af
  486.881 02171e0018fc18fc180032002cfc18fc18fc18fc18fc18001500c0001efc18fc18a4ce
  486.975 1e10000000091200010000000000000001000000000000000086dd
  486.975 1e10000000090260
  487.038 1e1000140003060000000000008c5f
  487.038 1e1000140003c263
  487.069 1e04001600081267
  487.115 1e04100000000003e80065000000000906070909a4
  487.146 1e040000001673ab
  487.223 1e042c00eb00e800b400a0009b00a800a30000ffff000000320000000000000000000001e0000000000000001800217cc6
  487.301 1e04001e00061261
  487.332 1e040c000000000000000000000000cabf
  487.411 0f1003e8000e1c0019001300280000000000000015001300020028001e000100140002e77e
  487.879 0217a7f8000fa80c00070e004000000008003c000affff000082af
  487.940 02171e0018fc18fc180032002cfc18fc18fc18fc18fc18001500c0001efc18fc18a4ce
  487.987 0a17b3b00003b3c40003060015001400002990
  488.141 0f1003e8000e1c0019001300280000000000000015001300020028001e000100140002e77e
  488.932 0217a7f8000fa80c00070e004000000008003c000affff000082af
  488.978 02171e0018fc18fc180032002cfc18fc18fc18fc18fc18001500c0001efc18fc18a4ce
  489.071 1e10000000091200010000000000000001000000000000000086dd
  489.071 1e10000000090260
  489.133 1e1000140003060000000000008c5f
  489.133 1e1000140003c263
  489.179 1e04001600081267
  489.211 1e04100000000003e80065000000000906070909a4
  489.257 1e040000001673ab
  489.319 1e042c00eb00e800b400a0009b00a800a30000ffff000000320000000000000000000001e0000000000000001800217cc6
  489.443 1e04001e00061261
  489.443 1e040c000000000000000000000000cabf
  489.490 0617afc8000cafdc00050a000000000000000000159a75
  489.630 0f1003e8000e1c0019001300280000000000000015001300020028001e000100140002e77e
  489.974 0217a7f8000fa80c00070e004000000008003c000affff000082af
  490.037 02171e0018fc18fc180032002cfc18fc18fc18fc18fc18001500c0001efc18fc18a4ce
  490.098 0f1003e8000e1c0019001300280000000000000015001300020028001e000100140002e77e
  491.017 0217a7f8000fa80c00070e004000000008003c000affff000082af
  491.079 02171e0018fc18fc180032002cfc18fc18fc18fc18fc18001500c0001efc18fc18a4ce
  491.157 1e10000000091200010000000000000001000000000000000086dd
  491.157 1e10000000090260
  491.219 1e1000140003060000000000008c5f
  491.219 1e1000140003c263
  491.267 1e04001600081267
  491.298 1e04100967057903e80065077003e90906070922e1
  491.344 1e040000001673ab
  491.406 1e042c00eb00e800b4009c009b00a800a30000ffff000000320000000000000000000001e00000000000000018002181c4
  491.530 1e04001e00061261
  491.530 1e040c000000000000000000000000cabf
  491.593 0f1003e8000e1c0019001300280000000000000015001300020028001e000100140002e77e
  492.073 0217a7f8000fa80c00070e004000000008003c000affff000082af
  492.120 02171e0018fc18fc180032002cfc18fc18fc18fc18fc18001500c0001efc18fc18a4ce
  492.181 0a17b3b00003b3c40003060015001400002990
  492.319 0f1003e8000e1c0019001300280000000000000015001300020028001e000100140002e77e
  493.107 0217a7f8000fa80c00070e004000000008003c000affff000082af
  493.170 02171e0018fc18fc180032002cfc18fc18fc18fc18fc18001500c0001efc18fc18a4ce
  493.248 1e10000000091200010000000000000001000000000000000086dd
  493.248 1e10000000090260
  493.325 1e1000140003060000000000008c5f
  493.325 1e1000140003c263
  493.356 1e040000001673ab
  493.434 1e042c00ea00e700b5009c009b00a800a30000ffff000000320000000000000000000001e0000000000000001800216f32
  493.510 1e04001e00061261
  493.542 1e040c000000000000000000000000cabf
  493.604 0617afc8000cafdc00050a000000000000000000159a75
  493.744 0f1003e8000e1c0019001300280000000000000015001300020028001e000100140002e77e
  494.163 0217a7f8000fa80c00070e0040000000080005000affff00002bac
  494.225 02171e0018fc18fc180032002cfc18fc18fc18fc18fc18001500c0001efc18fc18a4ce
  494.288 0f1003e8000e1c0019001300280000000000000015001300020028001e000100140002e77e
  495.216 0217a7f8000fa80c00070e0040000000280005000affff0000b26d
  495.262 02171e0018fc18fc180032002cfc18fc18fc18fc18fc18001500c0001efc18fc18a4ce
  495.341 1e10000000091200010000000000000001000000000000000086dd
  495.341 1e10000000090260
  495.417 1e1000140003060000000000008c5f
  495.417 1e1000140003c263
  495.448 1e040000001673ab
  495.510 1e042c00ea00e700b5009c009b00a800a30000ffff000000320000000000000000000001e0000000000000001800216f32
  495.604 1e04001e00061261
  495.635 1e040c000000000000000000000000cabf
  495.714 0f1003e8000e1c0019001300280000000000000015001300020028001e000100140002e77e
  496.259 0217a7f8000fa80c00070e0040000000280005000affff0000b26d
  496.305 02171e0018fc18fc180032002cfc18fc18fc18fc18fc18001500c0001efc18fc18a4ce
  496.352 0a17b3b00003b3c40003060015001400002990
  496.508 0f1003e8000e1c0019001300280000000000000015001300020028001e000100140002e77e
  497.300 0217a7f8000fa80c00070e0040000000280005000affff0000b26d
  497.362 02171e0018fc18fc180032002cfc18fc18fc18fc18fc18001500c0001efc18fc18a4ce
  497.439 1e10000000091200010000000000000001000000000000000086dd
  497.439 1e10000000090260
  497.501 1e1000140003060000000000008c5f
  497.501 1e1000140003c263
  497.547 1e040000001673ab
  497.609 1e042c00ea00e700b5009c009b00a800a30000ffff000000320000000000000000000001e000000000000000100021eef0
  497.732 1e04001e00061261
  497.732 1e040c000000000000000000000000cabf
  497.778 0617afc8000cafdc00050a0010000000000000001557b5
  497.931 0f1003e8000e1c0019001300280000000000000015001300020028001e000100140002e77e
  498.338 0217a7f8000fa80c00070e0040000000280005000affff0000b26d
  498.400 02171e0018fc18fc180032002cfc18fc18fc18fc18fc18001500c0001efc18fc18a4ce
  498.478 0f1003e8000e1c0019001300280000000000000015001300020028001e000100140002e77e
  499.395 0217a7f8000fa80c00070e0040000000280005000affff0000b26d
  499.441 02171e0018fc18fc180032002cfc18fc18fc18fc18fc18001500c0001efc18fc18a4ce
  499.533 1e10000000091200010000000000000001000000000000000086dd
  499.533 1e10000000090260
  499.594 1e1000140003060000000000008c5f
  499.594 1e1000140003c263
  499.626 1e040000001673ab
  499.688 1e042c00ea00e700b5009c009b00a800a30000ffff000000320000000000000000000001e000000000000000100021eef0
  499.780 1e04001e00061261
  499.811 1e040c000000000000000000000000cabf
  499.888 0f1003e8000e1c0019001300280000000000000015001300020028001e000100140002e77e
  500.466 0217a7f8000fa80c00070e0040000000280005000affff0000b26d
  500.528 02171e0018fc18fc180032002cfc18fc18fc18fc18fc18001500c0001efc18fc18a4ce
  500.575 0a17b3b00003b3c40003060015001400002990
  500.715 0f1003e8000e1c0019001300280000000000000015001300020028001e000100140002e77e
  501.506 0217a7f8000fa80c00070e0040000000280005000affff0000b26d
  501.568 02171e0018fc18fc180032002cfc18fc18fc18fc18fc18001500c0001efc18fc18a4ce
  501.646 1e10000000091200010000000000000001000000000000000086dd
  501.646 1e10000000090260
  501.723 1e1000140003060000000000008c5f
  501.723 1e1000140003c263
  501.755 1e040000001673ab
  501.831 1e042c00ea00e700b5009c009b00a800a30000ffff000000320000000000000000000001e000000000000000100021eef0
  501.952 1e04001e00061261
  501.952 1e040c000000000000000000000000cabf
  501.999 0617afc8000cafdc00050a0010000000000000001557b5
  502.138 0f1003e8000e1c0019001300280000000000000015001300020028001e000100140002e77e
  502.591 0217a7f8000fa80c00070e0040000000280005000affff0000b26d
  502.652 02171e0018fc18fc180032002cfc18fc18fc18fc18fc18001500c0001efc18fc18a4ce
  502.729 0f1003e8000e1c0019001300280000000000000015001300020028001e000100140002e77e
  503.649 0217a7f8000fa80c00070e0040000000280005000affff0000b26d
  503.696 02171e0018fc18fc180032002cfc18fc18fc18fc18fc18001500c0001efc18fc18a4ce
  503.773 1e10000000091200010000000000000001000000000000000086dd
  503.773 1e10000000090260
  503.851 1e1000140003060000000000008c5f
  503.851 1e1000140003c263
  503.898 1e040000001673ab
  503.959 1e042c00ea00e600b5009c009b00a800a30000ffff000000320000000000000000000001e000000000000000100021e94d
  504.068 1e04001e00061261
  504.068 1e040c000000000000000000000000cabf
  504.146 0f1003e8000e1c0019001300280000000000000015001300020028001e000100140002e77e
  504.735 0217a7f8000fa80c00070e004000000028000a000affff00004d6d
  504.782 02171e0018fc18fc180032002cfc18fc18fc18fc18fc18001500c0001efc18fc18a4ce
  504.829 0a17b3b00003b3c40003060015001400002990
  504.984 0f1003e8000e1c0019001300280000000000000015001300020028001e000100140002e77e
  505.779 0217a7f8000fa80c00070e004000000028000a000affff00004d6d
  505.826 02171e0018fc18fc180032002cfc18fc18fc18fc18fc18001500c0001efc18fc18a4ce
  505.919 1e10000000091200010000000000000001000000000000000086dd
  505.919 1e10000000090260
  505.981 1e1000140003060000000000008c5f
  505.981 1e1000140003c263
  506.012 1e040000001673ab
  506.090 1e042c00ea00e600b5009c009b00a800a30000ffff000000320000000000000000000001e000000000000000100021e94d
  506.167 1e04001e00061261
  506.198 1e040c000000000000000000000000cabf
  506.260 0617afc8000cafdc00050a0010000000000000001557b5
  506.401 0f1003e8000e1c0019001300280000000000000015001300020028001e000100140002e77e
  506.852 0217a7f8000fa80c00070e004000000028000a000affff00004d6d
  506.914 02171e0018fc18fc180032002cfc18fc18fc18fc18fc18001500c0001efc18fc18a4ce
  506.978 0f1003e8000e1c0019001300280000000000000015001300020028001e000100140002e77e
  507.905 0217a7f8000fa80c00070e004000000028000a000affff00004d6d
  507.951 02171e0018fc18fc180032002cfc18fc18fc18fc18fc18001500c0001efc18fc18a4ce
  508.044 1e10000000091200010000000000000001000000000000000086dd
  508.044 1e10000000090260
  508.106 1e1000140003060000000000008c5f
  508.106 1e1000140003c263
  508.151 1e040000001673ab
  508.213 1e042c00ea00e600b5009c009b00a800a30000ffff000000320000000000000000000001e000000000000000100021e94d
  508.338 1e04001e00061261
  508.338 1e040c000000000000000000000000cabf
  508.399 0f1003e8000e1c0019001300280000000000000015001300020028001e000100140002e77e
  508.988 0217a7f8000fa80c00070e004000000028000a000affff00004d6d
  509.035 02171e0018fc18fc180032002cfc18fc18fc18fc18fc18001500c0001efc18fc18a4ce
  509.097 0a17b3b00003b3c40003060015001400002990
  509.237 0f1003e8000e1c0019001300280000000000000015001300020028001e000100140002e77e
  510.034 0217a7f8000fa80c00070e004000000028000a000affff00004d6d
  510.080 02171e0018fc18fc180032002cfc18fc18fc18fc18fc18001500c0001efc18fc18a4ce
  510.172 1e10000000091200010000000000000001000000000000000086dd
  510.172 1e10000000090260
  510.233 1e1000140003060000000000008c5f
  510.233 1e1000140003c263
  510.280 1e040000001673ab
  510.342 1e042c00ea00e600b5009c009b00a800a30000ffff000000320000000000000000000001e000000000000000100021e94d
  510.468 1e04001e00061261
  510.468 1e040c000000000000000000000000cabf
  510.515 0617afc8000cafdc00050a0010000000000000001557b5
  510.668 0f1003e8000e1c0019001300280000000000000015001300020028001e000100140002e77e
  511.116 0217a7f8000fa80c00070e004000000028000a000affff00004d6d
  511.164 02171e0018fc18fc180032002cfc18fc18fc18fc18fc18001500c0001efc18fc18a4ce
  511.241 0f1003e8000e1c0019001300280000000000000015001300020028001e000100140002e77e
  512.157 0217a7f8000fa80c00070e004000000028000a000affff00004d6d
  512.218 02171e0018fc18fc180032002cfc18fc18fc18fc18fc18001500c0001efc18fc18a4ce
  512.295 1e10000000091200010000000000000001000000000000000086dd
  512.295 1e10000000090260
  512.373 1e1000140003060000000000008c5f
  512.373 1e1000140003c263
  512.404 1e040000001673ab
  512.466 1e042c00ea00e600b5009c009b00a800a30000ffff000000320000000000000000000001e000000000000000100021e94d
  512.560 1e04001e00061261
  512.590 1e040c000000000000000000000000cabf
  512.669 0f1003e8000e1c0019001300280000000000000015001300020028001e000100140002e77e
  513.246 0217a7f8000fa80c00070e004000000028000a000affff00004d6d
  513.293 02171e0018fc18fc180032002cfc18fc18fc18fc18fc18001500c0001efc18fc18a4ce
  513.355 0a17b3b00003b3c40003060015001400002990
  513.495 0f1003e8000e1c0019001300280000000000000015001300020028001e000100140002e77e
  514.286 0217a7f8000fa80c00070e004000000028000a000affff00004d6d
  514.348 02171e0018fc18fc180032002cfc18fc18fc18fc18fc18001500c0001efc18fc18a4ce
  514.427 1e10000000091200010000000000000001000000000000000086dd
  514.427 1e10000000090260
  514.506 1e1000140003060000000000008c5f
  514.506 1e1000140003c263
  514.537 1e040000001673ab
  514.598 1e042c00ea00e600b5009c009b00a800a30000ffff000000320000000000000000000001e000000000000000100021e94d
  514.690 1e04001e00061261
  514.721 1e040c000000000000000000000000cabf
  514.782 0617afc8000cafdc00050a0010000000000000001557b5
  514.923 0f1003e8000e1c0019001300280000000000000015001300020028001e000100140002e77e
  515.373 0217a7f8000fa80c00070e004000000028000a000affff00004d6d
  515.435 02171e0018fc18fc180032002cfc18fc18fc18fc18fc18001500c0001efc18fc18a4ce
  515.512 0f1003e8000e1c0019001300280000000000000015001300020028001e000100140002e77e
  516.428 0217a7f8000fa80c00070e004000000028000a000affff00004d6d
  516.474 02171e0018fc18fc180032002cfc18fc18fc18fc18fc18001500c0001efc18fc18a4ce
  516.552 1e10000000091200010000000000000001000000000000000086dd
  516.552 1e10000000090260
  516.630 1e1000140003060000000000008c5f
  516.630 1e1000140003c263
  516.676 1e040000001673ab
  516.739 1e042c00ea00e600b5009c009b00a800a30000ffff000000320000000000000000000001e000000000000000100021e94d
  516.817 1e04001e00061261
  516.848 1e040c000000000000000000000000cabf
  516.926 0f1003e8000e1c0019001300280000000000000015001300020028001e000100140002e77e
  517.501 0217a7f8000fa80c00070e004000000028000a000affff00004d6d
  517.563 02171e0018fc18fc180032002cfc18fc18fc18fc18fc18001500c0001efc18fc18a4ce
  517.610 0a17b3b00003b3c40003060015001400002990
  517.765 0f1003e8000e1c0019001300280000000000000015001300020028001e000100140002e77e
  518.556 0217a7f8000fa80c00070e004000000028000a000affff00004d6d
  518.602 02171e0018fc18fc180032002cfc18fc18fc18fc18fc18001500c0001efc18fc18a4ce
  518.694 1e10000000091200010000000000000001000000000000000086dd
  518.694 1e10000000090260
  518.755 1e1000140003060000000000008c5f
  518.755 1e1000140003c263
  518.801 1e040000001673ab
  518.863 1e042c00ea00e600b5009c009b00a800a30000ffff000000320000000000000000000001e000000000000000100021e94d
  518.941 1e04001e00061261
  518.973 1e040c000000000000000000000000cabf
  519.035 0617afc8000cafdc00050a0010000000000000001557b5
  519.175 0f1003e8000e1c0019001300280000000000000015001300020028001e000100140002e77e
  519.627 0217a7f8000fa80c00070e004000000028000a000affff00004d6d
  519.689 02171e0018fc18fc180032002cfc18fc18fc18fc18fc18001500c0001efc18fc18a4ce
  519.767 0f1003e8000e1c0019001300280000000000000015001300020028001e000100140002e77e
  520.670 0217a7f8000fa80c00070e004000000028000a000affff00004d6d
  520.732 02171e0018fc18fc180032002cfc18fc18fc18fc18fc18001500c0001efc18fc18a4ce
  520.809 1e10000000091200010000000000000001000000000000000086dd
  520.809 1e10000000090260
  520.886 1e1000140003060000000000008c5f
  520.886 1e1000140003c263
  520.917 1e040000001673ab
  520.995 1e042c00ea00e600b5009c009b00a800a30000ffff000000320000000000000000000001e000000000000000100021e94d
  521.072 1e04001e00061261
  521.102 1e040c000000000000000000000000cabf
  521.179 0f1003e8000e1c0019001300280000000000000015001300020028001e000100140002e77e
  521.769 0217a7f8000fa80c00070e004000000028000a000affff00004d6d
  521.816 02171e0018fc18fc180032002cfc18fc18fc18fc18fc18001500c0001efc18fc18a4ce
  521.877 0a17b3b00003b3c40003060015001400002990
  522.018 0f1003e8000e1c0019001300280000000000000015001300020028001e000100140002e77e
  522.809 0217a7f8000fa80c00070e004000000028000a000affff00004d6d
  522.871 02171e0018fc18fc180032002cfc18fc18fc18fc18fc18001500c0001efc18fc18a4ce
  522.949 1e10000000091200010000000000000001000000000000000086dd
  522.949 1e10000000090260
  523.010 1e1000140003060000000000008c5f
  523.010 1e1000140003c263
  523.058 1e040000001673ab
  523.118 1e042c00ea00e600b5009c009b00a800a30000ffff000000320000000000000000000001e000000000000000100021e94d
  523.242 1e04001e00061261
  523.242 1e040c000000000000000000000000cabf
  523.288 0617afc8000cafdc00050a0010000000000000001557b5
  523.442 0f1003e8000e1c0019001300280000000000000015001300020028001e000100140002e77e
  523.892 0217a7f8000fa80c00070e004000000028000a000affff00004d6d
  523.938 02171e0018fc18fc180032002cfc18fc18fc18fc18fc18001500c0001efc18fc18a4ce
  524.015 0f1003e8000e1c0019001300280000000000000015001300020028001e000100140002e77e
  524.933 0217a7f8000fa80c00070e004000000028000a000affff00004d6d
  524.995 02171e0018fc18fc180032002cfc18fc18fc18fc18fc18001500c0001efc18fc18a4ce
  525.073 1e10000000091200010000000000000001000000000000000086dd
  525.073 1e10000000090260
  525.136 1e1000140003060000000000008c5f
  525.136 1e1000140003c263
  525.183 1e040000001673ab
  525.244 1e042c00ea00e600b6009c009b00a800a30000ffff000000320000000000000000000001e000000000000000100021f2f9
  525.369 1e04001e00061261
  525.369 1e040c000000000000000000000000cabf
  525.432 0f1003e8000e1c0019001300280000000000000015001300020028001e000100140002e77e
  526.023 0217a7f8000fa80c00070e004000000028000a000affff00004d6d
  526.071 02171e0018fc18fc180032002cfc18fc18fc18fc18fc18001500c0001efc18fc18a4ce
  526.134 0a17b3b00003b3c40003060015001400002990
  526.274 0f1003e8000e1c0019001300280000000000000015001300020028001e000100140002e77e
  527.069 0217a7f8000fa80c00070e004000000028000a000affff00004d6d
  527.116 02171e0018fc18fc180032002cfc18fc18fc18fc18fc18001500c0001efc18fc18a4ce
  527.194 1e10000000091200010000000000000001000000000000000086dd
  527.194 1e10000000090260
  527.270 1e1000140003060000000000008c5f
  527.270 1e1000140003c263
  527.301 1e040000001673ab
  527.378 1e042c00ea00e600b6009c009b00a800a30000ffff000000320000000000000000000001e000000000000000100021f2f9
  527.455 1e04001e00061261
  527.487 1e040c000000000000000000000000cabf
  527.549 0617afc8000cafdc00050a0010000000000000001557b5
  527.688 0f1003e8000e1c0019001300280000000000000015001300020028001e000100140002e77e
  528.138 0217a7f8000fa80c00070e004000000028000a000affff00004d6d
  528.200 02171e0018fc18fc180032002cfc18fc18fc18fc18fc18001500c0001efc18fc18a4ce
  528.278 0f1003e8000e1c0019001300280000000000000015001300020028001e000100140002e77e
  529.193 0217a7f8000fa80c00070e004000000028000a000affff00004d6d
  529.240 02171e0018fc18fc180032002cfc18fc18fc18fc18fc18001500c0001efc18fc18a4ce
  529.318 1e10000000091200010000000000000001000000000000000086dd
  529.318 1e10000000090260
  529.395 1e1000140003060000000000008c5f
  529.395 1e1000140003c263
  529.441 1e040000001673ab
  529.503 1e042c00ea00e600b6009c009b00a800a30000ffff000000320000000000000000000001e000000000000000100021f2f9
  529.582 1e04001e00061261
  529.615 1e040c000000000000000000000000cabf
  529.692 0f1003e8000e1c0019001300280000000000000015001300020028001e000100140002e77e
  530.268 0217a7f8000fa80c00070e004000000028000a000affff00004d6d
  530.329 02171e0018fc18fc180032002cfc18fc18fc18fc18fc18001500c0001efc18fc18a4ce
  530.376 0a17b3b00003b3c40003060015001400002990
  530.531 0f1003e8000e1c0019001300280000000000000015001300020028001e000100140002e77e
  531.325 0217a7f8000fa80c00070e004000000028000a000affff00004d6d
  531.370 02171e0018fc18fc180032002cfc18fc18fc18fc18fc18001500c0001efc18fc18a4ce
  531.463 1e10000000091200010000000000000001000000000000000086dd
  531.463 1e10000000090260
  531.525 1e1000140003060000000000008c5f
  531.525 1e1000140003c263
  531.571 1e040000001673ab
  531.633 1e042c00ea00e600b6009c009b00a800a30000ffff000000320000000000000000000001e000000000000000100021f2f9
  531.757 1e04001e00061261
  531.757 1e040c000000000000000000000000cabf
  531.804 0617afc8000cafdc00050a0010000000000000001557b5
  531.944 0f1003e8000e1c0019001300280000000000000015001300020028001e000100140002e77e
  532.396 0217a7f8000fa80c00070e004000000028000a000affff00004d6d
  532.459 02171e0018fc18fc180032002cfc18fc18fc18fc18fc18001500c0001efc18fc18a4ce
  532.537 0f1003e8000e1c0019001300280000000000000015001300020028001e000100140002e77e
  533.454 0217a7f8000fa80c00070e004000000028000a000affff00004d6d
  533.500 02171e0018fc18fc180032002cfc18fc18fc18fc18fc18001500c0001efc18fc18a4ce
  533.592 1e10000000091200010000000000000001000000000000000086dd
  533.592 1e10000000090260
  533.655 1e1000140003060000000000008c5f
  533.655 1e1000140003c263
  533.701 1e040000001673ab
  533.763 1e042c00ea00e600b6009c009b00a800a30000ffff000000320000000000000000000001e000000000000000100021f2f9
  533.887 1e04001e00061261
  533.887 1e040c000000000000000000000000cabf
  533.948 0f1003e8000e1c0019001300280000000000000015001300020028001e000100140002e77e
  534.537 0217a7f8000fa80c00070e004000000028000a000affff00004d6d
  534.584 02171e0018fc18fc180032002cfc18fc18fc18fc18fc18001500c0001efc18fc18a4ce
  534.646 0a17b3b00003b3c40003060015001400002990
  534.786 0f1003e8000e1c0019001300280000000000000015001300020028001e000100140002e77e
  535.579 0217a7f8000fa80c00070e004000000028000a000affff00004d6d
  535.641 02171e0018fc18fc180032002cfc18fc18fc18fc18fc18001500c0001efc18fc18a4ce
  535.720 1e10000000091200010000000000000001000000000000000086dd
  535.720 1e10000000090260
  535.783 1e1000140003060000000000008c5f
  535.783 1e1000140003c263
  535.830 1e040000001673ab
  535.892 1e042c00ea00e600b500a0009b00a800a30000ffff000000320000000000000000000001e000000000000000100021144f
  536.017 1e04001e00061261
  536.017 1e040c000000000000000000000000cabf
  536.063 0617afc8000cafdc00050a0010000000000000001557b5
  536.218 0f1003e8000e1c0019001300280000000000000015001300020028001e000100140002e77e
  536.670 0217a7f8000fa80c00070e004000000028000a000affff00004d6d
  536.717 02171e0018fc18fc180032002cfc18fc18fc18fc18fc18001500c0001efc18fc18a4ce
  536.795 0f1003e8000e1c0019001300280000000000000015001300020028001e000100140002e77e
  537.713 0217a7f8000fa80c00070e004000000028000a000affff00004d6d
  537.760 02171e0018fc18fc180032002cfc18fc18fc18fc18fc18001500c0001efc18fc18a4ce
  537.852 1e10000000091200010000000000000001000000000000000086dd
  537.852 1e10000000090260
  537.914 1e1000140003060000000000008c5f
  537.914 1e1000140003c263
  537.961 1e040000001673ab
  538.023 1e042c00ea00e600b500a0009b00a800a30000ffff000000320000000000000000000001e000000000000000100021144f
  538.145 1e04001e00061261
  538.145 1e040c000000000000000000000000cabf
  538.207 0f1003e8000e1c0019001300280000000000000015001300020028001e000100140002e77e
  538.802 0217a7f8000fa80c00070e004000000028000a000affff00004d6d
  538.848 02171e0018fc18fc180032002cfc18fc18fc18fc18fc18001500c0001efc18fc18a4ce
  538.911 0a17b3b00003b3c40003060015001400002990
  539.052 0f1003e8000e1c0019001300280000000000000015001300020028001e000100140002e77e
  539.842 0217a7f8000fa80c00070e004000000028000a000affff00004d6d
  539.904 02171e0018fc18fc180032002cfc18fc18fc18fc18fc18001500c0001efc18fc18a4ce
  539.982 1e10000000091200010000000000000001000000000000000086dd
  539.982 1e10000000090260
  540.044 1e1000140003060000000000008c5f
  540.044 1e1000140003c263
  540.090 1e040000001673ab
  540.152 1e042c00ea00e600b500a0009b00a800a30000ffff000000320000000000000000000001e000000000000000100021144f
  540.230 1e04001e00061261
  540.262 1e040c000000000000000000000000cabf
  540.324 0617afc8000cafdc00050a0010000000000000001557b5
  540.463 0f1003e8000e1c0019001300280000000000000015001300020028001e000100140002e77e
  540.916 0217a7f8000fa80c00070e004000000028000a000affff00004d6d
  540.978 02171e0018fc18fc180032002cfc18fc18fc18fc18fc18001500c0001efc18fc18a4ce
  541.057 0f1003e8000e1c0019001300280000000000000015001300020028001e000100140002e77e
  541.971 0217a7f8000fa80c00070e004000000028000a000affff00004d6d
  542.019 02171e0018fc18fc180032002cfc18fc18fc18fc18fc18001500c0001efc18fc18a4ce
  542.097 1e10000000091200010000000000000001000000000000000086dd
  542.097 1e10000000090260
  542.176 1e1000140003060000000000008c5f
  542.176 1e1000140003c263
  542.207 1e040000001673ab
  542.284 1e042c00ea00e600b500a0009b00a800a30000ffff000000320000000000000000000001e000000000000000100021144f
  542.363 1e04001e00061261
  542.395 1e040c000000000000000000000000cabf
  542.473 0f1003e8000e1c0019001300280000000000000015001300020028001e000100140002e77e
  543.046 0217a7f8000fa80c00070e004000000028000a000affff00004d6d
  543.108 02171e0018fc18fc180032002cfc18fc18fc18fc18fc18001500c0001efc18fc18a4ce
  543.154 0a17b3b00003b3c40003060015001400002990
  543.310 0f1003e8000e1c0019001300280000000000000015001300020028001e000100140002e77e
  544.099 0217a7f8000fa80c00070e004000000028000a000affff00004d6d
  544.146 02171e0018fc18fc180032002cfc18fc18fc18fc18fc18001500c0001efc18fc18a4ce
  544.238 1e10000000091200010000000000000001000000000000000086dd
  544.238 1e10000000090260
  544.299 1e1000140003060000000000008c5f
  544.299 1e1000140003c263
  544.344 1e040000001673ab
  544.406 1e042c00ea00e600b500a0009b00a800a30000ffff000000320000000000000000000001e000000000000000100021144f
  544.530 1e04001e00061261
  544.530 1e040c000000000000000000000000cabf
  544.576 0617afc8000cafdc00050a0010000000000000001557b5
  544.716 0f1003e8000e1c0019001300280000000000000015001300020028001e000100140002e77e
  545.182 0217a7f8000fa80c00070e004000000028000a000affff00004d6d
  545.228 02171e0018fc18fc180032002cfc18fc18fc18fc18fc18001500c0001efc18fc18a4ce
  545.305 0f1003e8000e1c0019001300280000000000000015001300020028001e000100140002e77e
  546.221 0217a7f8000fa80c00070e004000000028000a000affff00004d6d
  546.282 02171e0018fc18fc180032002cfc18fc18fc18fc18fc18001500c0001efc18fc18a4ce
  546.360 1e10000000091200010000000000000001000000000000000086dd
  546.360 1e10000000090260
  546.423 1e1000140003060000000000008c5f
  546.423 1e1000140003c263
  546.470 1e040000001673ab
  546.533 1e042c00ea00e600b6009c009c00a800a30000ffff000000320000000000000000000001e0000000000000001000213039
  546.658 1e04001e00061261
  546.658 1e040c000000000000000000000000cabf
  546.720 0f1003e8000e1c0019001300280000000000000015001300020028001e000100140002e77e
  547.313 0217a7f8000fa80c00070e004000000028000a000affff00004d6d
  547.359 02171e0018fc18fc180032002cfc18fc18fc18fc18fc18001500c0001efc18fc18a4ce
  547.421 0a17b3b00003b3c40003060015001400002990
  547.560 0f1003e8000e1c0019001300280000000000000015001300020028001e000100140002e77e
  548.349 0217a7f8000fa80c00070e004000000028000a000affff00004d6d
  548.410 02171e0018fc18fc180032002cfc18fc18fc18fc18fc18001500c0001efc18fc18a4ce
  548.489 1e10000000091200010000000000000001000000000000000086dd
  548.489 1e10000000090260
  548.551 1e1000140003060000000000008c5f
  548.551 1e1000140003c263
  548.581 1e040000001673ab
  548.660 1e042c00ea00e600b6009c009c00a800a30000ffff000000320000000000000000000001e0000000000000001000213039
  548.739 1e04001e00061261
  548.769 1e040c000000000000000000000000cabf
  548.831 0617afc8000cafdc00050a0010000000000000001557b5
  548.972 0f1003e8000e1c0019001300280000000000000015001300020028001e000100140002e77e
  549.423 0217a7f8000fa80c00070e004000000028000a000affff00004d6d
  549.485 02171e0018fc18fc180032002cfc18fc18fc18fc18fc18001500c0001efc18fc18a4ce
  549.547 0f1003e8000e1c0019001300280000000000000015001300020028001e000100140002e77e
  550.474 0217a7f8000fa80c00070e004000000028000a000affff00004d6d
  550.521 02171e0018fc18fc180032002cfc18fc18fc18fc18fc18001500c0001efc18fc18a4ce
  550.614 1e10000000091200010000000000000001000000000000000086dd
  550.614 1e10000000090260
  550.676 1e1000140003060000000000008c5f
  550.676 1e1000140003c263
  550.722 1e040000001673ab
  550.783 1e042c00ea00e600b6009c009c00a800a30000ffff000000320000000000000000000001e0000000000000001000213039
  550.908 1e04001e00061261
  550.908 1e040c000000000000000000000000cabf
  550.970 0f1003e8000e1c0019001300280000000000000015001300020028001e000100140002e77e
  551.559 0217a7f8000fa80c00070e004000000028000a000affff00004d6d
  551.606 02171e0018fc18fc180032002cfc18fc18fc18fc18fc18001500c0001efc18fc18a4ce
  551.668 0a17b3b00003b3c40003060015001400002990
  551.808 0f1003e8000e1c0019001300280000000000000015001300020028001e000100140002e77e
  552.607 0217a7f8000fa80c00070e004000000028000a000affff00004d6d
  552.654 02171e0018fc18fc180032002cfc18fc18fc18fc18fc18001500c0001efc18fc18a4ce
  552.745 1e10000000091200010000000000000001000000000000000086dd
  552.745 1e10000000090260
  552.807 1e1000140003060000000000008c5f
  552.807 1e1000140003c263
  552.854 1e040000001673ab
  552.917 1e042c00ea00e600b6009c009c00a800a30000ffff000000320000000000000000000001e0000000000000001000213039
  553.040 1e04001e00061261
  553.040 1e040c000000000000000000000000cabf
  553.087 0617afc8000cafdc00050a0010000000000000001557b5
  553.243 0f1003e8000e1c0019001300280000000000000015001300020028001e000100140002e77e
  553.692 0217a7f8000fa80c00070e004000000028000a000affff00004d6d
  553.739 02171e0018fc18fc180032002cfc18fc18fc18fc18fc18001500c0001efc18fc18a4ce
  553.817 0f1003e8000e1c0019001300280000000000000015001300020028001e000100140002e77e
  555.919 0217a7f8000fa80c00070e004000000028000a000affff00004d6d
  555.966 02171e0018fc18fc180032002cfc18fc18fc18fc18fc18001500c0001efc18fc18a4ce
  556.045 1e10000000091200010000000000000001000000000000000086dd
  556.045 1e10000000090260
  556.123 1e1000140003060000000000008c5f
  556.123 1e1000140003c263
  556.169 1e040000001673ab
  556.230 1e042c00ea00e600b6009c009c00a800a30000ffff000000320000000000000000000001e0000000000000001000213039
  556.339 1e04001e00061261
  556.339 1e040c000000000000000000000000cabf
  556.416 0f1003e8000e1c0019001300280000000000000015001300020028001e000100140002e77e
  556.478 0f1003e8000ec093
  556.648 0217a7f8000fa80c00070e004000000028000a000affff00004d6d
  556.710 02171e0018fc18fc180032002cfc18fc18fc18fc18fc18001500c0001efc18fc18a4ce
  556.757 0a17b3b00003b3c4000306001500140001e850
  556.893 0f1003fc000b160028000a0037000000000000000200120028001e003c369e
  557.656 0217a7f8000fa80c00070e004000000028000a000affff00004d6d
  557.717 02171e0018fc18fc180032002cfc18fc18fc18fc18fc18001500c0001efc18fc18a4ce
  557.796 1e10000000091200010000000000000001000000000000000086dd
  557.796 1e10000000090260
  557.859 1e1000140003060000000000008c5f
  557.859 1e1000140003c263
  557.907 1e040000001673ab
  557.970 1e042c00ea00e600b6009c009c00a800a30000ffff000000320000000000000000000001e0000000000000001000213039
  558.078 1e04001e00061261
  558.078 1e040c000000000000000000000000cabf
  558.140 0617afc8000cafdc00050a0010000000000000001557b5
  558.279 0f1003fc000b160028000a0037000000000000000200120028001e003c369e
  558.311 0f1003fc000b4094
  558.746 0217a7f8000fa80c00070e004000000028000a000affff00004d6d
  558.793 02171e0018fc18fc180032002cfc18fc18fc18fc18fc18001500c0001efc18fc18a4ce
  558.886 0f10041000162c0028000a0037000000000000000200120028001e003c001200140027002800070001003e000d0006003c0000d569
  558.917 0f1004100016401c
  559.785 0217a7f8000fa80c00070e004000000028000a000affff00004d6d
  559.848 02171e0018fc18fc180032002cfc18fc18fc18fc18fc18001500c0001efc18fc18a4ce
  559.925 1e10000000091200010000000000000001000000000000000086dd
  559.925 1e10000000090260
  560.033 1e1000140003060000000000008c5f
  560.033 1e1000140003c263
  560.033 1e040000001673ab
  560.098 1e042c00ea00e600b6009c009c00a800a30000ffff000000320000000000000000000001e0000000000000001000213039
  560.207 1e04001e00061261
  560.207 1e040c000000000000000000000000cabf
  560.284 0f10042e000f1e0001000000000014fff6000500280000002d0000000000000000000000003295
  560.861 0217a7f8000fa80c00070e004000000028000a000affff00004d6d
  560.922 02171e0018fc18fc180032002cfc18fc18fc18fc18fc18001500c0001efc18fc18a4ce
  560.969 0a17b3b00003b3c40003060015001400002990
  561.138 0f10042e000f1e0001000000000014fff6000500280000002d0000000000000000000000003295
  561.138 0f10042e000fe01a
  561.915 0217a7f8000fa80c00070e004000000028000a000affff00004d6d
  561.962 02171e0018fc18fc180032002cfc18fc18fc18fc18fc18001500c0001efc18fc18a4ce
  562.054 1e10000000091200010000000000000001000000000000000086dd
  562.054 1e10000000090260
  562.116 1e1000140003060000000000008c5f
  562.116 1e1000140003c263
  562.163 1e040000001673ab
  562.225 1e042c00ea00e600b6009c009c00a800a30000ffff000000320000000000000000000001e0000000000000001000213039
  562.334 1e04001e00061261
  562.334 1e040c000000000000000000000000cabf
  562.397 0617afc8000cafdc00050a0010000000000000001557b5
  562.568 0f100442000d1a000100130000001c0000fff800050028000000000000000a000a244d
  562.568 0f100442000da1c6
  562.991 0217a7f8000fa80c00070e004000000028000a000affff00004d6d
  563.038 02171e0018fc18fc180032002cfc18fc18fc18fc18fc18001500c0001efc18fc18a4ce
  563.147 0f100456000c18000000060014001e00000006ffffffff00000000000000010aef
  563.147 0f100456000c2002
  564.035 0217a7f8000fa80c00070e004000000028000a000affff00004d6d
  564.098 02171e0018fc18fc180032002cfc18fc18fc18fc18fc18001500c0001efc18fc18a4ce
  564.176 1e10000000091200010000000000000001000000000000000086dd
  564.176 1e10000000090260
  564.253 1e1000140003060000000000008c5f
  564.253 1e1000140003c263
  564.285 1e040000001673ab
  564.362 1e042c00ea00e600b6009c009c00a800a30000ffff000000320000000000000000000001e0000000000000001000213039
  564.438 1e04001e00061261
  564.470 1e040c000000000000000000000000cabf
  564.562 0f10046a001224000000000000000000000000000000000000000000000000000000000000000000000000874b
  564.608 0f10046a00126006
  565.120 0217a7f8000fa80c00070e004000000028000a000affff00004d6d
  565.183 02171e0018fc18fc180032002cfc18fc18fc18fc18fc18001500c0001efc18fc18a4ce
  565.229 0a17b3b00003b3c40003060015001400002990
  565.384 0f10047e0013260000000000000000000000000000000000000000000000000000000000000000000000000000b93d
  565.415 0f10047e0013e1c2
  566.170 0217a7f8000fa80c00070e004000000028000a000affff00004d6d
  566.233 02171e0018fc18fc180032002cfc18fc18fc18fc18fc18001500c0001efc18fc18a4ce
  566.311 1e10000000091200010000000000000001000000000000000086dd
  566.311 1e10000000090260
  566.374 1e1000140003060000000000008c5f
  566.374 1e1000140003c263
  566.420 1e040000001673ab
  566.483 1e042c00ea00e600b6009c009c00a800a30000ffff000000320000000000000000000001e0000000000000001000213039
  566.605 1e04001e00061261
  566.605 1e040c000000000000000000000000cabf
  566.653 0617afc8000cafdc00050a0010000000000000001557b5
  566.791 0f100492000b160050003c005a000a00500050005000500032002d0005473c
  566.821 0f100492000b203d
  567.257 0217a7f8000fa80c00070e004000000028000a000affff00004d6d
  567.303 02171e0018fc18fc180032002cfc18fc18fc18fc18fc18001500c0001efc18fc18a4ce
  567.397 0f1004a6000d1a00000000000000000000000000000000000000004a2000000000ca30
  567.397 0f1004a6000de1f1
  568.297 0217a7f8000fa80c00070e004000000028000a000affff00004d6d
  568.358 02171e0018fc18fc180032002cfc18fc18fc18fc18fc18001500c0001efc18fc18a4ce
  568.435 1e10000000091200010000000000000001000000000000000086dd
  568.435 1e10000000090260
  568.512 1e1000140003060000000000008c5f
  568.512 1e1000140003c263
  568.544 1e040000001673ab
  568.606 1e042c00ea00e600b600a0009c00a900a30000ffff000000320000000000000000000001e000000000000000100021a0fb
  568.699 1e04001e00061261
  568.730 1e040c000000000000000000000000cabf
  568.822 0f1004ba00162c001400000000000000000019002800040007000a001e0001001e0001001e0001000100000000000000280037b494
  568.868 0f1004ba0016603c
  569.379 0217a7f8000fa80c00070e004000000028000a000affff00004d6d
  569.425 02171e0018fc18fc180032002cfc18fc18fc18fc18fc18001500c0001efc18fc18a4ce
  569.486 0a17b3b00003b3c40003060015001400002990
  569.658 0f1004d8001b360006000200190000000c0002000a00010014000200190003001e000400230005002800060028000700230008001e00090019000a00141a6e
  569.704 0f1004d8001b0027
  570.429 0217a7f8000fa80c00070e004000000028000a000affff00004d6d
  570.477 02171e0018fc18fc180032002cfc18fc18fc18fc18fc18001500c0001efc18fc18a4ce
  570.569 1e10000000091200010000000000000001000000000000000086dd
  570.569 1e10000000090260
  570.631 1e1000140003060000000000008c5f
  570.631 1e1000140003c263
  570.677 1e040000001673ab
  570.738 1e042c00ea00e600b600a0009c00a900a30000ffff000000320000000000000000000001e000000000000000100021a0fb
  570.848 1e04001e00061261
  570.848 1e040c000000000000000000000000cabf
  570.910 0617afc8000cafdc00050a0010000000000000001557b5
  571.049 0f1004f6000e1c000000000000000000000000000000000000000000000000000000005dcd
  571.095 0f1004f6000ea1e1
  571.501 0217a7f8000fa80c00070e004000000028000a000affff00004d6d
  571.548 02171e0018fc18fc180032002cfc18fc18fc18fc18fc18001500c0001efc18fc18a4ce
  571.672 0f10050a0013260000000000000000000000000000000000000000000000000000000000000000000000000000bfb8
  571.672 0f10050a0013a024
  572.544 0217a7f8000fa80c00070e004000000028000a000affff00004d6d
  572.606 02171e0018fc18fc180032002cfc18fc18fc18fc18fc18001500c0001efc18fc18a4ce
  572.684 1e10000000091200010000000000000001000000000000000086dd
  572.684 1e10000000090260
  572.763 1e1000140003060000000000008c5f
  572.763 1e1000140003c263
  572.794 1e040000001673ab
  572.857 1e042c00ea00e600b600a0009c00a900a30000ffff000000320000000000000000000001e000000000000000100021a0fb
  572.950 1e04001e00061261
  572.981 1e040c000000000000000000000000cabf
  573.044 0f10051e000a1400000000000000000000000000000000000000006e7b
  573.074 0f10051e000a21ea
  573.629 0217a7f8000fa80c00070e004000000028000a000affff00004d6d
  573.692 02171e0018fc18fc180032002cfc18fc18fc18fc18fc18001500c0001efc18fc18a4ce
  573.739 0a17b3b00003b3c40003060015001400002990
  573.910 0f1005320012240002000000000000000000010000000100010000000000000000000000000000000000000096
  573.910 0f1005320012e029
  574.686 0217a7f8000fa80c00070e004000000028000a000affff00004d6d
  574.732 02171e0018fc18fc180032002cfc18fc18fc18fc18fc18001500c0001efc18fc18a4ce
  574.824 1e10000000091200010000000000000001000000000000000086dd
  574.824 1e10000000090260
  574.887 1e1000140003060000000000008c5f
  574.887 1e1000140003c263
  574.916 1e040000001673ab
  574.994 1e042c00ea00e600b600a0009c00a900a30000ffff000000320000000000000000000001e000000000000000100021a0fb
  575.071 1e04001e00061261
  575.102 1e040c000000000000000000000000cabf
  575.164 0617afc8000cafdc00050a0010000000000000001557b5
  575.335 0f1005460014280005000100020000000000000000000000000002000000000000000200000000000000000000000094fd
  575.335 0f10054600142031
  575.755 0217a7f8000fa80c00070e004000000028000a000affff00004d6d
  575.803 02171e0018fc18fc180032002cfc18fc18fc18fc18fc18001500c0001efc18fc18a4ce
  575.927 0f10055a002142000100000000001f000c000000000000001f000c0000007f000100000015001f000c0000003b0017001f000c0000007f000000000000001f000c000000000000001faa1c
  575.959 0f10055a002121e0
  576.802 0217a7f8000fa80c00070e004000000028000a000affff00004d6d
  576.863 02171e0018fc18fc180032002cfc18fc18fc18fc18fc18001500c0001efc18fc18a4ce
  576.941 1e10000000091200010000000000000001000000000000000086dd
  576.941 1e10000000090260
  577.017 1e1000140003060000000000008c5f
  577.017 1e1000140003c263
  577.048 1e040000001673ab
  577.126 1e042c00ea00e600b600a0009c00a900a30000ffff000000320000000000000000000001e000000000000000100021a0fb
  577.204 1e04001e00061261
  577.235 1e040c000000000000000000000000cabf
  577.374 0f10057b002142000c00000000000000000000001f000c000000000000001f000c00000000000000000000001f000c000000000000001f000c00000000000000000000001f000c00009d7a
  577.374 0f10057b002171ea
  577.890 0217a7f8000fa80c00070e004000000028000a000affff00004d6d
  577.951 02171e0018fc18fc180032002cfc18fc18fc18fc18fc18001500c0001efc18fc18a4ce
  577.998 0a17b3b00003b3c40003060015001400002990
  578.218 0f10059c00214200000000001f000c00000000000000000000001f000c000000000000001f000c00000000000000000000001f000c000000000000001f000c000000000003000000000a3c
  578.218 0f10059c0021c1dd
  578.932 0217a7f8000fa80c00070e004000000028000a000affff00004d6d
  578.994 02171e0018fc18fc180032002cfc18fc18fc18fc18fc18001500c0001efc18fc18a4ce
  579.072 1e10000000091200010000000000000001000000000000000086dd
  579.072 1e10000000090260
  579.134 1e1000140003060000000000008c5f
  579.134 1e1000140003c263
  579.180 1e040000001673ab
  579.243 1e042c00e900e600b6009c009c00a900a30000ffff000000320000000000000000000001e0000000000000001000211b3b
  579.367 1e04001e00061261
  579.367 1e040c000000000000000000000000cabf
  579.413 0617afc8000cafdc00050a0010000000000000001557b5
  579.633 0f1005bd00214200000000001f000c000000000000001f000c00000000000000000000001f000c000000000000001f000c00000000000000000000001f000c000000000000001f000c9373
  579.633 0f1005bd002191d7
  580.006 0217a7f8000fa80c00070e004000000028000a000affff00004d6d
  580.068 02171e0018fc18fc180032002cfc18fc18fc18fc18fc18001500c0001efc18fc18a4ce
  580.179 0f1005de00214200000000000000000000001f000c000000000000001f000c00000000000000000000001f000c000000000000001f000c00000000000000000000001f000c0000000078fc
  580.210 0f1005de002161c9
  581.061 0217a7f8000fa80c00070e004000000028000a000affff00004d6d
  581.108 02171e0018fc18fc180032002cfc18fc18fc18fc18fc18001500c0001efc18fc18a4ce
  581.186 1e10000000091200010000000000000001000000000000000086dd
  581.186 1e10000000090260
  581.261 1e1000140003060000000000008c5f
  581.261 1e1000140003c263
  581.292 1e040000001673ab
  581.369 1e042c00e900e600b6009c009c00a900a30000ffff000000320000000000000000000001e0000000000000001000211b3b
  581.448 1e04001e00061261
  581.479 1e040c000000000000000000000000cabf
  581.620 0f1005ff0021420000001f000c00000000000000000000001f000c000000000000001f000c00000000000000000000001f000c000000000000001f000c0000000000000000000100000baf
  581.620 0f1005ff002131c3
  582.131 0217a7f8000fa80c00070e004000000028000a000affff00004d6d
  582.193 02171e0018fc18fc180032002cfc18fc18fc18fc18fc18001500c0001efc18fc18a4ce
  582.240 0a17b3b00003b3c40003060015001400002990
  582.425 0f1006200021420000001f000c000000000000001f000c00000000000000000000001f000c000000000000001f000c00000000000000000000001f000c000000000000001f000c000041fc
  582.457 0f1006200021007d
  583.174 0217a7f8000fa80c00070e004000000028000a000affff00004d6d
  583.235 02171e0018fc18fc180032002cfc18fc18fc18fc18fc18001500c0001efc18fc18a4ce
  583.314 1e10000000091200010000000000000001000000000000000086dd
  583.314 1e10000000090260
  583.391 1e1000140003060000000000008c5f
  583.391 1e1000140003c263
  583.422 1e040000001673ab
  583.484 1e042c00e900e600b6009c009c00a900a30000ffff000000320000000000000000000001e0000000000000001000211b3b
  583.608 1e04001e00061261
  583.608 1e040c000000000000000000000000cabf
  583.654 0617afc8000cafdc00050a0010000000000000001557b5
  583.871 0f1006410021420000000000000000001f000c000000000000001f000c00000000000000000000001f000c000000000000001f000c00000000000000000000001f000c00000000000091ef
  583.871 0f100641002151a3
  584.260 0217a7f8000fa80c00070e004000000028000a000affff00004d6d
  584.306 02171e0018fc18fc180032002cfc18fc18fc18fc18fc18001500c0001efc18fc18a4ce
  584.446 0f100662002142001f000c00000000000000000000001f000c000000000000001f000c00000000000000000000001f000c000000000000001f000c00000000000000000001000000008290
  584.446 0f1006620021a069
  585.298 0217a7f8000fa80c00070e004000000028000a000affff00004d6d
  585.360 02171e0018fc18fc180032002cfc18fc18fc18fc18fc18001500c0001efc18fc18a4ce
  585.439 1e10000000091200010000000000000001000000000000000086dd
  585.439 1e10000000090260
  585.501 1e1000140003060000000000008c5f
  585.501 1e1000140003c263
  585.546 1e040000001673ab
  585.607 1e042c00e900e600b6009c009c00a900a30000ffff000000320000000000000000000001e0000000000000001000211b3b
  585.733 1e04001e00061261
  585.733 1e040c000000000000000000000000cabf
  585.873 0f100683002142001f000c000000000000001f000c0000007f000100000015001f000c0000003b0017001f000c0000007f000000000000001f000c000000000000001f000c000000007b61
  585.873 0f1006830021f05f
  586.370 0217a7f8000fa80c00070e004000000028000a000affff00004d6d
  586.431 02171e0018fc18fc180032002cfc18fc18fc18fc18fc18001500c0001efc18fc18a4ce
  586.492 0a17b3b00003b3c40003060015001400002990
  586.696 0f1006a4002142000000000000001f000c000000000000001f000c00000000000000000000001f000c000000000000001f000c00000000000000000000001f000c000000000000001f24e7
  586.696 0f1006a400214054
  587.428 0217a7f8000fa80c00070e004000000028000a000affff00004d6d
  587.475 02171e0018fc18fc180032002cfc18fc18fc18fc18fc18001500c0001efc18fc18a4ce
  587.552 1e10000000091200010000000000000001000000000000000086dd
  587.552 1e10000000090260
  587.629 1e1000140003060000000000008c5f
  587.629 1e1000140003c263
  587.675 1e040000001673ab
  587.737 1e042c00e900e600b6009c009c00a900a30000ffff000000320000000000000000000001e0000000000000001000211b3b
  587.846 1e04001e00061261
  587.846 1e040c000000000000000000000000cabf
  587.908 0617afc8000cafdc00050a0010000000000000001557b5
  588.124 0f1006c5002142000c00000000000000000000001f000c000000000000001f000c00000000000000000000001f000c000000000000001f000c0000000000030000006c0004000000000e20
  588.124 0f1006c50021118a
  588.499 0217a7f8000fa80c00070e004000000028000a000affff00004d6d
  588.562 02171e0018fc18fc180032002cfc18fc18fc18fc18fc18001500c0001efc18fc18a4ce
  588.641 0f1006ea00070e001400320009001c0009001a0000f81e
  588.641 0f1006ea0007a199
  589.541 0217a7f8000fa80c00070e004000000028000a000affff00004d6d
  589.603 02171e0018fc18fc180032002cfc18fc18fc18fc18fc18001500c0001efc18fc18a4ce
  589.681 1e10000000091200010000000000000001000000000000000086dd
  589.681 1e10000000090260
  589.758 1e1000140003060000000000008c5f
  589.758 1e1000140003c263
  589.789 1e040000001673ab
  589.867 1e042c00e900e600b6009c009c00a900a30000ffff000000320000000000000000000001e0000000000000001000211b3b
  589.944 1e04001e00061261
  589.974 1e040c000000000000000000000000cabf
  590.051 0f1006f1000306ffff0172a41721b2
  590.051 0f1006f10003d05d
  590.640 0217a7f8000fa80c00070e004000000028000a000affff00004d6d
  590.686 02171e0018fc18fc180032002cfc18fc18fc18fc18fc18001500c0001efc18fc18a4ce
  590.749 0a17b3b00003b3c40003060015001400002990
  590.919 0f1006f4001326004000000028000a000a000000000000000000000000000000000010000000000000000000004853
  590.919 0f1006f40013c190
  590.996 0f10085f00050a0000000000000000000032c2
  590.996 0f10085f00053356
  591.677 0217a7f8000fa80c00070e004000000028000a000affff00004d6d
  591.738 02171e0018fc18fc180032002cfc18fc18fc18fc18fc18001500c0001efc18fc18a4ce
  591.815 1e10000000091200010000000000000001000000000000000086dd
  591.815 1e10000000090260
  591.892 1e1000140003060000000000008c5f
  591.892 1e1000140003c263
  591.938 1e040000001673ab
  592.000 1e042c00e900e600b6009c009c00a900a30000ffff000000320000000000000000000001e0000000000000001000211b3b
  592.109 1e04001e00061261
  592.109 1e040c000000000000000000000000cabf
  592.171 0617afc8000cafdc00050a0010000000000000001557b5
  592.280 0f03070800064450
  592.311 0f030c0000000000000000010000001c88
  592.776 0217a7f8000fa80c00070e004000000028000a000affff00004d6d
  592.822 02171e0018fc18fc180032002cfc18fc18fc18fc18fc18001500c0001efc18fc18a4ce
  592.930 0f1007d000132600180017ff9c0032002cff9cff9cff9cff9cff9c001500c0001e004000000028000a000a00000b72
  592.930 0f1007d000138067
  593.816 0217a7f8000fa80c00070e004000000028000a000affff00004d6d
  593.878 02171e0018fc18fc180032002cfc18fc18fc18fc18fc18001500c0001efc18fc18a4ce
  593.956 1e10000000091200010000000000000001000000000000000086dd
  593.956 1e10000000090260
  594.018 1e1000140003060000000000008c5f
  594.018 1e1000140003c263
  594.065 1e040000001673ab
  594.127 1e042c00e900e600b6009c009c00a900a30000ffff000000320000000000000000000001e0000000000000001000211b3b
  594.219 1e04001e00061261
  594.251 1e040c000000000000000000000000cabf
  594.907 0217a7f8000fa80c00070e004000000028000a000affff00004d6d
  594.954 02171e0018fc18fc180032002cfc18fc18fc18fc18fc18001500c0001efc18fc18a4ce
  595.015 0a17b3b00003b3c40003060015001400002990
  595.186 0f1007e4001122001000000000001509060709096705790000000000000000000000000000000000006e99
  595.186 0f1007e400114068
  595.949 0217a7f8000fa80c00070e004000000028000a000affff00004d6d
  595.995 02171e0018fc18fc180032002cfc18fc18fc18fc18fc18001500c0001efc18fc18a4ce
  596.086 1e10000000091200010000000000000001000000000000000086dd
  596.086 1e10000000090260
  596.147 1e1000140003060000000000008c5f
  596.147 1e1000140003c263
  596.194 1e040000001673ab
  596.256 1e042c00e900e600b6009c009c00a900a30000ffff000000320000000000000000000001e0000000000000001000211b3b
  596.381 1e04001e00061261
  596.381 1e040c000000000000000000000000cabf
  596.427 0617afc8000cafdc00050a0010000000000000001557b5
  596.536 0f03070800064450
  596.582 0f030c0000000000000000010000001c88
  597.036 0217a7f8000fa80c00070e004000000028000a000affff00004d6d
  597.082 02171e0018fc18fc180032002cfc18fc18fc18fc18fc18001500c0001efc18fc18a4ce
  597.191 0f1007f8001122000000000000000000000000000000000000000000000000000000000000000000006fb5
  597.191 0f1007f8001181ae
  598.072 0217a7f8000fa80c00070e004000000028000a000affff00004d6d
  598.133 02171e0018fc18fc180032002cfc18fc18fc18fc18fc18001500c0001efc18fc18a4ce
  598.212 1e10000000091200010000000000000001000000000000000086dd
  598.212 1e10000000090260
  598.291 1e1000140003060000000000008c5f
  598.291 1e1000140003c263
  598.322 1e040000001673ab
  598.384 1e042c00e900e600b6009c009c00a900a30000ffff000000320000000000000000000001e0000000000000001000211b3b
  598.478 1e04001e00061261
  598.510 1e040c000000000000000000000000cabf
  599.163 0217a7f8000fa80c00070e004000000028000a000affff00004d6d
  599.209 02171e0018fc18fc180032002cfc18fc18fc18fc18fc18001500c0001efc18fc18a4ce
  599.256 0a17b3b00003b3c40003060015001400002990
  599.441 0f10080c00122400c80000000000000000000000000000000000000000000000000014001000000000000085e3
  599.441 0f10080c00128349
  600.206 0217a7f8000fa80c00070e004000000028000a000affff00004d6d
  600.268 02171e0018fc18fc180032002cfc18fc18fc18fc18fc18001500c0001efc18fc18a4ce
  600.346 1e10000000091200010000000000000001000000000000000086dd
  600.346 1e10000000090260
  600.408 1e1000140003060000000000008c5f
  600.408 1e1000140003c263
  600.455 1e040000001673ab
  600.516 1e042c00e900e600b7009c009c00a900a30000ffff000000320000000000000000000001e0000000000000001000211397
  600.639 1e04001e00061261
  600.639 1e040c000000000000000000000000cabf
  600.700 0617afc8000cafdc00050a0010000000000000001557b5
  600.810 0f03070800064450
  600.842 0f030c0000000000000000010000001c88
  601.292 0217a7f8000fa80c00070e004000000028000a000affff00004d6d
  601.339 02171e0018fc18fc180032002cfc18fc18fc18fc18fc18001500c0001efc18fc18a4ce
  601.463 0f10082000122400e900e600b7009c009c00a900a300320000000000000000000001e00010002109670579a2db
  601.463 0f10082000124280
  602.332 0217a7f8000fa80c00070e004000000028000a000affff00004d6d
  602.395 02171e0018fc18fc180032002cfc18fc18fc18fc18fc18001500c0001efc18fc18a4ce
  602.473 1e10000000091200010000000000000001000000000000000086dd
  602.473 1e10000000090260
  602.535 1e1000140003060000000000008c5f
  602.535 1e1000140003c263
  602.582 1e040000001673ab
  602.645 1e042c00e900e600b7009c009c00a900a30000ffff000000320000000000000000000001e0000000000000001000211397
  602.770 1e04001e00061261
  602.770 1e040c000000000000000000000000cabf
  603.407 0217a7f8000fa80c00070e004000000028000a000affff00004d6d
  603.470 02171e0018fc18fc180032002cfc18fc18fc18fc18fc18001500c0001efc18fc18a4ce
  603.516 0a17b3b00003b3c40003060015001400002990
  603.704 0f1008340012240000000000000000000000000000000000800000000000000000015e015e00000000000055c5
  603.704 0f10083400120284
  604.451 0217a7f8000fa80c00070e004000000028000a000affff00004d6d
  604.513 02171e0018fc18fc180032002cfc18fc18fc18fc18fc18001500c0001efc18fc18a4ce
  604.591 1e10000000091200010000000000000001000000000000000086dd
  604.591 1e10000000090260
  604.668 1e1000140003060000000000008c5f
  604.668 1e1000140003c263
  604.699 1e040000001673ab
  604.762 1e042c00e900e600b7009c009c00a900a30000ffff000000320000000000000000000001e0000000000000001000211397
  604.886 1e04001e00061261
  604.886 1e040c000000000000000000000000cabf
  604.933 0617afc8000cafdc00050a0010000000000000001557b5
  605.087 0f03070800064450
  605.087 0f030c0000000000000000010000001c88
  605.539 0217a7f8000fa80c00070e004000000028000a000affff00004d6d
  605.601 02171e0018fc18fc180032002cfc18fc18fc18fc18fc18001500c0001efc18fc18a4ce
  605.710 0f10084800172e000000000000000000000000000000000000002e0000000000000031000a0000002500320009001c0009001a0000ebab
  605.710 0f1008480017035f
  606.583 0217a7f8000fa80c00070e004000000028000a000affff00004d6d
  606.629 02171e0018fc18fc180032002cfc18fc18fc18fc18fc18001500c0001efc18fc18a4ce
  606.721 1e10000000091200010000000000000001000000000000000086dd
  606.721 1e10000000090260
  606.784 1e1000140003060000000000008c5f
  606.784 1e1000140003c263
  606.830 1e040000001673ab
  606.892 1e042c00e900e600b7009c009c00a900a30000ffff000000320000000000000000000001e0000000000000001000211397
  607.018 1e04001e00061261
  607.018 1e040c000000000000000000000000cabf
  607.668 0217a7f8000fa80c00070e004000000028000a000affff00004d6d
  607.715 02171e0018fc18fc180032002cfc18fc18fc18fc18fc18001500c0001efc18fc18a4ce
  607.778 0a17b3b00003b3c40003060015001400002990
  607.887 0f10086400040800000000000000e85637
  607.918 0f1008640004835b
  608.706 0217a7f8000fa80c00070e004000000028000a000affff00004d6d
  608.768 02171e0018fc18fc180032002cfc18fc18fc18fc18fc18001500c0001efc18fc18a4ce
  608.846 1e10000000091200010000000000000001000000000000000086dd
  608.846 1e10000000090260
  608.924 1e1000140003060000000000008c5f
  608.924 1e1000140003c263
  608.956 1e040000001673ab
  609.018 1e042c00e900e600b7009c009c00a900a30000ffff000000320000000000000000000001e0000000000000001000211397
  609.142 1e04001e00061261
  609.142 1e040c000000000000000000000000cabf
  609.190 0617afc8000cafdc00050a0010000000000000001557b5
  609.300 0f03070800064450
  609.346 0f030c0000000000000000010000001c88
  609.799 0217a7f8000fa80c00070e004000000028000a000affff00004d6d
  609.845 02171e0018fc18fc180032002cfc18fc18fc18fc18fc18001500c0001efc18fc18a4ce
  609.955 0f100870001122046c000001f501a701b501a700ca0000000000000000012a05c3785b0000000000002aae
  609.955 0f10087000110290
  610.845 0217a7f8000fa80c00070e004000000028000a000affff00004d6d
  610.891 02171e0018fc18fc180032002cfc18fc18fc18fc18fc18001500c0001efc18fc18a4ce
  610.982 1e10000000091200010000000000000001000000000000000086dd
  610.982 1e10000000090260
  611.044 1e1000140003060000000000008c5f
  611.044 1e1000140003c263
  611.092 1e040000001673ab
  611.154 1e042c00e900e600b7009c009c00a900a30000ffff000000320000000000000000000001e0000000000000001000211397
  611.279 1e04001e00061261
  611.279 1e040c000000000000000000000000cabf
  611.917 0217a7f8000fa80c00070e004000000028000a000affff00004d6d
  611.980 02171e0018fc18fc180032002cfc18fc18fc18fc18fc18001500c0001efc18fc18a4ce
  612.026 0a17b3b00003b3c40003060015001400002990
  613.032 0f100884003c837f
  613.032 0217a7f8000fa80c00070e004000000028000a000affff00004d6d
  613.032 02171e0018fc18fc180032002cfc18fc18fc18fc18fc18001500c0001efc18fc18a4ce
  613.126 1e10000000091200010000000000000001000000000000000086dd
  613.126 1e10000000090260
  613.188 1e1000140003060000000000008c5f
  613.188 1e1000140003c263
  613.234 1e040000001673ab
  613.295 1e042c00e900e600b7009c009c00a900a30000ffff000000320000000000000000000001e0000000000000001000211397
  613.420 1e04001e00061261
  613.420 1e040c000000000000000000000000cabf
  613.466 0617afc8000cafdc00050a0010000000000000001557b5
  613.575 0f03070800064450
  613.605 0f030c0000000040008000010b000076ba
  613.713 0f1005320012240002000000000000000000010000000100010000000000000000000000000000000000000096
  613.713 0f1005320012e029
  614.070 0217a7f8000fa80c00070e004000000028000a000affff00004d6d
  614.117 02171e0018fc18fc180032002cfc18fc18fc18fc18fc18001500c0001efc18fc18a4ce
  614.194 0f1006f1000306ffff0172a41721b2
  614.194 0f1006f10003d05d
  614.257 0f10086400040800000000000000e85637
  614.257 0f1008640004835b
  615.116 0217a7f8000fa80c00070e004000000028000a000affff00004d6d
  615.161 02171e0018fc18fc180032002cfc18fc18fc18fc18fc18001500c0001efc18fc18a4ce
  615.256 1e10000000091200010000000000000001000000000000000086dd
  615.256 1e10000000090260
  615.318 1e1000140003060000000000008c5f
  615.318 1e1000140003c263
  615.364 1e040000001673ab
  615.426 1e042c00e900e600b7009c009c00a900a30000ffff000000320000000000000000000001e0000000000000001000211397
  615.535 1e04001e00061261
  615.535 1e040c000000000000000000000000cabf
  616.187 0217a7f8000fa80c00070e004000000028000a000affff00004d6d
  616.249 02171e0018fc18fc180032002cfc18fc18fc18fc18fc18001500c0001efc18fc18a4ce
  616.295 0a17b3b00003b3c40003060015001400002990
  617.241 0217a7f8000fa80c00070e004000000028000a000affff00004d6d
  617.304 02171e0018fc18fc180032002cfc18fc18fc18fc18fc18001500c0001efc18fc18a4ce
  617.381 1e10000000091200010000000000000001000000000000000086dd
  617.381 1e10000000090260
  617.442 1e1000140003060000000000008c5f
  617.442 1e1000140003c263
  617.489 1e040000001673ab
  617.553 1e042c00e900e600b7009c009c00a900a30000ffff000000320000000000000000000001e0000000000000001000211397
  617.678 1e04001e00061261
  617.678 1e040c000000000000000000000000cabf
  617.725 0617afc8000cafdc00050a0010000000000000001557b5
  617.832 0f03070800064450
  617.863 0f030c00000000ffff867f03df000066ad
  617.941 0f1003e8000e1c0019001300280000000000000015001300020028001e000100140002e77e
  617.972 0f1003e8000ec093
  618.328 0217a7f8000fa80c00070e004000000028000a000affff00004d6d
  618.374 02171e0018fc18fc180032002cfc18fc18fc18fc18fc18001500c0001efc18fc18a4ce
  618.484 0f1003fc000b160028000a0037000000000000000200120028001e003c369e
  618.484 0f1003fc000b4094
  618.562 0f1007d000132600180017ff9c0032002cff9cff9cff9cff9cff9c001500c0001e004000000028000a000a00000b72
  618.609 0f1007d000138067
  619.371 0217a7f8000fa80c00070e004000000028000a000affff00004d6d
  619.432 02171e0018fc18fc180032002cfc18fc18fc18fc18fc18001500c0001efc18fc18a4ce
  619.510 1e10000000091200010000000000000001000000000000000086dd
  619.510 1e10000000090260
  619.572 1e1000140003060000000000008c5f
  619.572 1e1000140003c263
  619.617 1e040000001673ab
  619.679 1e042c00e900e600b7009c009c00a900a30000ffff000000320000000000000000000001e0000000000000001000211397
  619.772 1e04001e00061261
  619.803 1e040c000000000000000000000000cabf
  619.927 0f10041000162c0028000a0037000000000000000200120028001e003c001200140027002800070001003e000d0006003c0000d569
  619.927 0f1004100016401c
  620.456 0217a7f8000fa80c00070e004000000028000a000affff00004d6d
  620.503 02171e0018fc18fc180032002cfc18fc18fc18fc18fc18001500c0001efc18fc18a4ce
  620.564 0a17b3b00003b3c40003060015001400002990
  620.704 0f10042e000f1e0001000000000014fff6000500280000002d0000000000000000000000003295
  620.751 0f10042e000fe01a
  620.830 0f1007e4001122001000000000001509060709096705790000000000000000000000000000000000006e99
  620.860 0f1007e400114068
  621.527 0217a7f8000fa80c00070e004000000028000a000affff00004d6d
  621.574 02171e0018fc18fc180032002cfc18fc18fc18fc18fc18001500c0001efc18fc18a4ce
  621.667 1e10000000091200010000000000000001000000000000000086dd
  621.667 1e10000000090260
  621.729 1e1000140003060000000000008c5f
  621.729 1e1000140003c263
  621.775 1e040000001673ab
  621.837 1e042c00e900e600b7009c009c00a900a30000ffff000000320000000000000000000001e0000000000000001000211397
  621.945 1e04001e00061261
  621.945 1e040c000000000000000000000000cabf
  622.007 0617afc8000cafdc00050a0010000000000000001557b5
  622.146 0f100442000d1a000100130000001c0000fff800050028000000000000000a000a244d
  622.177 0f100442000da1c6
  622.613 0217a7f8000fa80c00070e004000000028000a000affff00004d6d
  622.660 02171e0018fc18fc180032002cfc18fc18fc18fc18fc18001500c0001efc18fc18a4ce
  622.737 0f100456000c18000000060014001e00000006ffffffff00000000000000010aef
  622.891 0f100456000c2002
  623.790 0217a7f8000fa80c00070e004000000028000a000affff00004d6d
  623.790 02171e0018fc18fc180032002cfc18fc18fc18fc18fc18001500c0001efc18fc18a4ce
  623.790 1e10000000091200010000000000000001000000000000000086dd
  623.790 1e10000000090260
  623.852 1e1000140003060000000000008c5f
  623.852 1e1000140003c263
  623.900 1e040000001673ab
  623.961 1e042c00e900e600b7009c009c00a900a00000ffff000000320000000000000000000001e000000000000000100021a396
  624.084 1e04001e00061261
  624.084 1e040c000000000000000000000000cabf
  624.146 0f100456000c18000000060014001e00000006ffffffff00000000000000010aef
  624.176 0f100456000c2002
  624.736 0217a7f8000fa80c00070e004000000028000a000affff00004d6d
  624.783 02171e0018fc18fc180032002cfc18fc18fc18fc18fc18001500c0001efc18fc18a4ce
  624.846 0a17b3b00003b3c40003060015001400002990
  625.001 0f10046a001224000000000000000000000000000000000000000000000000000000000000000000000000874b
  625.033 0f10046a00126006
  625.126 0f1007d000132600180017ff9c0032002cff9cff9cff9cff9cff9c001500c0001e004000000028000a000a00000b72
  625.157 0f1007d000138067
  625.823 0217a7f8000fa80c00070e004000000028000a000affff00004d6d
  625.885 02171e0018fc18fc180032002cfc18fc18fc18fc18fc18001500c0001efc18fc18a4ce
  625.963 1e10000000091200010000000000000001000000000000000086dd
  625.963 1e10000000090260
  626.025 1e1000140003060000000000008c5f
  626.025 1e1000140003c263
  626.072 1e040000001673ab
  626.135 1e042c00e900e600b7009c009c00a900a00000ffff000000320000000000000000000001e000000000000000100021a396
  626.227 1e04001e00061261
  626.259 1e040c000000000000000000000000cabf
  626.306 0617afc8000cafdc00050a0010000000000000001557b5
  626.460 0f1004a6000d1a00000000000000000000000000000000000000004a2000000000ca30
  626.491 0f1004a6000de1f1
  626.910 0217a7f8000fa80c00070e004000000028000a000affff00004d6d
  626.972 02171e0018fc18fc180032002cfc18fc18fc18fc18fc18001500c0001efc18fc18a4ce
  627.050 0f1004ba00162c001400000000000000000019002800040007000a001e0001001e0001001e0001000100000000000000280037b494
  627.128 0f1004ba0016603c
  627.204 0f1007d000132600180017ff9c0032002cff9cff9cff9cff9cff9c001500c0001e004000000028000a000a00000b72
  627.251 0f1007d000138067
  627.962 0217a7f8000fa80c00070e004000000028000a000affff00004d6d
  628.009 02171e0018fc18fc180032002cfc18fc18fc18fc18fc18001500c0001efc18fc18a4ce
  628.086 1e10000000091200010000000000000001000000000000000086dd
  628.086 1e10000000090260
  628.164 1e1000140003060000000000008c5f
  628.164 1e1000140003c263
  628.194 1e040000001673ab
  628.271 1e042c00e900e600b7009c009c00a900a00000ffff000000320000000000000000000001e000000000000000100021a396
  628.349 1e04001e00061261
  628.381 1e040c000000000000000000000000cabf
  628.460 0f1005320012240002000000000000000000010000000100010000000000000000000000000000000000000096
  628.567 0f1005320012e029
  629.035 0217a7f8000fa80c00070e004000000028000a000affff00004d6d
  629.083 02171e0018fc18fc180032002cfc18fc18fc18fc18fc18001500c0001efc18fc18a4ce
  629.146 0a17b3b00003b3c40003060015001400002990
  629.302 0f1005460014280005000100020000000000000000000000000002000000000000000200000000000000000000000094fd
  629.364 0f10054600142031
  629.473 0f1007e4001122001000000000001509060709096705790000000000000000000000000000000000006e99
  629.473 0f1007e400114068
  630.081 0217a7f8000fa80c00070e004000000028000a000affff00004d6d
  630.126 02171e0018fc18fc180032002cfc18fc18fc18fc18fc18001500c0001efc18fc18a4ce
  630.219 1e10000000091200010000000000000001000000000000000086dd
  630.219 1e10000000090260
  630.282 1e1000140003060000000000008c5f
  630.282 1e1000140003c263
  630.329 1e040000001673ab
  630.392 1e042c00e900e600b7009c009c00a900a00000ffff000000320000000000000000000001e000000000000000100021a396
  630.516 1e04001e00061261
  630.516 1e040c000000000000000000000000cabf
  630.563 0617afc8000cafdc00050a0010000000000000001557b5
  630.747 0f10055a002142000100000000001f000c000000000000001f000c0000007f000100000015001f000c0000003b0017001f000c0000007f000000000000001f000c000000000000001faa1c
  630.887 0f10055a002121e0
  631.167 0217a7f8000fa80c00070e004000000028000a000affff00004d6d
  631.214 02171e0018fc18fc180032002cfc18fc18fc18fc18fc18001500c0001efc18fc18a4ce
  631.339 0f10055a002142000100000000001f000c000000000000001f000c0000007f000100000015001f000c0000003b0017001f000c0000007f000000000000001f000c000000000000001faa1c
  631.370 0f10055a002121e0
  631.448 0f1007d000132600180017ff9c0032002cff9cff9cff9cff9cff9c001500c0001e004000000028000a000a00000b72
  631.494 0f1007d000138067
  632.210 0217a7f8000fa80c00070e004000000028000a000affff00004d6d
  632.271 02171e0018fc18fc180032002cfc18fc18fc18fc18fc18001500c0001efc18fc18a4ce
  632.349 1e10000000091200010000000000000001000000000000000086dd
  632.349 1e10000000090260
  632.411 1e1000140003060000000000008c5f
  632.411 1e1000140003c263
  632.457 1e040000001673ab
  632.518 1e042c00e900e600b7009c009c00a900a00000ffff000000320000000000000000000001e000000000000000100021a396
  632.642 1e04001e00061261
  632.642 1e040c000000000000000000000000cabf
  632.749 0f10057b002142000c00000000000000000000001f000c000000000000001f000c00000000000000000000001f000c000000000000001f000c00000000000000000000001f000c00009d7a
  632.828 0f10057b002171ea
  633.292 0217a7f8000fa80c00070e004000000028000a000affff00004d6d
  633.339 02171e0018fc18fc180032002cfc18fc18fc18fc18fc18001500c0001efc18fc18a4ce
  633.401 0a17b3b00003b3c40003060015001400002990
  633.588 0f10059c00214200000000001f000c00000000000000000000001f000c000000000000001f000c00000000000000000000001f000c000000000000001f000c000000000003000000000a3c
  633.650 0f10059c0021c1dd
  633.729 0f1007e4001122001000000000001509060709096705790000000000000000000000000000000000006e99
  633.776 0f1007e400114068
  634.334 0217a7f8000fa80c00070e004000000028000a000affff00004d6d
  634.395 02171e0018fc18fc180032002cfc18fc18fc18fc18fc18001500c0001efc18fc18a4ce
  634.473 1e10000000091200010000000000000001000000000000000086dd
  634.473 1e10000000090260
  634.550 1e1000140003060000000000008c5f
  634.550 1e1000140003c263
  634.581 1e040000001673ab
  634.659 1e042c00e900e400b7009c009c00a900a30000ffff000000320000000000000000000001e0000000000000001000211ead
  634.737 1e04001e00061261
  634.767 1e040c000000000000000000000000cabf
  634.830 0617afc8000cafdc00050a0010000000000000001557b5
  635.016 0f1005bd00214200000000001f000c000000000000001f000c00000000000000000000001f000c000000000000001f000c00000000000000000000001f000c000000000000001f000c9373
  635.063 0f1005bd002191d7
  635.422 0217a7f8000fa80c00070e004000000028000a000affff00004d6d
  635.469 02171e0018fc18fc180032002cfc18fc18fc18fc18fc18001500c0001efc18fc18a4ce
  635.593 0f1005de00214200000000000000000000001f000c000000000000001f000c00000000000000000000001f000c000000000000001f000c00000000000000000000001f000c0000000078fc
  635.639 0f1005de002161c9
  635.716 0f1007d000132600180017ff9c0032002cff9cff9cff9cff9cff9c001500c0001e004000000028000a000a00000b72
  635.779 0f1007d000138067
  636.462 0217a7f8000fa80c00070e004000000028000a000affff00004d6d
  636.524 02171e0018fc18fc180032002cfc18fc18fc18fc18fc18001500c0001efc18fc18a4ce
  636.603 1e10000000091200010000000000000001000000000000000086dd
  636.603 1e10000000090260
  636.679 1e1000140003060000000000008c5f
  636.679 1e1000140003c263
  636.711 1e040000001673ab
  636.789 1e042c00e900e400b7009c009c00a900a30000ffff000000320000000000000000000001e0000000000000001000211ead
  636.866 1e04001e00061261
  636.897 1e040c000000000000000000000000cabf
  637.020 0f1005ff0021420000001f000c00000000000000000000001f000c000000000000001f000c00000000000000000000001f000c000000000000001f000c0000000000000000000100000baf
  637.082 0f1005ff002131c3
  637.546 0217a7f8000fa80c00070e004000000028000a000affff00004d6d
  637.607 02171e0018fc18fc180032002cfc18fc18fc18fc18fc18001500c0001efc18fc18a4ce
  637.668 0a17b3b00003b3c40003060015001400002990
  637.854 0f1006200021420000001f000c000000000000001f000c00000000000000000000001f000c000000000000001f000c00000000000000000000001f000c000000000000001f000c000041fc
  637.886 0f1006200021007d
  637.965 0f1007e4001122001000000000001509060709096705790000000000000000000000000000000000006e99
  637.996 0f1007e400114068
  638.605 0217a7f8000fa80c00070e004000000028000a000affff00004d6d
  638.652 02171e0018fc18fc180032002cfc18fc18fc18fc18fc18001500c0001efc18fc18a4ce
  638.729 1e10000000091200010000000000000001000000000000000086dd
  638.729 1e10000000090260
  638.807 1e1000140003060000000000008c5f
  638.807 1e1000140003c263
  638.839 1e040000001673ab
  638.917 1e042c00e900e400b7009c009c00a900a30000ffff000000320000000000000000000001e0000000000000001000211ead
  638.995 1e04001e00061261
  639.026 1e040c000000000000000000000000cabf
  639.088 0617afc8000cafdc00050a0010000000000000001557b5
  639.274 0f1006410021420000000000000000001f000c000000000000001f000c00000000000000000000001f000c000000000000001f000c00000000000000000000001f000c00000000000091ef
  639.367 0f100641002151a3
  639.677 0217a7f8000fa80c00070e004000000028000a000affff00004d6d
  639.738 02171e0018fc18fc180032002cfc18fc18fc18fc18fc18001500c0001efc18fc18a4ce
  639.845 0f100662002142001f000c00000000000000000000001f000c000000000000001f000c00000000000000000000001f000c000000000000001f000c00000000000000000001000000008290
  639.876 0f1006620021a069
  640.000 0f1007d000132600180017ff9c0032002cff9cff9cff9cff9cff9c001500c0001e004000000028000a000a00000b72
  640.000 0f1007d000138067
  640.729 0217a7f8000fa80c00070e004000000028000a000affff00004d6d
  640.776 02171e0018fc18fc180032002cfc18fc18fc18fc18fc18001500c0001efc18fc18a4ce
  640.870 1e10000000091200010000000000000001000000000000000086dd
  640.870 1e10000000090260
  640.931 1e1000140003060000000000008c5f
  640.931 1e1000140003c263
  640.978 1e040000001673ab
  641.040 1e042c00e900e400b7009c009c00a900a30000ffff000000320000000000000000000001e0000000000000001000211ead
  641.148 1e04001e00061261
  641.148 1e040c000000000000000000000000cabf
  641.272 0f100683002142001f000c000000000000001f000c0000007f000100000015001f000c0000003b0017001f000c0000007f000000000000001f000c000000000000001f000c000000007b61
  641.350 0f1006830021f05f
  641.812 0217a7f8000fa80c00070e004000000028000a000affff00004d6d
  641.858 02171e0018fc18fc180032002cfc18fc18fc18fc18fc18001500c0001efc18fc18a4ce
  641.919 0a17b3b00003b3c40003060015001400002990
  642.106 0f1006a4002142000000000000001f000c000000000000001f000c00000000000000000000001f000c000000000000001f000c00000000000000000000001f000c000000000000001f24e7
  642.137 0f1006a400214054
  642.214 0f1007e4001122001000000000001509060709096705790000000000000000000000000000000000006e99
  642.246 0f1007e400114068
  642.855 0217a7f8000fa80c00070e004000000028000a000affff00004d6d
  642.902 02171e0018fc18fc180032002cfc18fc18fc18fc18fc18001500c0001efc18fc18a4ce
  642.996 1e10000000091200010000000000000001000000000000000086dd
  642.996 1e10000000090260
  643.059 1e1000140003060000000000008c5f
  643.059 1e1000140003c263
  643.104 1e040000001673ab
  643.166 1e042c00e900e400b7009c009c00a900a30000ffff000000320000000000000000000001e0000000000000001000211ead
  643.289 1e04001e00061261
  643.289 1e040c000000000000000000000000cabf
  643.336 0617afc8000cafdc00050a0010000000000000001557b5
  643.524 0f1006c5002142000c00000000000000000000001f000c000000000000001f000c00000000000000000000001f000c000000000000001f000c0000000000030000006c0004000000000e20
  643.555 0f1006c50021118a
  643.931 0217a7f8000fa80c00070e004000000028000a000affff00004d6d
  643.992 02171e0018fc18fc180032002cfc18fc18fc18fc18fc18001500c0001efc18fc18a4ce
  644.055 0f1006ea00070e001000330009001c0009001a0000f266
  644.087 0f1006ea0007a199
  644.163 0f1007d000132600180017ff9c0032002cff9cff9cff9cff9cff9c001500c0001e004000000028000a000a00000b72
  644.194 0f1007d000138067
  644.985 0217a7f8000fa80c00070e004000000028000a000affff00004d6d
  645.034 02171e0018fc18fc180032002cfc18fc18fc18fc18fc18001500c0001efc18fc18a4ce
  645.126 1e10000000091200010000000000000001000000000000000086dd
  645.126 1e10000000090260
  645.189 1e1000140003060000000000008c5f
  645.189 1e1000140003c263
  645.236 1e040000001673ab
  645.298 1e042c00e900e400b7009c009c00a900a30000ffff000000320000000000000000000001e0000000000000001000211ead
  645.408 1e04001e00061261
  645.408 1e040c000000000000000000000000cabf
  645.469 0f1006f1000306ffff0172a41721b2
  645.501 0f1006f10003d05d
  646.077 0217a7f8000fa80c00070e004000000028000a000affff00004d6d
  646.123 02171e0018fc18fc180032002cfc18fc18fc18fc18fc18001500c0001efc18fc18a4ce
  646.186 0a17b3b00003b3c40003060015001400002990
  646.341 0f1006f4001326004000000028000a000a000000000000000000000000000000000010000000000000000000004853
  646.371 0f1006f40013c190
  646.463 0f1007e4001122001000000000001509060709096705790000000000000000000000000000000000006e99
  646.494 0f1007e400114068
  647.163 0217a7f8000fa80c00070e004000000028000a000affff00004d6d
  647.209 02171e0018fc18fc180032002cfc18fc18fc18fc18fc18001500c0001efc18fc18a4ce
  647.302 1e10000000091200010000000000000001000000000000000086dd
  647.302 1e10000000090260
  647.365 1e1000140003060000000000008c5f
  647.365 1e1000140003c263
  647.396 1e040000001673ab
  647.473 1e042c00e900e400b7009c009c00a900a30000ffff000000320000000000000000000001e0000000000000001000211ead
  647.552 1e04001e00061261
  647.582 1e040c000000000000000000000000cabf
  647.644 0617afc8000cafdc00050a0010000000000000001557b5
  647.753 0f03070800064450
  647.847 0f030c00000000ff80000003dc00001206
  647.957 0f1006200021420000001f000c000000000000001f000c00000000000000000000001f000c000000000000001f000c00000000000000000000001f000c000000000000001f000c000041fc
  648.051 0f1006200021007d
  648.254 0217a7f8000fa80c00070e004000000028000a000affff00004d6d
  648.302 02171e0018fc18fc180032002cfc18fc18fc18fc18fc18001500c0001efc18fc18a4ce
  648.426 0f1006410021420000000000000000001f000c000000000000001f000c00000000000000000000001f000c000000000000001f000c00000000000000000000001f000c00000000000091ef
  648.581 0f1007d000132600180017ff9c0032002cff9cff9cff9cff9cff9c001500c0001e004000000028000a000a00000b72
  648.735 0f1007d000138067
  649.278 0217a7f8000fa80c00070e004000000028000a000affff00004d6d
  649.341 02171e0018fc18fc180032002cfc18fc18fc18fc18fc18001500c0001efc18fc18a4ce
  649.419 1e10000000091200010000000000000001000000000000000086dd
  649.419 1e10000000090260
  649.498 1e1000140003060000000000008c5f
  649.498 1e1000140003c263
  649.529 1e040000001673ab
  649.590 1e042c00e900e400b7009c009c00a900a30000ffff000000320000000000000000000001e0000000000000001000211ead
  649.712 1e04001e00061261
  649.712 1e040c000000000000000000000000cabf
  649.820 0f1006410021420000000000000000001f000c000000000000001f000c00000000000000000000001f000c000000000000001f000c00000000000000000000001f000c00000000000091ef
  649.882 0f100641002151a3
  650.364 0217a7f8000fa80c00070e004000000028000a000affff00004d6d
  650.410 02171e0018fc18fc180032002cfc18fc18fc18fc18fc18001500c0001efc18fc18a4ce
  650.472 0a17b3b00003b3c40003060015001400002990
  650.658 0f100662002142001f000c00000000000000000000001f000c000000000000001f000c00000000000000000000001f000c000000000000001f000c00000000000000000001000000008290
  650.705 0f1006620021a069
  650.799 0f1007d000132600180017ff9c0032002cff9cff9cff9cff9cff9c001500c0001e004000000028000a000a00000b72
  650.860 0f1007d000138067
  651.405 0217a7f8000fa80c00070e004000000028000a000affff00004d6d
  651.467 02171e0018fc18fc180032002cfc18fc18fc18fc18fc18001500c0001efc18fc18a4ce
  651.546 1e10000000091200010000000000000001000000000000000086dd
  651.546 1e10000000090260
  651.623 1e1000140003060000000000008c5f
  651.623 1e1000140003c263
  651.654 1e040000001673ab
  651.716 1e042c00e900e400b7009c009c00a900a30000ffff000000320000000000000000000001e0000000000000001000211ead
  651.842 1e04001e00061261
  651.842 1e040c000000000000000000000000cabf
  651.889 0617afc8000cafdc00050a0010000000000000001557b5
  652.077 0f100683002142001f000c000000000000001f000c0000007f000100000015001f000c0000003b0017001f000c0000007f000000000000001f000c000000000000001f000c000000007b61
  652.201 0f1006830021f05f
  652.494 0217a7f8000fa80c00070e004000000028000a000affff00004d6d
  652.540 02171e0018fc18fc180032002cfc18fc18fc18fc18fc18001500c0001efc18fc18a4ce
  652.665 0f100683002142001f000c000000000000001f000c0000007f000100000015001f000c0000003b0017001f000c0000007f000000000000001f000c000000000000001f000c000000007b61
  652.726 0f1006830021f05f
  652.788 0f1007e4001122001000000000001509060709096705790000000000000000000000000000000000006e99
  652.835 0f1007e400114068
  653.537 0217a7f8000fa80c00070e004000000028000a000affff00004d6d
  653.583 02171e0018fc18fc180032002cfc18fc18fc18fc18fc18001500c0001efc18fc18a4ce
  653.676 1e10000000091200010000000000000001000000000000000086dd
  653.676 1e10000000090260
  653.738 1e1000140003060000000000008c5f
  653.738 1e1000140003c263
  653.784 1e040000001673ab
  653.846 1e042c00e900e400b7009c009c00a900a30000ffff000000320000000000000000000001e0000000000000001000211ead
  653.969 1e04001e00061261
  653.969 1e040c000000000000000000000000cabf
  654.077 0f1006a4002142000000000000001f000c000000000000001f000c00000000000000000000001f000c000000000000001f000c00000000000000000000001f000c000000000000001f24e7
  654.123 0f1006a400214054
  654.619 0217a7f8000fa80c00070e004000000028000a000affff00004d6d
  654.667 02171e0018fc18fc180032002cfc18fc18fc18fc18fc18001500c0001efc18fc18a4ce
  654.728 0a17b3b00003b3c40003060015001400002990
  654.914 0f1006c5002142000c00000000000000000000001f000c000000000000001f000c00000000000000000000001f000c000000000000001f000c0000000000030000006c0004000000000e20
  654.945 0f1006c50021118a
  655.023 0f1007f8001122000000000000000000000000000000000000000000000000000000000000000000006fb5
  655.054 0f1007f8001181ae
  655.660 0217a7f8000fa80c00070e004000000028000a000affff00004d6d
  655.706 02171e0018fc18fc180032002cfc18fc18fc18fc18fc18001500c0001efc18fc18a4ce
  655.800 1e10000000091200010000000000000001000000000000000086dd
  655.800 1e10000000090260
  655.861 1e1000140003060000000000008c5f
  655.861 1e1000140003c263
  655.907 1e040000001673ab
  655.970 1e042c00e900e600b7009c009c00a800a00000ffff000000320000000000000000000001e000000000000000100021ce56
  656.063 1e04001e00061261
  656.094 1e040c000000000000000000000000cabf
  656.156 0617afc8000cafdc00050a0010000000000000001557b5
  656.279 0f1006ea00070e001b00330009001c0009001a0000e8ed
  656.357 0f1006ea0007a199
  656.746 0217a7f8000fa80c00070e004000000028000a000affff00004d6d
  656.792 02171e0018fc18fc180032002cfc18fc18fc18fc18fc18001500c0001efc18fc18a4ce
  656.854 0f1006f1000306ffff0172a41721b2
  656.900 0f1006f10003d05d
  656.977 0f1007f8001122000000000000000000000000000000000000000000000000000000000000000000006fb5
  657.038 0f1007f8001181ae
  657.797 0217a7f8000fa80c00070e004000000028000a000affff00004d6d
  657.845 02171e0018fc18fc180032002cfc18fc18fc18fc18fc18001500c0001efc18fc18a4ce
  657.922 1e10000000091200010000000000000001000000000000000086dd
  657.922 1e10000000090260
  657.999 1e1000140003060000000000008c5f
  657.999 1e1000140003c263
  658.030 1e040000001673ab
  658.109 1e042c00e900e600b7009c009c00a800a00000ffff000000320000000000000000000001e000000000000000100021ce56
  658.186 1e04001e00061261
  658.217 1e040c000000000000000000000000cabf
  658.311 0f1006f4001326004000000028000a000a000000000000000000000000000000000010000000000000000000004853
  658.341 0f1006f40013c190
  658.868 0217a7f8000fa80c00070e004000000028000a000affff00004d6d
  658.915 02171e0018fc18fc180032002cfc18fc18fc18fc18fc18001500c0001efc18fc18a4ce
  658.977 0a17b3b00003b3c40003060015001400002990
  659.162 0f10080c00122400c80000000000000000000000000000000000000000000000000014001000000000000085e3
  659.162 0f10080c00128349
  659.925 0217a7f8000fa80c00070e004000000028000a000affff00004d6d
  659.972 02171e0018fc18fc180032002cfc18fc18fc18fc18fc18001500c0001efc18fc18a4ce
  660.051 1e10000000091200010000000000000001000000000000000086dd
  660.051 1e10000000090260
  660.128 1e1000140003060000000000008c5f
  660.128 1e1000140003c263
  660.160 1e040000001673ab
  660.223 1e042c00e900e600b7009c009c00a800a00000ffff000000320000000000000000000001e000000000000000100021ce56
  660.315 1e04001e00061261
  660.346 1e040c000000000000000000000000cabf
  660.406 0617afc8000cafdc00050a0010000000000000001557b5
  660.515 0f03070800064450
  660.562 0f030c00000000e000000003dc0000d282
  660.639 0f1006ea00070e002000330009001c0009001a0000b396
  660.639 0f1006ea0007a199
  660.997 0217a7f8000fa80c00070e004000000028000a000affff00004d6d
  661.043 02171e0018fc18fc180032002cfc18fc18fc18fc18fc18001500c0001efc18fc18a4ce
  661.103 0f1006f1000306ffff0172a41721b2
  661.134 0f1006f10003d05d
  661.212 0f1007f8001122000000000000000000000000000000000000000000000000000000000000000000006fb5
  661.244 0f1007f8001181ae
  662.040 0217a7f8000fa80c00070e004000000028000a000affff00004d6d
  662.103 02171e0018fc18fc180032002cfc18fc18fc18fc18fc18001500c0001efc18fc18a4ce
  662.180 1e10000000091200010000000000000001000000000000000086dd
  662.180 1e10000000090260
  662.288 1e1000140003060000000000008c5f
  662.288 1e1000140003c263
  662.288 1e040000001673ab
  662.350 1e042c00e900e600b7009c009c00a800a00000ffff000000320000000000000000000001e000000000000000100021ce56
  662.472 1e04001e00061261
  662.472 1e040c000000000000000000000000cabf
  662.550 0f1006f4001326004000000028000a000a000000000000000000000000000000000010000000000000000000004853
  662.628 0f1006f40013c190
  663.125 0217a7f8000fa80c00070e004000000028000a000affff00004d6d
  663.187 02171e0018fc18fc180032002cfc18fc18fc18fc18fc18001500c0001efc18fc18a4ce
  663.233 0a17b3b00003b3c40003060015001400002990
  663.388 0f10080c00122400c80000000000000000000000000000000000000000000000000014001000000000000085e3
  663.435 0f10080c00128349
  664.167 0217a7f8000fa80c00070e004000000028000a000affff00004d6d
  664.214 02171e0018fc18fc180032002cfc18fc18fc18fc18fc18001500c0001efc18fc18a4ce
  664.308 1e10000000091200010000000000000001000000000000000086dd
  664.308 1e10000000090260
  664.371 1e1000140003060000000000008c5f
  664.371 1e1000140003c263
  664.418 1e040000001673ab
  664.480 1e042c00e900e600b7009c009c00a800a00000ffff000000320000000000000000000001e000000000000000100021ce56
  664.603 1e04001e00061261
  664.603 1e040c000000000000000000000000cabf
  664.648 0617afc8000cafdc00050a0010000000000000001557b5
  664.756 0f03070800064450
  664.834 0f030c000000008000000003dc0000d4aa
  664.912 0f1006f4001326004000000028000a000a000000000000000000000000000000000010000000000000000000004853
  664.973 0f1006f40013c190
  665.252 0217a7f8000fa80c00070e004000000028000a000affff00004d6d
  665.297 02171e0018fc18fc180032002cfc18fc18fc18fc18fc18001500c0001efc18fc18a4ce
  665.391 0f1007f8001122000000000000000000000000000000000000000000000000000000000000000000006fb5
  665.423 0f1007f8001181ae
  666.305 0217a7f8000fa80c00070e004000000028000a000affff00004d6d
  666.352 02171e0018fc18fc180032002cfc18fc18fc18fc18fc18001500c0001efc18fc18a4ce
  666.430 1e10000000091200010000000000000001000000000000000086dd
  666.430 1e10000000090260
  666.509 1e1000140003060000000000008c5f
  666.509 1e1000140003c263
  666.540 1e040000001673ab
  666.617 1e042c00e900e400b7009c009c00a900a00000ffff000000320000000000000000000001e000000000000000100021aeac
  666.695 1e04001e00061261
  666.726 1e040c000000000000000000000000cabf
  667.378 0217a7f8000fa80c00070e004000000028000a000affff00004d6d
  667.440 02171e0018fc18fc180032002cfc18fc18fc18fc18fc18001500c0001efc18fc18a4ce
  667.486 0a17b3b00003b3c40003060015001400002990
  667.641 0f10080c00122400c80000000000000000000000000000000000000000000000000014001000000000000085e3
  667.671 0f10080c00128349
  668.429 0217a7f8000fa80c00070e004000000028000a000affff00004d6d
  668.476 02171e0018fc18fc180032002cfc18fc18fc18fc18fc18001500c0001efc18fc18a4ce
  668.569 1e10000000091200010000000000000001000000000000000086dd
  668.569 1e10000000090260
  668.631 1e1000140003060000000000008c5f
  668.631 1e1000140003c263
  668.662 1e040000001673ab
  668.740 1e042c00e900e400b7009c009c00a900a00000ffff000000320000000000000000000001e000000000000000100021aeac
  668.817 1e04001e00061261
  668.848 1e040c000000000000000000000000cabf
  668.910 0617afc8000cafdc00050a0010000000000000001557b5
  669.019 0f03070800064450
  669.081 0f030c000000000000000003dc0000dcca
  669.500 0217a7f8000fa80c00070e004000000028000a000affff00004d6d
  669.562 02171e0018fc18fc180032002cfc18fc18fc18fc18fc18001500c0001efc18fc18a4ce
  669.640 0f1007f8001122000000000000000000000000000000000000000000000000000000000000000000006fb5
  669.734 0f1007f8001181ae
  670.561 0217a7f8000fa80c00070e004000000028000a000affff00004d6d
  670.607 02171e0018fc18fc180032002cfc18fc18fc18fc18fc18001500c0001efc18fc18a4ce
  670.684 1e10000000091200010000000000000001000000000000000086dd
  670.684 1e10000000090260
  670.761 1e1000140003060000000000008c5f
  670.761 1e1000140003c263
  670.792 1e040000001673ab
  670.869 1e042c00e900e400b7009c009c00a900a00000ffff000000320000000000000000000001e000000000000000100021aeac
  670.947 1e04001e00061261
  670.978 1e040c000000000000000000000000cabf
  671.633 0217a7f8000fa80c00070e004000000028000a000affff00004d6d
  671.680 02171e0018fc18fc180032002cfc18fc18fc18fc18fc18001500c0001efc18fc18a4ce
  671.742 0a17b3b00003b3c40003060015001400002990
  671.897 0f10080c00122400c80000000000000000000000000000000000000000000000000014001000000000000085e3
  672.670 0217a7f8000fa80c00070e004000000028000a000affff00004d6d
  672.731 02171e0018fc18fc180032002cfc18fc18fc18fc18fc18001500c0001efc18fc18a4ce
  672.808 1e10000000091200010000000000000001000000000000000086dd
  672.808 1e10000000090260
  672.886 1e1000140003060000000000008c5f
  672.886 1e1000140003c263
  672.917 1e040000001673ab
  672.993 1e042c00e900e400b7009c009c00a900a00000ffff000000320000000000000000000001e000000000000000100021aeac
  673.072 1e04001e00061261
  673.103 1e040c000000000000000000000000cabf
  673.163 0617afc8000cafdc00050a0010000000000000001557b5
  673.272 0f03070800064450
  673.318 0f030c000000000000000003dc0000dcca
  673.753 0217a7f8000fa80c00070e004000000028000a000affff00004d6d
  673.815 02171e0018fc18fc180032002cfc18fc18fc18fc18fc18001500c0001efc18fc18a4ce
  673.894 0f1007f8001122000000000000000000000000000000000000000000000000000000000000000000006fb5
  673.925 0f1007f8001181ae
  674.806 0217a7f8000fa80c00070e004000000028000a000affff00004d6d
  674.853 02171e0018fc18fc180032002cfc18fc18fc18fc18fc18001500c0001efc18fc18a4ce
  674.946 1e10000000091200010000000000000001000000000000000086dd
  674.946 1e10000000090260
  675.008 1e1000140003060000000000008c5f
  675.008 1e1000140003c263
  675.055 1e040000001673ab
  675.118 1e042c00e900e400b7009c009c00a900a00000ffff000000320000000000000000000001e000000000000000100021aeac
  675.242 1e04001e00061261
  675.242 1e040c000000000000000000000000cabf
  675.893 0217a7f8000fa80c00070e004000000028000a000affff00004d6d
  675.941 02171e0018fc18fc180032002cfc18fc18fc18fc18fc18001500c0001efc18fc18a4ce
  676.003 0a17b3b00003b3c40003060015001400002990
  676.157 0f10080c00122400c80000000000000000000000000000000000000000000000000014001000000000000085e3
  676.188 0f10080c00128349
  676.934 0217a7f8000fa80c00070e004000000028000a000affff00004d6d
  676.980 02171e0018fc18fc180032002cfc18fc18fc18fc18fc18001500c0001efc18fc18a4ce
  677.073 1e10000000091200010000000000000001000000000000000086dd
  677.073 1e10000000090260
  677.135 1e1000140003060000000000008c5f
  677.135 1e1000140003c263
  677.182 1e040000001673ab
  677.245 1e042c00e900e400b700a0009c00a800a00000ffff000000320000000000000000000001e0000000000000001000213e6e
  677.370 1e04001e00061261
  677.370 1e040c000000000000000000000000cabf
  677.415 0617afc8000cafdc00050a0010000000000000001557b5
  677.539 0f03070800064450
  678.015 0217a7f8000fa80c00070e004000000028000a000affff00004d6d
  678.062 02171e0018fc18fc180032002cfc18fc18fc18fc18fc18001500c0001efc18fc18a4ce
  678.170 0f1007f8001122000000000000000000000000000000000000000000000000000000000000000000006fb5
  678.170 0f1007f8001181ae
  679.069 0217a7f8000fa80c00070e004000000028000a000affff00004d6d
  679.116 02171e0018fc18fc180032002cfc18fc18fc18fc18fc18001500c0001efc18fc18a4ce
  679.207 1e10000000091200010000000000000001000000000000000086dd
  679.207 1e10000000090260
  679.269 1e1000140003060000000000008c5f
  679.269 1e1000140003c263
  679.315 1e040000001673ab
  679.377 1e042c00e900e400b700a0009c00a800a00000ffff000000320000000000000000000001e0000000000000001000213e6e
  679.500 1e04001e00061261
  679.500 1e040c000000000000000000000000cabf
  680.140 0217a7f8000fa80c00070e004000000028000a000affff00004d6d
  680.202 02171e0018fc18fc180032002cfc18fc18fc18fc18fc18001500c0001efc18fc18a4ce
  680.249 0a17b3b00003b3c40003060015001400002990
  680.437 0f10080c00122400c80000000000000000000000000000000000000000000000000014001000000000000085e3
  680.437 0f10080c00128349
  681.193 0217a7f8000fa80c00070e004000000028000a000affff00004d6d
  681.240 02171e0018fc18fc180032002cfc18fc18fc18fc18fc18001500c0001efc18fc18a4ce
  681.333 1e10000000091200010000000000000001000000000000000086dd
  681.333 1e10000000090260
  681.395 1e1000140003060000000000008c5f
  681.395 1e1000140003c263
  681.426 1e040000001673ab
  681.503 1e042c00e900e400b700a0009c00a800a00000ffff000000320000000000000000000001e0000000000000001000213e6e
  681.583 1e04001e00061261
  681.614 1e040c000000000000000000000000cabf
  681.676 0617afc8000cafdc00050a0010000000000000001557b5
  681.784 0f03070800064450
  681.831 0f030c000000000000000003d000001cc9
  682.266 0217a7f8000fa80c00070e004000000028000a000affff00004d6d
  682.328 02171e0018fc18fc180032002cfc18fc18fc18fc18fc18001500c0001efc18fc18a4ce
  682.406 0f1007f8001122000000000000000000000000000000000000000000000000000000000000000000006fb5
  682.437 0f1007f8001181ae
  683.311 0217a7f8000fa80c00070e004000000028000a000affff00004d6d
  683.373 02171e0018fc18fc180032002cfc18fc18fc18fc18fc18001500c0001efc18fc18a4ce
  683.450 1e10000000091200010000000000000001000000000000000086dd
  683.450 1e10000000090260
  683.512 1e1000140003060000000000008c5f
  683.512 1e1000140003c263
  683.558 1e040000001673ab
  683.621 1e042c00e900e400b700a0009c00a800a00000ffff000000320000000000000000000001e0000000000000001000213e6e
  683.744 1e04001e00061261
  683.744 1e040c000000000000000000000000cabf
  684.395 0217a7f8000fa80c00070e004000000028000a000affff00004d6d
  684.443 02171e0018fc18fc180032002cfc18fc18fc18fc18fc18001500c0001efc18fc18a4ce
  684.504 0a17b3b00003b3c40003060015001400002990
  684.673 0f10080c00122400c80000000000000000000000000000000000000000000000000014001000000000000085e3
  684.673 0f10080c00128349
  685.439 0217a7f8000fa80c00070e004000000028000a000affff00004d6d
  685.486 02171e0018fc18fc180032002cfc18fc18fc18fc18fc18001500c0001efc18fc18a4ce
  685.564 1e10000000091200010000000000000001000000000000000086dd
  685.564 1e10000000090260
  685.640 1e1000140003060000000000008c5f
  685.640 1e1000140003c263
  685.671 1e040000001673ab
  685.748 1e042c00e900e400b700a0009c00a800a00000ffff000000320000000000000000000001e0000000000000001000213e6e
  685.826 1e04001e00061261
  685.857 1e040c000000000000000000000000cabf
  685.919 0617afc8000cafdc00050a0010000000000000001557b5
  686.028 0f03070800064450
  686.060 0f030c000000000000000003d000001cc9
  686.523 0217a7f8000fa80c00070e004000000028000a000affff00004d6d
  686.569 02171e0018fc18fc180032002cfc18fc18fc18fc18fc18001500c0001efc18fc18a4ce
  686.648 0f10082000122400e900e400b700a0009c00a800a000320000000000000000000001e000100021096705797b2a
  686.680 0f10082000124280
  687.560 0217a7f8000fa80c00070e004000000028000a000affff00004d6d
  687.607 02171e0018fc18fc180032002cfc18fc18fc18fc18fc18001500c0001efc18fc18a4ce
  687.700 1e10000000091200010000000000000001000000000000000086dd
  687.700 1e10000000090260
  687.762 1e1000140003060000000000008c5f
  687.762 1e1000140003c263
  687.810 1e040000001673ab
  687.872 1e042c00e900e400b8009c009c00a800a00000ffff000000320000000000000000000001e000000000000000100021b288
  687.997 1e04001e00061261
  687.997 1e040c000000000000000000000000cabf
  688.648 0217a7f8000fa80c00070e004000000028000a000affff00004d6d
  688.695 02171e0018fc18fc180032002cfc18fc18fc18fc18fc18001500c0001efc18fc18a4ce
  688.757 0a17b3b00003b3c40003060015001400002990
  688.912 0f10084800172e000000000000000000000000000000000000002e0000000000000031000a0000000000340009001c0009001a00008646
  688.943 0f1008480017035f
  689.690 0217a7f8000fa80c00070e004000000028000a000affff00004d6d
  689.738 02171e0018fc18fc180032002cfc18fc18fc18fc18fc18001500c0001efc18fc18a4ce
  689.816 1e10000000091200010000000000000001000000000000000086dd
  689.816 1e10000000090260
  689.894 1e1000140003060000000000008c5f
  689.894 1e1000140003c263
  689.925 1e040000001673ab
  690.003 1e042c00e900e400b8009c009c00a800a00000ffff000000320000000000000000000001e000000000000000100021b288
  690.080 1e04001e00061261
  690.111 1e040c000000000000000000000000cabf
  690.174 0617afc8000cafdc00050a0010000000000000001557b5
  690.282 0f03070800064450
  690.313 0f030c00000000ffff867f039f00006779
  690.377 0f1003e8000e1c0019001300280000000000000015001300020028001e000100140002e77e
  690.407 0f1003e8000ec093
  690.765 0217a7f8000fa80c00070e004000000028000a000affff00004d6d
  690.826 02171e0018fc18fc180032002cfc18fc18fc18fc18fc18001500c0001efc18fc18a4ce
  690.917 0f1003fc000b160028000a0037000000000000000200120028001e003c369e
  690.917 0f1003fc000b4094
  691.025 0f10082000122400e900e400b8009c009c00a800a000320000000000000000000001e000100021096705790b00
  691.025 0f10082000124280
  691.817 0217a7f8000fa80c00070e004000000028000a000affff00004d6d
  691.864 02171e0018fc18fc180032002cfc18fc18fc18fc18fc18001500c0001efc18fc18a4ce
  691.957 1e10000000091200010000000000000001000000000000000086dd
  691.957 1e10000000090260
  692.018 1e1000140003060000000000008c5f
  692.018 1e1000140003c263
  692.065 1e040000001673ab
  692.126 1e042c00e900e400b8009c009c00a800a00000ffff000000320000000000000000000001e000000000000000100021b288
  692.250 1e04001e00061261
  692.250 1e040c000000000000000000000000cabf
  692.328 0f10041000162c0028000a0037000000000000000200120028001e003c001200140027002800070001003e000d0006003c0000d569
  692.360 0f1004100016401c
  692.888 0217a7f8000fa80c00070e004000000028000a000affff00004d6d
  692.950 02171e0018fc18fc180032002cfc18fc18fc18fc18fc18001500c0001efc18fc18a4ce
  692.995 0a17b3b00003b3c40003060015001400002990
  693.181 0f10042e000f1e0001000000000014fff6000500280000002d0000000000000000000000003295
  693.181 0f10042e000fe01a
  693.290 0f10084800172e000000000000000000000000000000000000002e0000000000000031000a0000000500340009001c0009001a00008a43
  693.290 0f1008480017035f
  693.974 0217a7f8000fa80c00070e004000000028000a000affff00004d6d
  694.021 02171e0018fc18fc180032002cfc18fc18fc18fc18fc18001500c0001efc18fc18a4ce
  694.114 1e10000000091200010000000000000001000000000000000086dd
  694.114 1e10000000090260
  694.176 1e1000140003060000000000008c5f
  694.176 1e1000140003c263
  694.223 1e040000001673ab
  694.285 1e042c00e900e400b8009c009c00a800a00000ffff000000320000000000000000000001e000000000000000100021b288
  694.409 1e04001e00061261
  694.409 1e040c000000000000000000000000cabf
  694.455 0617afc8000cafdc00050a0010000000000000001557b5
  694.595 0f100442000d1a000100130000001c0000fff800050028000000000000000a000a244d
  694.626 0f100442000da1c6
  695.046 0217a7f8000fa80c00070e004000000028000a000affff00004d6d
  695.108 02171e0018fc18fc180032002cfc18fc18fc18fc18fc18001500c0001efc18fc18a4ce
  695.170 0f100456000c18000000060014001e00000006ffffffff00000000000000010aef
  695.200 0f100456000c2002
  695.278 0f1007d000132600180017ff9c0032002cff9cff9cff9cff9cff9c001500c0001e004000000028000a000a00000b72
  695.325 0f1007d000138067
  696.104 0217a7f8000fa80c00070e004000000028000a000affff00004d6d
  696.166 02171e0018fc18fc180032002cfc18fc18fc18fc18fc18001500c0001efc18fc18a4ce
  696.244 1e10000000091200010000000000000001000000000000000086dd
  696.244 1e10000000090260
  696.307 1e1000140003060000000000008c5f
  696.307 1e1000140003c263
  696.354 1e040000001673ab
  696.416 1e042c00e900e400b8009c009c00a800a00000ffff000000320000000000000000000001e000000000000000100021b288
  696.540 1e04001e00061261
  696.540 1e040c000000000000000000000000cabf
  696.618 0f10046a001224000000000000000000000000000000000000000000000000000000000000000000000000874b
  696.695 0f10046a00126006
  697.186 0217a7f8000fa80c00070e004000000028000a000affff00004d6d
  697.247 02171e0018fc18fc180032002cfc18fc18fc18fc18fc18001500c0001efc18fc18a4ce
  697.295 0a17b3b00003b3c40003060015001400002990
  697.466 0f1004a6000d1a00000000000000000000000000000000000000004a2000000000ca30
  697.466 0f1004a6000de1f1
  697.574 0f1007e4001122001000000000001509060709096705790000000000000000000000000000000000006e99
  697.574 0f1007e400114068
  698.245 0217a7f8000fa80c00070e004000000028000a000affff00004d6d
  698.291 02171e0018fc18fc180032002cfc18fc18fc18fc18fc18001500c0001efc18fc18a4ce
  698.383 1e10000000091200010000000000000001000000000000000086dd
  698.383 1e10000000090260
  698.445 1e1000140003060000000000008c5f
  698.445 1e1000140003c263
  698.477 1e040000001673ab
  698.554 1e042c00e800e400b700a0009c00a800a30000ffff000000320000000000000000000001e0000000000000001000214c2e
  698.633 1e04001e00061261
  698.665 1e040c000000000000000000000000cabf
  698.727 0617afc8000cafdc00050a0010000000000000001557b5
  698.884 0f1004ba00162c001400000000000000000019002800040007000a001e0001001e0001001e0001000100000000000000280037b494
  698.931 0f1004ba0016603c
  699.320 0217a7f8000fa80c00070e004000000028000a000affff00004d6d
  699.366 02171e0018fc18fc180032002cfc18fc18fc18fc18fc18001500c0001efc18fc18a4ce
  699.460 0f1005320012240002000000000000000000010000000100010000000000000000000000000000000000000096
  699.492 0f1005320012e029
  699.618 0f1007d000132600180017ff9c0032002cff9cff9cff9cff9cff9c001500c0001e004000000028000a000a00000b72
  699.618 0f1007d000138067
  700.367 0217a7f8000fa80c00070e004000000028000a000affff00004d6d
  700.413 02171e0018fc18fc180032002cfc18fc18fc18fc18fc18001500c0001efc18fc18a4ce
  700.507 1e10000000091200010000000000000001000000000000000086dd
  700.507 1e10000000090260
  700.569 1e1000140003060000000000008c5f
  700.569 1e1000140003c263
  700.600 1e040000001673ab
  700.678 1e042c00e800e400b700a0009c00a800a30000ffff000000320000000000000000000001e0000000000000001000214c2e
  700.754 1e04001e00061261
  700.785 1e040c000000000000000000000000cabf
  700.878 0f1005460014280005000100020000000000000000000000000002000000000000000200000000000000000000000094fd
  700.926 0f10054600142031
  701.439 0217a7f8000fa80c00070e004000000028000a000affff00004d6d
  701.501 02171e0018fc18fc180032002cfc18fc18fc18fc18fc18001500c0001efc18fc18a4ce
  701.547 0a17b3b00003b3c40003060015001400002990
  701.733 0f10055a002142000100000000001f000c000000000000001f000c0000007f000100000015001f000c0000003b0017001f000c0000007f000000000000001f000c000000000000001faa1c
  701.764 0f10055a002121e0
  701.842 0f1007e4001122001000000000001509060709096705790000000000000000000000000000000000006e99
  701.873 0f1007e400114068
  702.495 0217a7f8000fa80c00070e004000000028000a000affff00004d6d
  702.543 02171e0018fc18fc180032002cfc18fc18fc18fc18fc18001500c0001efc18fc18a4ce
  702.621 1e10000000091200010000000000000001000000000000000086dd
  702.621 1e10000000090260
  702.697 1e1000140003060000000000008c5f
  702.697 1e1000140003c263
  702.728 1e040000001673ab
  702.790 1e042c00e800e400b700a0009c00a800a30000ffff000000320000000000000000000001e0000000000000001000214c2e
  702.884 1e04001e00061261
  702.915 1e040c000000000000000000000000cabf
  702.962 0617afc8000cafdc00050a0010000000000000001557b5
  703.151 0f10057b002142000c00000000000000000000001f000c000000000000001f000c00000000000000000000001f000c000000000000001f000c00000000000000000000001f000c00009d7a
  703.213 0f10057b002171ea
  703.568 0217a7f8000fa80c00070e004000000028000a000affff00004d6d
  703.615 02171e0018fc18fc180032002cfc18fc18fc18fc18fc18001500c0001efc18fc18a4ce
  703.725 0f10059c00214200000000001f000c00000000000000000000001f000c000000000000001f000c00000000000000000000001f000c000000000000001f000c000000000003000000000a3c
  703.771 0f10059c0021c1dd
  703.881 0f1007d000132600180017ff9c0032002cff9cff9cff9cff9cff9c001500c0001e004000000028000a000a00000b72
  703.881 0f1007d000138067
  704.615 0217a7f8000fa80c00070e004000000028000a000affff00004d6d
  704.676 02171e0018fc18fc180032002cfc18fc18fc18fc18fc18001500c0001efc18fc18a4ce
  704.753 1e10000000091200010000000000000001000000000000000086dd
  704.753 1e10000000090260
  704.815 1e1000140003060000000000008c5f
  704.815 1e1000140003c263
  704.861 1e040000001673ab
  704.924 1e042c00e800e400b700a0009c00a800a30000ffff000000320000000000000000000001e0000000000000001000214c2e
  705.016 1e04001e00061261
  705.046 1e040c000000000000000000000000cabf
  705.156 0f1005bd00214200000000001f000c000000000000001f000c00000000000000000000001f000c000000000000001f000c00000000000000000000001f000c000000000000001f000c9373
  705.203 0f1005bd002191d7
  705.701 0217a7f8000fa80c00070e004000000028000a000affff00004d6d
  705.747 02171e0018fc18fc180032002cfc18fc18fc18fc18fc18001500c0001efc18fc18a4ce
  705.808 0a17b3b00003b3c40003060015001400002990
  705.996 0f1005de00214200000000000000000000001f000c000000000000001f000c00000000000000000000001f000c000000000000001f000c00000000000000000000001f000c0000000078fc
  706.043 0f1005de002161c9
  706.152 0f1007e4001122001000000000001509060709096705790000000000000000000000000000000000006e99
  706.152 0f1007e400114068
  706.744 0217a7f8000fa80c00070e004000000028000a000affff00004d6d
  706.791 02171e0018fc18fc180032002cfc18fc18fc18fc18fc18001500c0001efc18fc18a4ce
  706.884 1e10000000091200010000000000000001000000000000000086dd
  706.884 1e10000000090260
  706.946 1e1000140003060000000000008c5f
  706.946 1e1000140003c263
  706.992 1e040000001673ab
  707.055 1e042c00e800e400b700a0009c00a800a30000ffff000000320000000000000000000001e0000000000000001000214c2e
  707.179 1e04001e00061261
  707.179 1e040c000000000000000000000000cabf
  707.226 0617afc8000cafdc00050a0010000000000000001557b5
  707.413 0f1005ff0021420000001f000c00000000000000000000001f000c000000000000001f000c00000000000000000000001f000c000000000000001f000c0000000000000000000100000baf
  707.459 0f1005ff002131c3
  707.833 0217a7f8000fa80c00070e004000000028000a000affff00004d6d
  707.879 02171e0018fc18fc180032002cfc18fc18fc18fc18fc18001500c0001efc18fc18a4ce
  708.003 0f1006200021420000001f000c000000000000001f000c00000000000000000000001f000c000000000000001f000c00000000000000000000001f000c000000000000001f000c000041fc
  708.036 0f1006200021007d
  708.113 0f1007d000132600180017ff9c0032002cff9cff9cff9cff9cff9c001500c0001e004000000028000a000a00000b72
  708.160 0f1007d000138067
  708.878 0217a7f8000fa80c00070e004000000028000a000affff00004d6d
  708.925 02171e0018fc18fc180032002cfc18fc18fc18fc18fc18001500c0001efc18fc18a4ce
  709.019 1e10000000091200010000000000000001000000000000000086dd
  709.019 1e10000000090260
  709.081 1e1000140003060000000000008c5f
  709.081 1e1000140003c263
  709.111 1e040000001673ab
  709.188 1e042c00e800e400b7009c009c00a900a30000ffff000000320000000000000000000001e000000000000000100021dcec
  709.267 1e04001e00061261
  709.298 1e040c000000000000000000000000cabf
  709.453 0f1006410021420000000000000000001f000c000000000000001f000c00000000000000000000001f000c000000000000001f000c00000000000000000000001f000c00000000000091ef
  709.453 0f100641002151a3
  709.952 0217a7f8000fa80c00070e004000000028000a000affff00004d6d
  710.015 02171e0018fc18fc180032002cfc18fc18fc18fc18fc18001500c0001efc18fc18a4ce
  710.061 0a17b3b00003b3c40003060015001400002990
  710.247 0f100662002142001f000c00000000000000000000001f000c000000000000001f000c00000000000000000000001f000c000000000000001f000c00000000000000000001000000008290
  710.279 0f1006620021a069
  710.372 0f1007e4001122001000000000001509060709096705790000000000000000000000000000000000006e99
  710.372 0f1007e400114068
  710.993 0217a7f8000fa80c00070e004000000028000a000affff00004d6d
  711.053 02171e0018fc18fc180032002cfc18fc18fc18fc18fc18001500c0001efc18fc18a4ce
  711.132 1e10000000091200010000000000000001000000000000000086dd
  711.132 1e10000000090260
  711.209 1e1000140003060000000000008c5f
  711.209 1e1000140003c263
  711.239 1e040000001673ab
  711.318 1e042c00e800e400b7009c009c00a900a30000ffff000000320000000000000000000001e000000000000000100021dcec
  711.395 1e04001e00061261
  711.426 1e040c000000000000000000000000cabf
  711.488 0617afc8000cafdc00050a0010000000000000001557b5
  711.706 0f100683002142001f000c000000000000001f000c0000007f000100000015001f000c0000003b0017001f000c0000007f000000000000001f000c000000000000001f000c000000007b61
  711.706 0f1006830021f05f
  712.076 0217a7f8000fa80c00070e004000000028000a000affff00004d6d
  712.138 02171e0018fc18fc180032002cfc18fc18fc18fc18fc18001500c0001efc18fc18a4ce
  712.248 0f1006a4002142000000000000001f000c000000000000001f000c00000000000000000000001f000c000000000000001f000c00000000000000000000001f000c000000000000001f24e7
  712.294 0f1006a400214054
  712.373 0f1007d000132600180017ff9c0032002cff9cff9cff9cff9cff9c001500c0001e004000000028000a000a00000b72
  712.403 0f1007d000138067
  713.136 0217a7f8000fa80c00070e004000000028000a000affff00004d6d
  713.182 02171e0018fc18fc180032002cfc18fc18fc18fc18fc18001500c0001efc18fc18a4ce
  713.273 1e10000000091200010000000000000001000000000000000086dd
  713.273 1e10000000090260
  713.336 1e1000140003060000000000008c5f
  713.336 1e1000140003c263
  713.367 1e040000001673ab
  713.445 1e042c00e800e400b7009c009c00a900a30000ffff000000320000000000000000000001e000000000000000100021dcec
  713.523 1e04001e00061261
  713.554 1e040c000000000000000000000000cabf
  713.665 0f1006c5002142000c00000000000000000000001f000c000000000000001f000c00000000000000000000001f000c000000000000001f000c0000000000030000006c0004000000000e20
  713.709 0f1006c50021118a
  714.203 0217a7f8000fa80c00070e004000000028000a000affff00004d6d
  714.265 02171e0018fc18fc180032002cfc18fc18fc18fc18fc18001500c0001efc18fc18a4ce
  714.310 0a17b3b00003b3c40003060015001400002990
  714.449 0f1006ea00070e001a00340009001c0009001a0000f018
  714.480 0f1006ea0007a199
  714.557 0f1007e4001122001000000000001509060709096705790000000000000000000000000000000000006e99
  714.588 0f1007e400114068
  715.255 0217a7f8000fa80c00070e004000000028000a000affff00004d6d
  715.317 02171e0018fc18fc180032002cfc18fc18fc18fc18fc18001500c0001efc18fc18a4ce
  715.395 1e10000000091200010000000000000001000000000000000086dd
  715.395 1e10000000090260
  715.471 1e1000140003060000000000008c5f
  715.471 1e1000140003c263
  715.502 1e040000001673ab
  715.565 1e042c00e800e400b7009c009c00a900a30000ffff000000320000000000000000000001e000000000000000100021dcec
  715.690 1e04001e00061261
  715.690 1e040c000000000000000000000000cabf
  715.735 0617afc8000cafdc00050a0010000000000000001557b5
  715.890 0f1006f1000306ffff0172a41721b2
  715.890 0f1006f10003d05d
  716.340 0217a7f8000fa80c00070e004000000028000a000affff00004d6d
  716.402 02171e0018fc18fc180032002cfc18fc18fc18fc18fc18001500c0001efc18fc18a4ce
  716.479 0f1006f4001326004000000028000a000a000000000000000000000000000000000010000000000000000000004853
  716.527 0f1006f40013c190
  716.603 0f1007d000132600180017ff9c0032002cff9cff9cff9cff9cff9c001500c0001e004000000028000a000a00000b72
  716.633 0f1007d000138067
  717.381 0217a7f8000fa80c00070e004000000028000a000affff00004d6d
  717.443 02171e0018fc18fc180032002cfc18fc18fc18fc18fc18001500c0001efc18fc18a4ce
  717.521 1e10000000091200010000000000000001000000000000000086dd
  717.521 1e10000000090260
  717.598 1e1000140003060000000000008c5f
  717.598 1e1000140003c263
  717.630 1e040000001673ab
  717.691 1e042c00e800e400b7009c009c00a900a30000ffff000000320000000000000000000001e000000000000000100021dcec
  717.813 1e04001e00061261
  717.813 1e040c000000000000000000000000cabf
  718.453 0217a7f8000fa80c00070e004000000028000a000affff00004d6d
  718.515 02171e0018fc18fc180032002cfc18fc18fc18fc18fc18001500c0001efc18fc18a4ce
  718.577 0a17b3b00003b3c40003060015001400002990
  718.716 0f1007e4001122001000000000001509060709096705790000000000000000000000000000000000006e99
  718.747 0f1007e400114068
  734.310 1e04001600081267
  734.356 1e041000000000000000000000000009060709e751
  734.528 0f1004ba00162c001400000000000000000019002800040007000a001e0001001e0001001e0001000100000000000000280037b494
  735.041 0217a7f8000fa80c00070e00400000000000050005ffff0000186d
  735.089 02171e0018fc18fc180032002cfc18fc18fc18fc18fc18001500c0001efc18fc18a4ce
  735.121 c803232800025e1e
  735.231 1e030000000d8660
  735.277 1e031a00000000000000000001000000000000000000000000000100021244
  735.339 0617afc8000cafdc00050a0000000000000000003c5bab
  735.509 0f1707300008071c00081009364fcd5f314bb8562d479de2439506d1d6
  735.664 0f1004ba00162c001400000000000000000019002800040007000a001e0001001e0001001e0001000100000000000000280037b494
  736.081 0217a7f8000fa80c00070e004000000008003c0005ffff0000d6ae
  736.142 02171e0018fc18fc180032002cfc18fc18fc18fc18fc18001500c0001efc18fc18a4ce
  736.188 c803232800025e1e
  736.343 0f1004ba00162c001400000000000000000019002800040007000a001e0001001e0001001e0001000100000000000000280037b494
  736.470 0f10085f00050a0000000000000000000032c2
  737.138 0217a7f8000fa80c00070e004000000008003c0005ffff0000d6ae
  737.185 02171e0018fc18fc180032002cfc18fc18fc18fc18fc18001500c0001efc18fc18a4ce
  737.231 c803232800025e1e
  737.388 1e10000000091200010000000000000001000000000000000086dd
  737.388 1e10000000090260
  737.451 1e1000140003060000000000008c5f
  737.451 1e1000140003c263
  737.498 1e04001600081267
  737.528 1e041000000000000000000000000009060709e751
  737.575 1e040000001673ab
  737.638 1e042c00000000000000000000000000000000000000000032000000000000000000000000000000000000001000212f4f
  737.717 1e04001e00061261
  737.748 1e040c000000000000000000000000cabf
  737.840 0f1004ba00162c001400000000000000000019002800040007000a001e0001001e0001001e0001000100000000000000280037b494
  738.167 0217a7f8000fa80c00070e004000000008003c0005ffff0000d6ae
  738.229 02171e0018fc18fc180032002cfc18fc18fc18fc18fc18001500c0001efc18fc18a4ce
  738.276 c803232800025e1e
  738.399 0a17b3b00003b3c40003060015001400002990
  738.539 0f1004a6000d1a00000000000000000000000000000000000000004a2000000000ca30
  738.664 0f10085f00050a0000000000000000000032c2
  739.255 0217a7f8000fa80c00070e004000000008003c0005ffff0000d6ae
  739.317 02171e0018fc18fc180032002cfc18fc18fc18fc18fc18001500c0001efc18fc18a4ce
  739.348 c803232800025e1e
  739.502 1e10000000091200010000000000000001000000000000000086dd
  739.502 1e10000000090260
  739.565 1e1000140003060000000000008c5f
  739.565 1e1000140003c263
  739.612 1e04001600081267
  739.643 1e041000000000000000000000000009060709e751
  739.689 1e040000001673ab
  739.750 1e042c00000000000000000000000000000000000000000032000000000000000000000000000000000000001000212f4f
  739.875 1e04001e00061261
  739.875 1e040c000000000000000000000000cabf
  739.937 0617afc8000cafdc00050a000000000000000000159a75
  740.091 0f1707300008071c000810401788c245afe9efcb6898652f4485f35476
  740.387 0217a7f8000fa80c00070e004000000008003c0005ffff0000d6ae
  740.434 02171e0018fc18fc180032002cfc18fc18fc18fc18fc18001500c0001efc18fc18a4ce
  740.481 c803232800025e1e
  740.621 0f1004a6000d1a00000000000000000000000000000000000000004a2000000000ca30
  740.747 0f10085f00050a0000000000000000000032c2
  741.353 0217a7f8000fa80c00070e004000000008003c0005ffff0000d6ae
  741.415 02171e0018fc18fc180032002cfc18fc18fc18fc18fc18001500c0001efc18fc18a4ce
  741.446 c803232800025e1e
  741.603 1e10000000091200010000000000000001000000000000000086dd
  741.603 1e10000000090260
  741.681 1e1000140003060000000000008c5f
  741.681 1e1000140003c263
  741.712 1e04001600081267
  741.743 1e041000000000000000000000000009060709e751
  741.790 1e040000001673ab
  741.852 1e042c00000000000000000000000000000000000000000032000000000000000000000000000000000000001000212f4f
  741.975 1e04001e00061261
  741.975 1e040c000000000000000000000000cabf
  742.036 0f1004a6000d1a00000000000000000000000000000000000000004a2000000000ca30
  742.392 0217a7f8000fa80c00070e004000000008003c0005ffff0000d6ae
  742.454 02171e0018fc18fc180032002cfc18fc18fc18fc18fc18001500c0001efc18fc18a4ce
  742.501 c803232800025e1e
  742.626 0a17b3b00003b3c40003060015001400002990
  742.766 0f1004a6000d1a00000000000000000000000000000000000000004a2000000000ca30
  742.892 0f10085f00050a0000000000000000000032c2
  743.482 0217a7f8000fa80c00070e004000000008003c0005ffff0000d6ae
  743.545 02171e0018fc18fc180032002cfc18fc18fc18fc18fc18001500c0001efc18fc18a4ce
  743.591 c803232800025e1e
  743.745 1e10000000091200010000000000000001000000000000000086dd
  743.745 1e10000000090260
  743.807 1e1000140003060000000000008c5f
  743.807 1e1000140003c263
  743.854 1e04001600081267
  743.885 1e041000000000000000000000000009060709e751
  743.932 1e040000001673ab
  743.993 1e042c00000000000000000000000000000000000000000032000000000000000000000000000000000000001000212f4f
  744.103 1e04001e00061261
  744.103 1e040c000000000000000000000000cabf
  744.166 0617afc8000cafdc00050a000000000000000000159a75
  744.321 0f1707300008071c0008101346194da3ad49c6e90e0f8f825c5f254ce7
  744.353 0f1710623c2b46c284b2c985b806ac46ef6f7ab049
  744.585 0217a7f8000fa80c00070e004000000008003c0005ffff0000d6ae
  744.630 02171e0018fc18fc180032002cfc18fc18fc18fc18fc18001500c0001efc18fc18a4ce
  744.678 c803232800025e1e
  744.818 0f1003e8000e1c0019001300280000000000000015001300020028001e000100140002e77e
  745.576 0217a7f8000fa80c00070e004000000008003c000affff000082af
  745.623 02171e0018fc18fc180032002cfc18fc18fc18fc18fc18001500c0001efc18fc18a4ce
  745.670 c803232800025e1e
  745.825 1e10000000091200010000000000000001000000000000000086dd
  745.825 1e10000000090260
  745.888 1e1000140003060000000000008c5f
  745.888 1e1000140003c263
  745.934 1e04001600081267
  745.966 1e041000000000000000000000000009060709e751
  746.012 1e040000001673ab
  746.073 1e042c00000000000000000000000000000000000000000032000000000000000000000000000000000000001000212f4f
  746.197 1e04001e00061261
  746.197 1e040c000000000000000000000000cabf
  746.258 0f1003e8000e1c0019001300280000000000000015001300020028001e000100140002e77e
  746.630 0217a7f8000fa80c00070e004000000008003c000affff000082af
  746.676 02171e0018fc18fc180032002cfc18fc18fc18fc18fc18001500c0001efc18fc18a4ce
  746.723 c803232800025e1e
  746.848 0a17b3b00003b3c40003060015001400002990
  746.988 0f1003e8000e1c0019001300280000000000000015001300020028001e000100140002e77e
  747.705 0217a7f8000fa80c00070e004000000008003c000affff000082af
  747.766 02171e0018fc18fc180032002cfc18fc18fc18fc18fc18001500c0001efc18fc18a4ce
  747.798 c803232800025e1e
  747.954 1e10000000091200010000000000000001000000000000000086dd
  747.954 1e10000000090260
  748.031 1e1000140003060000000000008c5f
  748.031 1e1000140003c263
  748.062 1e04001600081267
  748.093 1e041000000000000000000000000009060709e751
  748.139 1e040000001673ab
  748.201 1e042c00000000000000000000000000000000000000000032000000000000000000000000000000000000001000212f4f
  748.325 1e04001e00061261
  748.325 1e040c000000000000000000000000cabf
  748.370 0617afc8000cafdc00050a000000000000000000159a75
  748.526 0f1003e8000e1c0019001300280000000000000015001300020028001e000100140002e77e
  748.821 0217a7f8000fa80c00070e004000000008003c000affff000082af
  748.868 02171e0018fc18fc180032002cfc18fc18fc18fc18fc18001500c0001efc18fc18a4ce
  748.914 c803232800025e1e
  749.055 0f1003e8000e1c0019001300280000000000000015001300020028001e000100140002e77e
  749.800 0217a7f8000fa80c00070e004000000008003c000affff000082af
  749.847 02171e0018fc18fc180032002cfc18fc18fc18fc18fc18001500c0001efc18fc18a4ce
  749.893 c803232800025e1e
  750.051 1e10000000091200010000000000000001000000000000000086dd
  750.051 1e10000000090260
  750.114 1e1000140003060000000000008c5f
  750.114 1e1000140003c263
  750.190 1e04001600081267
  750.190 1e041000000000000000000000000009060709e751
  750.236 1e040000001673ab
  750.298 1e042c00000000000000000000000000000000000000000032000000000000000000000000000000000000001000212f4f
  750.377 1e04001e00061261
  750.408 1e040c000000000000000000000000cabf
  750.486 0f1003e8000e1c0019001300280000000000000015001300020028001e000100140002e77e
  750.841 0217a7f8000fa80c00070e004000000008003c000affff000082af
  750.904 02171e0018fc18fc180032002cfc18fc18fc18fc18fc18001500c0001efc18fc18a4ce
  750.935 c803232800025e1e
  751.062 0a17b3b00003b3c40003060015001400002990
  751.217 0f1003e8000e1c0019001300280000000000000015001300020028001e000100140002e77e
  751.932 0217a7f8000fa80c00070e004000000008003c000affff000082af
  751.995 02171e0018fc18fc180032002cfc18fc18fc18fc18fc18001500c0001efc18fc18a4ce
  752.027 c803232800025e1e
  752.182 1e10000000091200010000000000000001000000000000000086dd
  752.182 1e10000000090260
  752.244 1e1000140003060000000000008c5f
  752.244 1e1000140003c263
  752.289 1e04001600081267
  752.321 1e041000000000000000000000000009060709e751
  752.367 1e040000001673ab
  752.429 1e042c00000000000000000000000000000000000000000032000000000000000000000000000000000000001000212f4f
  752.552 1e04001e00061261
  752.552 1e040c000000000000000000000000cabf
  752.599 0617afc8000cafdc00050a000000000000000000159a75
  752.738 0f1003e8000e1c0019001300280000000000000015001300020028001e000100140002e77e
  753.034 0217a7f8000fa80c00070e004000000008003c000affff000082af
  753.097 02171e0018fc18fc180032002cfc18fc18fc18fc18fc18001500c0001efc18fc18a4ce
  753.128 c803232800025e1e
  753.282 0f1003e8000e1c0019001300280000000000000015001300020028001e000100140002e77e
  754.026 0217a7f8000fa80c00070e004000000008003c000affff000082af
  754.074 02171e0018fc18fc180032002cfc18fc18fc18fc18fc18001500c0001efc18fc18a4ce
  754.120 c803232800025e1e
  754.259 1e10000000091200010000000000000001000000000000000086dd
  754.430 1e1000140003060000000000008c5f
  754.430 1e1000140003c263
  754.430 1e04001600081267
  754.461 1e041000000000000000000000000009060709e751
  754.509 1e040000001673ab
  754.572 1e042c0000000000000000000000000000000000000000003200000000000000000000000000000000000000180021ae8d
  754.650 1e04001e00061261
  754.681 1e040c000000000000000000000000cabf
  754.759 0f1003e8000e1c0019001300280000000000000015001300020028001e000100140002e77e
  755.069 0217a7f8000fa80c00070e004000000008003c000affff000082af
  755.131 02171e0018fc18fc180032002cfc18fc18fc18fc18fc18001500c0001efc18fc18a4ce
  755.162 c803232800025e1e
  755.286 0a17b3b00003b3c40003060015001400002990
  755.426 0f1003e8000e1c0019001300280000000000000015001300020028001e000100140002e77e
  756.160 0217a7f8000fa80c00070e004000000008003c000affff000082af
  756.206 02171e0018fc18fc180032002cfc18fc18fc18fc18fc18001500c0001efc18fc18a4ce
  756.298 1e10000000091200010000000000000001000000000000000086dd
  756.298 1e10000000090260
  756.361 1e1000140003060000000000008c5f
  756.361 1e1000140003c263
  756.406 1e04001600081267
  756.437 1e04100000000003e80065000000000906070909a4
  756.482 1e040000001673ab
  756.545 1e042c00e800e300b800a0009d00a900a30000ffff000000320000000000000000000001e000000000000000180021edfb
  756.668 1e04001e00061261
  756.668 1e040c000000000000000000000000cabf
  756.714 0617afc8000cafdc00050a000000000000000000159a75
  756.868 0f1003e8000e1c0019001300280000000000000015001300020028001e000100140002e77e
  757.195 0217a7f8000fa80c00070e004000000008003c000affff000082af
  757.258 02171e0018fc18fc180032002cfc18fc18fc18fc18fc18001500c0001efc18fc18a4ce
  757.337 0f1003e8000e1c0019001300280000000000000015001300020028001e000100140002e77e
  758.252 0217a7f8000fa80c00070e004000000008003c000affff000082af
  758.298 02171e0018fc18fc180032002cfc18fc18fc18fc18fc18001500c0001efc18fc18a4ce
  758.390 1e10000000091200010000000000000001000000000000000086dd
  758.390 1e10000000090260
  758.452 1e1000140003060000000000008c5f
  758.452 1e1000140003c263
  758.499 1e04001600081267
  758.530 1e04100000000003e80065000000000906070909a4
  758.577 1e040000001673ab
  758.640 1e042c00e800e300b800a0009d00a900a30000ffff000000320000000000000000000001e000000000000000180021edfb
  758.718 1e04001e00061261
  758.749 1e040c000000000000000000000000cabf
  758.827 0f1003e8000e1c0019001300280000000000000015001300020028001e000100140002e77e
  759.292 0217a7f8000fa80c00070e004000000008003c000affff000082af
  759.354 02171e0018fc18fc180032002cfc18fc18fc18fc18fc18001500c0001efc18fc18a4ce
  759.400 0a17b3b00003b3c40003060015001400002990
  759.555 0f1003e8000e1c0019001300280000000000000015001300020028001e000100140002e77e
  760.334 0217a7f8000fa80c00070e004000000008003c000affff000082af
  760.397 02171e0018fc18fc180032002cfc18fc18fc18fc18fc18001500c0001efc18fc18a4ce
  760.474 1e10000000091200010000000000000001000000000000000086dd
  760.474 1e10000000090260
  760.553 1e1000140003060000000000008c5f
  760.553 1e1000140003c263
  760.585 1e04001600081267
  760.616 1e04100000000003e80065000000000906070909a4
  760.663 1e040000001673ab
  760.724 1e042c00e800e300b800a0009d00a900a30000ffff000000320000000000000000000001e000000000000000180021edfb
  760.817 1e04001e00061261
  760.848 1e040c000000000000000000000000cabf
  760.910 0617afc8000cafdc00050a000000000000000000159a75
  761.048 0f1003e8000e1c0019001300280000000000000015001300020028001e000100140002e77e
  761.388 0217a7f8000fa80c00070e004000000008003c000affff000082af
  761.435 02171e0018fc18fc180032002cfc18fc18fc18fc18fc18001500c0001efc18fc18a4ce
  761.512 0f1003e8000e1c0019001300280000000000000015001300020028001e000100140002e77e
  762.430 0217a7f8000fa80c00070e004000000008003c000affff000082af
  762.492 02171e0018fc18fc180032002cfc18fc18fc18fc18fc18001500c0001efc18fc18a4ce
  762.570 1e10000000091200010000000000000001000000000000000086dd
  762.570 1e10000000090260
  762.632 1e1000140003060000000000008c5f
  762.632 1e1000140003c263
  762.678 1e04001600081267
  762.709 1e04100000000003e80065000000000906070909a4
  762.755 1e040000001673ab
  762.817 1e042c00e800e300b800a0009d00a900a30000ffff000000320000000000000000000001e000000000000000180021edfb
  762.909 1e04001e00061261
  762.940 1e040c000000000000000000000000cabf
  763.017 0f1003e8000e1c0019001300280000000000000015001300020028001e000100140002e77e
  763.484 0217a7f8000fa80c00070e004000000008003c000affff000082af
  763.531 02171e0018fc18fc180032002cfc18fc18fc18fc18fc18001500c0001efc18fc18a4ce
  763.592 0a17b3b00003b3c40003060015001400002990
  763.730 0f1003e8000e1c0019001300280000000000000015001300020028001e000100140002e77e
  764.520 0217a7f8000fa80c00070e004000000008003c000affff000082af
  764.582 02171e0018fc18fc180032002cfc18fc18fc18fc18fc18001500c0001efc18fc18a4ce
  764.660 1e10000000091200010000000000000001000000000000000086dd
  764.660 1e10000000090260
  764.737 1e1000140003060000000000008c5f
  764.737 1e1000140003c263
  764.768 1e04001600081267
  764.815 1e04100000000003e80065000000000906070909a4
  764.847 1e040000001673ab
  764.908 1e042c00e800e300b800a0009d00a900a30000ffff000000320000000000000000000001e000000000000000180021edfb
  765.000 1e04001e00061261
  765.031 1e040c000000000000000000000000cabf
  765.092 0617afc8000cafdc00050a000000000000000000159a75
  765.234 0f1003e8000e1c0019001300280000000000000015001300020028001e000100140002e77e
  765.575 0217a7f8000fa80c00070e004000000008003c000affff000082af
  765.622 02171e0018fc18fc180032002cfc18fc18fc18fc18fc18001500c0001efc18fc18a4ce
  765.700 0f1003e8000e1c0019001300280000000000000015001300020028001e000100140002e77e
  766.614 0217a7f8000fa80c00070e004000000008003c000affff000082af
  766.678 02171e0018fc18fc180032002cfc18fc18fc18fc18fc18001500c0001efc18fc18a4ce
  766.755 1e10000000091200010000000000000001000000000000000086dd
  766.755 1e10000000090260
  766.816 1e1000140003060000000000008c5f
  766.816 1e1000140003c263
  766.863 1e04001600081267
  766.893 1e04100000000003e80065000000000906070909a4
  766.939 1e040000001673ab
  767.001 1e042c00ec00e400b8009c009c00a900a30000ffff000000320000000000000000000001e000000000000000180021278d
  767.094 1e04001e00061261
  767.125 1e040c000000000000000000000000cabf
  767.202 0f1003e8000e1c0019001300280000000000000015001300020028001e000100140002e77e
  767.668 0217a7f8000fa80c00070e004000000008003c000affff000082af
  767.716 02171e0018fc18fc180032002cfc18fc18fc18fc18fc18001500c0001efc18fc18a4ce
  767.778 0a17b3b00003b3c40003060015001400002990
  767.917 0f1003e8000e1c0019001300280000000000000015001300020028001e000100140002e77e
  768.709 0217a7f8000fa80c00070e004000000008003c000affff000082af
  768.770 02171e0018fc18fc180032002cfc18fc18fc18fc18fc18001500c0001efc18fc18a4ce
  768.848 1e10000000091200010000000000000001000000000000000086dd
  768.848 1e10000000090260
  768.925 1e1000140003060000000000008c5f
  768.925 1e1000140003c263
  768.957 1e04001600081267
  768.988 1e04100000000003e80065000000000906070909a4
  769.035 1e040000001673ab
  769.096 1e042c00ec00e400b8009c009c00a900a30000ffff000000320000000000000000000001e000000000000000180021278d
  769.189 1e04001e00061261
  769.220 1e040c000000000000000000000000cabf
  769.267 0617afc8000cafdc00050a000000000000000000159a75
  769.422 0f1003e8000e1c0019001300280000000000000015001300020028001e000100140002e77e
  769.761 0217a7f8000fa80c00070e004000000008003c000affff000082af
  769.809 02171e0018fc18fc180032002cfc18fc18fc18fc18fc18001500c0001efc18fc18a4ce
  769.885 0f1003e8000e1c0019001300280000000000000015001300020028001e000100140002e77e
  770.801 0217a7f8000fa80c00070e004000000008003c000affff000082af
  770.862 02171e0018fc18fc180032002cfc18fc18fc18fc18fc18001500c0001efc18fc18a4ce
  770.939 1e10000000091200010000000000000001000000000000000086dd
  770.939 1e10000000090260
  771.002 1e1000140003060000000000008c5f
  771.002 1e1000140003c263
  771.049 1e04001600081267
  771.081 1e04100000000003e80065000000000906070909a4
  771.127 1e040000001673ab
  771.189 1e042c00ec00e400b8009c009c00a900a30000ffff000000320000000000000000000001e000000000000000180021278d
  771.281 1e04001e00061261
  771.312 1e040c000000000000000000000000cabf
  771.389 0f1003e8000e1c0019001300280000000000000015001300020028001e000100140002e77e
  771.853 0217a7f8000fa80c00070e004000000008003c000affff000082af
  771.899 02171e0018fc18fc180032002cfc18fc18fc18fc18fc18001500c0001efc18fc18a4ce
  771.961 0a17b3b00003b3c40003060015001400002990
  772.099 0f1003e8000e1c0019001300280000000000000015001300020028001e000100140002e77e
  772.903 0217a7f8000fa80c00070e004000000008003c000affff000082af
  772.949 02171e0018fc18fc180032002cfc18fc18fc18fc18fc18001500c0001efc18fc18a4ce
  773.041 1e10000000091200010000000000000001000000000000000086dd
  773.041 1e10000000090260
  773.103 1e1000140003060000000000008c5f
  773.103 1e1000140003c263
  773.149 1e04001600081267
  773.180 1e04100000000003e80065000000000906070909a4
  773.226 1e040000001673ab
  773.289 1e042c00ec00e400b8009c009c00a900a30000ffff000000320000000000000000000001e000000000000000180021278d
  773.397 1e04001e00061261
  773.397 1e040c000000000000000000000000cabf
  773.460 0617afc8000cafdc00050a000000000000000000159a75
  773.599 0f1003e8000e1c0019001300280000000000000015001300020028001e000100140002e77e
  773.940 0217a7f8000fa80c00070e004000000008003c000affff000082af
  774.002 02171e0018fc18fc180032002cfc18fc18fc18fc18fc18001500c0001efc18fc18a4ce
  774.080 0f1003e8000e1c0019001300280000000000000015001300020028001e000100140002e77e
  774.995 0217a7f8000fa80c00070e004000000008003c000affff000082af
  775.040 02171e0018fc18fc180032002cfc18fc18fc18fc18fc18001500c0001efc18fc18a4ce
  775.133 1e10000000091200010000000000000001000000000000000086dd
  775.133 1e10000000090260
  775.195 1e1000140003060000000000008c5f
  775.195 1e1000140003c263
  775.242 1e04001600081267
  775.274 1e04100000000003e80065000000000906070909a4
  775.304 1e040000001673ab
  775.382 1e042c00ec00e400b8009c009c00a900a30000ffff000000320000000000000000000001e000000000000000180021278d
  775.461 1e04001e00061261
  775.493 1e040c000000000000000000000000cabf
  775.570 0f1003e8000e1c0019001300280000000000000015001300020028001e000100140002e77e
  776.034 0217a7f8000fa80c00070e004000000008003c000affff000082af
  776.097 02171e0018fc18fc180032002cfc18fc18fc18fc18fc18001500c0001efc18fc18a4ce
  776.144 0a17b3b00003b3c40003060015001400002990
  776.284 0f1003e8000e1c0019001300280000000000000015001300020028001e000100140002e77e
  777.087 0217a7f8000fa80c00070e004000000008003c000affff000082af
  777.134 02171e0018fc18fc180032002cfc18fc18fc18fc18fc18001500c0001efc18fc18a4ce
  777.213 1e10000000091200010000000000000001000000000000000086dd
  777.213 1e10000000090260
  777.291 1e1000140003060000000000008c5f
  777.291 1e1000140003c263
  777.323 1e04001600081267
  777.353 1e04100000000003e80065000000000906070909a4
  777.400 1e040000001673ab
  777.462 1e042c00eb00e800b800a0009c00a900a30000ffff000000320000000000000000000001e000000000000000180021b996
  777.587 1e04001e00061261
  777.587 1e040c000000000000000000000000cabf
  777.633 0617afc8000cafdc00050a000000000000000000159a75
  777.786 0f1003e8000e1c0019001300280000000000000015001300020028001e000100140002e77e
  778.127 0217a7f8000fa80c00070e004000000008003c000affff000082af
  778.188 02171e0018fc18fc180032002cfc18fc18fc18fc18fc18001500c0001efc18fc18a4ce
  778.266 0f1003e8000e1c0019001300280000000000000015001300020028001e000100140002e77e
  779.170 0217a7f8000fa80c00070e004000000008003c000affff000082af
  779.232 02171e0018fc18fc180032002cfc18fc18fc18fc18fc18001500c0001efc18fc18a4ce
  779.311 1e10000000091200010000000000000001000000000000000086dd
  779.311 1e10000000090260
  779.373 1e1000140003060000000000008c5f
  779.373 1e1000140003c263
  779.419 1e04001600081267
  779.451 1e04100000000003e80065000000000906070909a4
  779.498 1e040000001673ab
  779.560 1e042c00eb00e800b800a0009c00a900a30000ffff000000320000000000000000000001e000000000000000180021b996
  779.684 1e04001e00061261
  779.684 1e040c000000000000000000000000cabf
  779.747 0f1003e8000e1c0019001300280000000000000015001300020028001e000100140002e77e
  780.227 0217a7f8000fa80c00070e004000000008003c000affff000082af
  780.274 02171e0018fc18fc180032002cfc18fc18fc18fc18fc18001500c0001efc18fc18a4ce
  780.337 0a17b3b00003b3c40003060015001400002990
  780.476 0f1003e8000e1c0019001300280000000000000015001300020028001e000100140002e77e
  781.271 0217a7f8000fa80c00070e004000000008003c000affff000082af
  781.317 02171e0018fc18fc180032002cfc18fc18fc18fc18fc18001500c0001efc18fc18a4ce
  781.411 1e10000000091200010000000000000001000000000000000086dd
  781.411 1e10000000090260
  781.473 1e1000140003060000000000008c5f
  781.473 1e1000140003c263
  781.520 1e04001600081267
  781.551 1e04100000000003e80065000000000906070909a4
  781.583 1e040000001673ab
  781.660 1e042c00eb00e800b800a0009c00a900a30000ffff000000320000000000000000000001e000000000000000180021b996
  781.739 1e04001e00061261
  781.769 1e040c000000000000000000000000cabf
  781.831 0617afc8000cafdc00050a000000000000000000159a75
  781.969 0f1003e8000e1c0019001300280000000000000015001300020028001e000100140002e77e
  782.312 0217a7f8000fa80c00070e004000000008003c000affff000082af
  782.374 02171e0018fc18fc180032002cfc18fc18fc18fc18fc18001500c0001efc18fc18a4ce
  782.436 0f1003e8000e1c0019001300280000000000000015001300020028001e000100140002e77e
  783.361 0217a7f8000fa80c00070e004000000008003c000affff000082af
  783.409 02171e0018fc18fc180032002cfc18fc18fc18fc18fc18001500c0001efc18fc18a4ce
  783.501 1e10000000091200010000000000000001000000000000000086dd
  783.501 1e10000000090260
  783.563 1e1000140003060000000000008c5f
  783.563 1e1000140003c263
  783.609 1e04001600081267
  783.641 1e04100000000003e80065000000000906070909a4
  783.688 1e040000001673ab
  783.751 1e042c00eb00e800b800a0009c00a900a30000ffff000000320000000000000000000001e000000000000000180021b996
  783.860 1e04001e00061261
  783.860 1e040c000000000000000000000000cabf
  783.939 0f1003e8000e1c0019001300280000000000000015001300020028001e000100140002e77e
  784.401 0217a7f8000fa80c00070e004000000008003c000affff000082af
  784.464 02171e0018fc18fc180032002cfc18fc18fc18fc18fc18001500c0001efc18fc18a4ce
  784.510 0a17b3b00003b3c40003060015001400002990
  784.665 0f1003e8000e1c0019001300280000000000000015001300020028001e000100140002e77e
  785.460 0217a7f8000fa80c00070e004000000008003c000affff000082af
  785.507 02171e0018fc18fc180032002cfc18fc18fc18fc18fc18001500c0001efc18fc18a4ce
  785.585 1e10000000091200010000000000000001000000000000000086dd
  785.585 1e10000000090260
  785.662 1e1000140003060000000000008c5f
  785.662 1e1000140003c263
  785.693 1e04001600081267
  785.724 1e04100000000003e80065000000000906070909a4
  785.770 1e040000001673ab
  785.833 1e042c00eb00e800b800a0009c00a900a30000ffff000000320000000000000000000001e000000000000000180021b996
  785.926 1e04001e00061261
  785.957 1e040c000000000000000000000000cabf
  786.017 0617afc8000cafdc00050a000000000000000000159a75
  786.158 0f1003e8000e1c0019001300280000000000000015001300020028001e000100140002e77e
  786.497 0217a7f8000fa80c00070e004000000008003c000affff000082af
  786.560 02171e0018fc18fc180032002cfc18fc18fc18fc18fc18001500c0001efc18fc18a4ce
  786.623 0f1003e8000e1c0019001300280000000000000015001300020028001e000100140002e77e
  787.551 0217a7f8000fa80c00070e004000000008003c000affff000082af
  787.597 02171e0018fc18fc180032002cfc18fc18fc18fc18fc18001500c0001efc18fc18a4ce
  787.690 1e10000000091200010000000000000001000000000000000086dd
  787.690 1e10000000090260
  787.753 1e1000140003060000000000008c5f
  787.753 1e1000140003c263
  787.784 1e04001600081267
  787.815 1e04100967057903e80065077003e90906070922e1
  787.861 1e040000001673ab
  787.923 1e042c00eb00e800b8009c009c00a900a30000ffff000000320000000000000000000001e0000000000000001800214494
  788.016 1e04001e00061261
  788.047 1e040c000000000000000000000000cabf
  788.125 0f1003e8000e1c0019001300280000000000000015001300020028001e000100140002e77e
  788.593 0217a7f8000fa80c00070e004000000008003c000affff000082af
  788.639 02171e0018fc18fc180032002cfc18fc18fc18fc18fc18001500c0001efc18fc18a4ce
  788.703 0a17b3b00003b3c40003060015001400002990
  788.843 0f1003e8000e1c0019001300280000000000000015001300020028001e000100140002e77e
  789.639 0217a7f8000fa80c00070e004000000008003c000affff000082af
  789.686 02171e0018fc18fc180032002cfc18fc18fc18fc18fc18001500c0001efc18fc18a4ce
  789.777 1e10000000091200010000000000000001000000000000000086dd
  789.777 1e10000000090260
  789.840 1e1000140003060000000000008c5f
  789.840 1e1000140003c263
  789.886 1e040000001673ab
  789.949 1e042c00eb00e700b8009c009c00a900a30000ffff000000320000000000000000000001e000000000000000180021608f
  790.073 1e04001e00061261
  790.073 1e040c000000000000000000000000cabf
  790.121 0617afc8000cafdc00050a000000000000000000159a75
  790.277 0f1003e8000e1c0019001300280000000000000015001300020028001e000100140002e77e
  790.694 0217a7f8000fa80c00070e0040000000080005000affff00002bac
  790.741 02171e0018fc18fc180032002cfc18fc18fc18fc18fc18001500c0001efc18fc18a4ce
  790.819 0f1003e8000e1c0019001300280000000000000015001300020028001e000100140002e77e
  791.736 0217a7f8000fa80c00070e0040000000280005000affff0000b26d
  791.781 02171e0018fc18fc180032002cfc18fc18fc18fc18fc18001500c0001efc18fc18a4ce
  791.875 1e10000000091200010000000000000001000000000000000086dd
  791.875 1e10000000090260
  791.935 1e1000140003060000000000008c5f
  791.935 1e1000140003c263
  791.982 1e040000001673ab
  792.044 1e042c00eb00e700b8009c009c00a900a30000ffff000000320000000000000000000001e000000000000000180021608f
  792.169 1e04001e00061261
  792.169 1e040c000000000000000000000000cabf
  792.230 0f1003e8000e1c0019001300280000000000000015001300020028001e000100140002e77e
  792.771 0217a7f8000fa80c00070e0040000000280005000affff0000b26d
  792.833 02171e0018fc18fc180032002cfc18fc18fc18fc18fc18001500c0001efc18fc18a4ce
  792.879 0a17b3b00003b3c40003060015001400002990
  793.036 0f1003e8000e1c0019001300280000000000000015001300020028001e000100140002e77e
  793.827 0217a7f8000fa80c00070e0040000000280005000affff0000b26d
  793.874 02171e0018fc18fc180032002cfc18fc18fc18fc18fc18001500c0001efc18fc18a4ce
  793.966 1e10000000091200010000000000000001000000000000000086dd
  793.966 1e10000000090260
  794.027 1e1000140003060000000000008c5f
  794.027 1e1000140003c263
  794.074 1e040000001673ab
  794.136 1e042c00eb00e700b8009c009c00a900a30000ffff000000320000000000000000000001e000000000000000100021e14d
  794.245 1e04001e00061261
  794.245 1e040c000000000000000000000000cabf
  794.306 0617afc8000cafdc00050a0010000000000000001557b5
  794.447 0f1003e8000e1c0019001300280000000000000015001300020028001e000100140002e77e
  794.868 0217a7f8000fa80c00070e0040000000280005000affff0000b26d
  794.915 02171e0018fc18fc180032002cfc18fc18fc18fc18fc18001500c0001efc18fc18a4ce
  794.993 0f1003e8000e1c0019001300280000000000000015001300020028001e000100140002e77e
  795.912 0217a7f8000fa80c00070e0040000000280005000affff0000b26d
  795.957 02171e0018fc18fc180032002cfc18fc18fc18fc18fc18001500c0001efc18fc18a4ce
  796.051 1e10000000091200010000000000000001000000000000000086dd
  796.051 1e10000000090260
  796.113 1e1000140003060000000000008c5f
  796.113 1e1000140003c263
  796.144 1e040000001673ab
  796.221 1e042c00eb00e700b8009c009c00a900a30000ffff000000320000000000000000000001e000000000000000100021e14d
  796.298 1e04001e00061261
  796.328 1e040c000000000000000000000000cabf
  796.405 0f1003e8000e1c0019001300280000000000000015001300020028001e000100140002e77e
  796.932 0217a7f8000fa80c00070e0040000000280005000affff0000b26d
  796.978 02171e0018fc18fc180032002cfc18fc18fc18fc18fc18001500c0001efc18fc18a4ce
  797.040 0a17b3b00003b3c40003060015001400002990
  797.178 0f1003e8000e1c0019001300280000000000000015001300020028001e000100140002e77e
  797.980 0217a7f8000fa80c00070e0040000000280005000affff0000b26d
  798.027 02171e0018fc18fc180032002cfc18fc18fc18fc18fc18001500c0001efc18fc18a4ce
  798.120 1e10000000091200010000000000000001000000000000000086dd
  798.120 1e10000000090260
  798.181 1e1000140003060000000000008c5f
  798.181 1e1000140003c263
  798.227 1e040000001673ab
  798.289 1e042c00eb00e700b8009c009c00a900a30000ffff000000320000000000000000000001e000000000000000100021e14d
  798.413 1e04001e00061261
  798.413 1e040c000000000000000000000000cabf
  798.461 0617afc8000cafdc00050a0010000000000000001557b5
  798.615 0f1003e8000e1c0019001300280000000000000015001300020028001e000100140002e77e
  799.065 0217a7f8000fa80c00070e0040000000280005000affff0000b26d
  799.110 02171e0018fc18fc180032002cfc18fc18fc18fc18fc18001500c0001efc18fc18a4ce
  799.186 0f1003e8000e1c0019001300280000000000000015001300020028001e000100140002e77e
  800.106 0217a7f8000fa80c00070e0040000000280005000affff0000b26d
  800.153 02171e0018fc18fc180032002cfc18fc18fc18fc18fc18001500c0001efc18fc18a4ce
  800.246 1e10000000091200010000000000000001000000000000000086dd
  800.246 1e10000000090260
  800.307 1e1000140003060000000000008c5f
  800.307 1e1000140003c263
  800.354 1e040000001673ab
  800.416 1e042c00ea00e600b8009c009c00a900a30000ffff000000320000000000000000000001e00000000000000010002124b1
  800.508 1e04001e00061261
  800.539 1e040c000000000000000000000000cabf
  800.616 0f1003e8000e1c0019001300280000000000000015001300020028001e000100140002e77e
  801.194 0217a7f8000fa80c00070e004000000028000a000affff00004d6d
  801.240 02171e0018fc18fc180032002cfc18fc18fc18fc18fc18001500c0001efc18fc18a4ce
  801.302 0a17b3b00003b3c40003060015001400002990
  801.439 0f1003e8000e1c0019001300280000000000000015001300020028001e000100140002e77e
  802.232 0217a7f8000fa80c00070e004000000028000a000affff00004d6d
  802.294 02171e0018fc18fc180032002cfc18fc18fc18fc18fc18001500c0001efc18fc18a4ce
  802.370 1e10000000091200010000000000000001000000000000000086dd
  802.370 1e10000000090260
  802.446 1e1000140003060000000000008c5f
  802.446 1e1000140003c263
  802.493 1e040000001673ab
  802.555 1e042c00ea00e600b8009c009c00a900a30000ffff000000320000000000000000000001e00000000000000010002124b1
  802.678 1e04001e00061261
  802.678 1e040c000000000000000000000000cabf
  802.725 0617afc8000cafdc00050a0010000000000000001557b5
  802.864 0f1003e8000e1c0019001300280000000000000015001300020028001e000100140002e77e
  803.330 0217a7f8000fa80c00070e004000000028000a000affff00004d6d
  803.376 02171e0018fc18fc180032002cfc18fc18fc18fc18fc18001500c0001efc18fc18a4ce
  803.453 0f1003e8000e1c0019001300280000000000000015001300020028001e000100140002e77e
  804.368 0217a7f8000fa80c00070e004000000028000a000affff00004d6d
  804.430 02171e0018fc18fc180032002cfc18fc18fc18fc18fc18001500c0001efc18fc18a4ce
  804.507 1e10000000091200010000000000000001000000000000000086dd
  804.507 1e10000000090260
  804.569 1e1000140003060000000000008c5f
  804.569 1e1000140003c263
  804.616 1e040000001673ab
  804.677 1e042c00ea00e600b8009c009c00a900a30000ffff000000320000000000000000000001e00000000000000010002124b1
  804.801 1e04001e00061261
  804.801 1e040c000000000000000000000000cabf
  804.862 0f1003e8000e1c0019001300280000000000000015001300020028001e000100140002e77e
  805.451 0217a7f8000fa80c00070e004000000028000a000affff00004d6d
  805.498 02171e0018fc18fc180032002cfc18fc18fc18fc18fc18001500c0001efc18fc18a4ce
  805.560 0a17b3b00003b3c40003060015001400002990
  805.700 0f1003e8000e1c0019001300280000000000000015001300020028001e000100140002e77e
  806.491 0217a7f8000fa80c00070e004000000028000a000affff00004d6d
  806.552 02171e0018fc18fc180032002cfc18fc18fc18fc18fc18001500c0001efc18fc18a4ce
  806.614 1e10000000091200010000000000000001000000000000000086dd
  806.753 1e1000140003060000000000008c5f
  806.753 1e1000140003c263
  806.783 1e040000001673ab
  806.860 1e042c00ea00e600b8009c009c00a900a30000ffff000000320000000000000000000001e00000000000000010002124b1
  806.938 1e04001e00061261
  806.968 1e040c000000000000000000000000cabf
  807.030 0617afc8000cafdc00050a0010000000000000001557b5
  807.169 0f1003e8000e1c0019001300280000000000000015001300020028001e000100140002e77e
  807.543 0217a7f8000fa80c00070e004000000028000a000affff00004d6d
  807.589 02171e0018fc18fc180032002cfc18fc18fc18fc18fc18001500c0001efc18fc18a4ce
  807.668 0f1003e8000e1c0019001300280000000000000015001300020028001e000100140002e77e
  808.590 0217a7f8000fa80c00070e004000000028000a000affff00004d6d
  808.637 02171e0018fc18fc180032002cfc18fc18fc18fc18fc18001500c0001efc18fc18a4ce
  808.730 1e10000000091200010000000000000001000000000000000086dd
  808.730 1e10000000090260
  808.791 1e1000140003060000000000008c5f
  808.791 1e1000140003c263
  808.822 1e040000001673ab
  808.898 1e042c00ea00e600b8009c009c00a900a30000ffff000000320000000000000000000001e00000000000000010002124b1
  808.975 1e04001e00061261
  809.006 1e040c000000000000000000000000cabf
  809.083 0f1003e8000e1c0019001300280000000000000015001300020028001e000100140002e77e
  809.670 0217a7f8000fa80c00070e004000000028000a000affff00004d6d
  809.717 02171e0018fc18fc180032002cfc18fc18fc18fc18fc18001500c0001efc18fc18a4ce
  809.780 0a17b3b00003b3c40003060015001400002990
  809.923 0f1003e8000e1c0019001300280000000000000015001300020028001e000100140002e77e
  810.717 0217a7f8000fa80c00070e004000000028000a000affff00004d6d
  810.765 02171e0018fc18fc180032002cfc18fc18fc18fc18fc18001500c0001efc18fc18a4ce
  810.857 1e10000000091200010000000000000001000000000000000086dd
  810.857 1e10000000090260
  810.920 1e1000140003060000000000008c5f
  810.920 1e1000140003c263
  810.951 1e040000001673ab
  811.014 1e042c00ea00e600b8009c009c00a900a30000ffff000000320000000000000000000001e00000000000000010002124b1
  811.108 1e04001e00061261
  811.139 1e040c000000000000000000000000cabf
  811.187 0617afc8000cafdc00050a0010000000000000001557b5
  811.343 0f1003e8000e1c0019001300280000000000000015001300020028001e000100140002e77e
  811.795 0217a7f8000fa80c00070e004000000028000a000affff00004d6d
  811.842 02171e0018fc18fc180032002cfc18fc18fc18fc18fc18001500c0001efc18fc18a4ce
  811.919 0f1003e8000e1c0019001300280000000000000015001300020028001e000100140002e77e
  812.845 0217a7f8000fa80c00070e004000000028000a000affff00004d6d
  812.892 02171e0018fc18fc180032002cfc18fc18fc18fc18fc18001500c0001efc18fc18a4ce
  812.970 1e10000000091200010000000000000001000000000000000086dd
  812.970 1e10000000090260
  813.049 1e1000140003060000000000008c5f
  813.049 1e1000140003c263
  813.080 1e040000001673ab
  813.158 1e042c00ea00e600b8009c009c00a900a30000ffff000000320000000000000000000001e00000000000000010002124b1
  813.236 1e04001e00061261
  813.267 1e040c000000000000000000000000cabf
  813.345 0f1003e8000e1c0019001300280000000000000015001300020028001e000100140002e77e
  813.920 0217a7f8000fa80c00070e004000000028000a000affff00004d6d
  813.981 02171e0018fc18fc180032002cfc18fc18fc18fc18fc18001500c0001efc18fc18a4ce
  814.027 0a17b3b00003b3c40003060015001400002990
  814.169 0f1003e8000e1c0019001300280000000000000015001300020028001e000100140002e77e
  814.962 0217a7f8000fa80c00070e004000000028000a000affff00004d6d
  815.024 02171e0018fc18fc180032002cfc18fc18fc18fc18fc18001500c0001efc18fc18a4ce
  815.102 1e10000000091200010000000000000001000000000000000086dd
  815.102 1e10000000090260
  815.180 1e1000140003060000000000008c5f
  815.180 1e1000140003c263
  815.211 1e040000001673ab
  815.289 1e042c00ea00e600b8009c009c00a900a30000ffff000000320000000000000000000001e00000000000000010002124b1
  815.366 1e04001e00061261
  815.397 1e040c000000000000000000000000cabf
  815.460 0617afc8000cafdc00050a0010000000000000001557b5
  815.598 0f1003e8000e1c0019001300280000000000000015001300020028001e000100140002e77e
  816.053 0217a7f8000fa80c00070e004000000028000a000affff00004d6d
  816.100 02171e0018fc18fc180032002cfc18fc18fc18fc18fc18001500c0001efc18fc18a4ce
  816.178 0f1003e8000e1c0019001300280000000000000015001300020028001e000100140002e77e
  817.096 0217a7f8000fa80c00070e004000000028000a000affff00004d6d
  817.157 02171e0018fc18fc180032002cfc18fc18fc18fc18fc18001500c0001efc18fc18a4ce
  817.234 1e10000000091200010000000000000001000000000000000086dd
  817.234 1e10000000090260
  817.311 1e1000140003060000000000008c5f
  817.311 1e1000140003c263
  817.343 1e040000001673ab
  817.404 1e042c00ea00e600b8009c009c00a900a30000ffff000000320000000000000000000001e00000000000000010002124b1
  817.529 1e04001e00061261
  817.529 1e040c000000000000000000000000cabf
  817.593 0f1003e8000e1c0019001300280000000000000015001300020028001e000100140002e77e
  818.182 0217a7f8000fa80c00070e004000000028000a000affff00004d6d
  818.229 02171e0018fc18fc180032002cfc18fc18fc18fc18fc18001500c0001efc18fc18a4ce
  818.290 0a17b3b00003b3c40003060015001400002990
  818.430 0f1003e8000e1c0019001300280000000000000015001300020028001e000100140002e77e
  819.221 0217a7f8000fa80c00070e004000000028000a000affff00004d6d
  819.284 02171e0018fc18fc180032002cfc18fc18fc18fc18fc18001500c0001efc18fc18a4ce
  819.362 1e10000000091200010000000000000001000000000000000086dd
  819.362 1e10000000090260
  819.425 1e1000140003060000000000008c5f
  819.425 1e1000140003c263
  819.471 1e040000001673ab
  819.534 1e042c00ea00e600b8009c009c00a900a30000ffff000000320000000000000000000001e00000000000000010002124b1
  819.657 1e04001e00061261
  819.657 1e040c000000000000000000000000cabf
  819.703 0617afc8000cafdc00050a0010000000000000001557b5
  819.858 0f1003e8000e1c0019001300280000000000000015001300020028001e000100140002e77e
  820.305 0217a7f8000fa80c00070e004000000028000a000affff00004d6d
  820.352 02171e0018fc18fc180032002cfc18fc18fc18fc18fc18001500c0001efc18fc18a4ce
  820.431 0f1003e8000e1c0019001300280000000000000015001300020028001e000100140002e77e
  821.344 0217a7f8000fa80c00070e004000000028000a000affff00004d6d
  821.407 02171e0018fc18fc180032002cfc18fc18fc18fc18fc18001500c0001efc18fc18a4ce
  821.486 1e10000000091200010000000000000001000000000000000086dd
  821.486 1e10000000090260
  821.563 1e1000140003060000000000008c5f
  821.563 1e1000140003c263
  821.594 1e040000001673ab
  821.672 1e042c00ea00e600b8009c009c00a900a30000ffff000000320000000000000000000001e00000000000000010002124b1
  821.749 1e04001e00061261
  821.780 1e040c000000000000000000000000cabf
  821.857 0f1003e8000e1c0019001300280000000000000015001300020028001e000100140002e77e
  822.433 0217a7f8000fa80c00070e004000000028000a000affff00004d6d
  822.495 02171e0018fc18fc180032002cfc18fc18fc18fc18fc18001500c0001efc18fc18a4ce
  822.542 0a17b3b00003b3c40003060015001400002990
  822.683 0f1003e8000e1c0019001300280000000000000015001300020028001e000100140002e77e
  823.489 0217a7f8000fa80c00070e004000000028000a000affff00004d6d
  823.536 02171e0018fc18fc180032002cfc18fc18fc18fc18fc18001500c0001efc18fc18a4ce
  823.614 1e10000000091200010000000000000001000000000000000086dd
  823.614 1e10000000090260
  823.691 1e1000140003060000000000008c5f
  823.691 1e1000140003c263
  823.722 1e040000001673ab
  823.801 1e042c00ea00e600b8009c009c00a900a30000ffff000000320000000000000000000001e00000000000000010002124b1
  823.879 1e04001e00061261
  823.910 1e040c000000000000000000000000cabf
  823.973 0617afc8000cafdc00050a0010000000000000001557b5
  824.113 0f1003e8000e1c0019001300280000000000000015001300020028001e000100140002e77e
  824.565 0217a7f8000fa80c00070e004000000028000a000affff00004d6d
  824.614 02171e0018fc18fc180032002cfc18fc18fc18fc18fc18001500c0001efc18fc18a4ce
  824.691 0f1003e8000e1c0019001300280000000000000015001300020028001e000100140002e77e
  825.608 0217a7f8000fa80c00070e004000000028000a000affff00004d6d
  825.670 02171e0018fc18fc180032002cfc18fc18fc18fc18fc18001500c0001efc18fc18a4ce
  825.749 1e10000000091200010000000000000001000000000000000086dd
  825.749 1e10000000090260
  825.811 1e1000140003060000000000008c5f
  825.811 1e1000140003c263
  825.859 1e040000001673ab
  825.921 1e042c00ea00e600b8009c009c00a900a30000ffff000000320000000000000000000001e00000000000000010002124b1
  826.046 1e04001e00061261
  826.046 1e040c000000000000000000000000cabf
  826.107 0f1003e8000e1c0019001300280000000000000015001300020028001e000100140002e77e
  826.696 0217a7f8000fa80c00070e004000000028000a000affff00004d6d
  826.742 02171e0018fc18fc180032002cfc18fc18fc18fc18fc18001500c0001efc18fc18a4ce
  826.805 0a17b3b00003b3c40003060015001400002990
  826.945 0f1003e8000e1c0019001300280000000000000015001300020028001e000100140002e77e
  827.736 0217a7f8000fa80c00070e004000000028000a000affff00004d6d
  827.784 02171e0018fc18fc180032002cfc18fc18fc18fc18fc18001500c0001efc18fc18a4ce
  827.876 1e10000000091200010000000000000001000000000000000086dd
  827.876 1e10000000090260
  827.938 1e1000140003060000000000008c5f
  827.938 1e1000140003c263
  827.969 1e040000001673ab
  828.046 1e042c00ea00e600b8009c009c00a900a30000ffff000000320000000000000000000001e00000000000000010002124b1
  828.124 1e04001e00061261
  828.155 1e040c000000000000000000000000cabf
  828.218 0617afc8000cafdc00050a0010000000000000001557b5
  828.358 0f1003e8000e1c0019001300280000000000000015001300020028001e000100140002e77e
  828.811 0217a7f8000fa80c00070e004000000028000a000affff00004d6d
  828.857 02171e0018fc18fc180032002cfc18fc18fc18fc18fc18001500c0001efc18fc18a4ce
  828.935 0f1003e8000e1c0019001300280000000000000015001300020028001e000100140002e77e
  829.852 0217a7f8000fa80c00070e004000000028000a000affff00004d6d
  829.914 02171e0018fc18fc180032002cfc18fc18fc18fc18fc18001500c0001efc18fc18a4ce
  829.993 1e10000000091200010000000000000001000000000000000086dd
  829.993 1e10000000090260
  830.071 1e1000140003060000000000008c5f
  830.071 1e1000140003c263
  830.101 1e040000001673ab
  830.180 1e042c00ea00e600b8009c009c00a900a30000ffff000000320000000000000000000001e00000000000000010002124b1
  830.258 1e04001e00061261
  830.289 1e040c000000000000000000000000cabf
  830.367 0f1003e8000e1c0019001300280000000000000015001300020028001e000100140002e77e
  830.941 0217a7f8000fa80c00070e004000000028000a000affff00004d6d
  830.988 02171e0018fc18fc180032002cfc18fc18fc18fc18fc18001500c0001efc18fc18a4ce
  831.050 0a17b3b00003b3c40003060015001400002990
  831.189 0f1003e8000e1c0019001300280000000000000015001300020028001e000100140002e77e
  831.996 0217a7f8000fa80c00070e004000000028000a000affff00004d6d
  832.042 02171e0018fc18fc180032002cfc18fc18fc18fc18fc18001500c0001efc18fc18a4ce
  832.133 1e10000000091200010000000000000001000000000000000086dd
  832.133 1e10000000090260
  832.195 1e1000140003060000000000008c5f
  832.195 1e1000140003c263
  832.241 1e040000001673ab
  832.304 1e042c00ea00e600b8009c009c00aa00a30000ffff000000320000000000000000000001e00000000000000010002190b1
  832.427 1e04001e00061261
  832.427 1e040c000000000000000000000000cabf
  832.474 0617afc8000cafdc00050a0010000000000000001557b5
  832.617 0f1003e8000e1c0019001300280000000000000015001300020028001e000100140002e77e
  833.068 0217a7f8000fa80c00070e004000000028000a000affff00004d6d
  833.131 02171e0018fc18fc180032002cfc18fc18fc18fc18fc18001500c0001efc18fc18a4ce
  833.208 0f1003e8000e1c0019001300280000000000000015001300020028001e000100140002e77e
  834.123 0217a7f8000fa80c00070e004000000028000a000affff00004d6d
  834.169 02171e0018fc18fc180032002cfc18fc18fc18fc18fc18001500c0001efc18fc18a4ce
  834.263 1e10000000091200010000000000000001000000000000000086dd
  834.263 1e10000000090260
  834.324 1e1000140003060000000000008c5f
  834.324 1e1000140003c263
  834.370 1e040000001673ab
  834.433 1e042c00ea00e600b8009c009c00aa00a30000ffff000000320000000000000000000001e00000000000000010002190b1
  834.557 1e04001e00061261
  834.557 1e040c000000000000000000000000cabf
  834.619 0f1003e8000e1c0019001300280000000000000015001300020028001e000100140002e77e
  835.208 0217a7f8000fa80c00070e004000000028000a000affff00004d6d
  835.254 02171e0018fc18fc180032002cfc18fc18fc18fc18fc18001500c0001efc18fc18a4ce
  835.316 0a17b3b00003b3c40003060015001400002990
  835.456 0f1003e8000e1c0019001300280000000000000015001300020028001e000100140002e77e
  836.244 0217a7f8000fa80c00070e004000000028000a000affff00004d6d
  836.306 02171e0018fc18fc180032002cfc18fc18fc18fc18fc18001500c0001efc18fc18a4ce
  836.384 1e10000000091200010000000000000001000000000000000086dd
  836.384 1e10000000090260
  836.462 1e1000140003060000000000008c5f
  836.462 1e1000140003c263
  836.493 1e040000001673ab
  836.555 1e042c00ea00e600b8009c009c00aa00a30000ffff000000320000000000000000000001e00000000000000010002190b1
  836.680 1e04001e00061261
  836.680 1e040c000000000000000000000000cabf
  836.726 0617afc8000cafdc00050a0010000000000000001557b5
  836.882 0f1003e8000e1c0019001300280000000000000015001300020028001e000100140002e77e
  837.320 0217a7f8000fa80c00070e004000000028000a000affff00004d6d
  837.382 02171e0018fc18fc180032002cfc18fc18fc18fc18fc18001500c0001efc18fc18a4ce
  837.459 0f1003e8000e1c0019001300280000000000000015001300020028001e000100140002e77e
  838.380 0217a7f8000fa80c00070e004000000028000a000affff00004d6d
  838.428 02171e0018fc18fc180032002cfc18fc18fc18fc18fc18001500c0001efc18fc18a4ce
  838.506 1e10000000091200010000000000000001000000000000000086dd
  838.506 1e10000000090260
  838.569 1e1000140003060000000000008c5f
  838.569 1e1000140003c263
  838.616 1e040000001673ab
  838.677 1e042c00ea00e600b8009c009c00aa00a30000ffff000000320000000000000000000001e00000000000000010002190b1
  838.772 1e04001e00061261
  838.804 1e040c000000000000000000000000cabf
  838.866 0f1003e8000e1c0019001300280000000000000015001300020028001e000100140002e77e
  839.458 0217a7f8000fa80c00070e004000000028000a000affff00004d6d
  839.504 02171e0018fc18fc180032002cfc18fc18fc18fc18fc18001500c0001efc18fc18a4ce
  839.566 0a17b3b00003b3c40003060015001400002990
  839.704 0f1003e8000e1c0019001300280000000000000015001300020028001e000100140002e77e
  840.495 0217a7f8000fa80c00070e004000000028000a000affff00004d6d
  840.556 02171e0018fc18fc180032002cfc18fc18fc18fc18fc18001500c0001efc18fc18a4ce
  840.632 1e10000000091200010000000000000001000000000000000086dd
  840.632 1e10000000090260
  840.710 1e1000140003060000000000008c5f
  840.710 1e1000140003c263
  840.742 1e040000001673ab
  840.821 1e042c00ea00e600b8009c009c00aa00a30000ffff000000320000000000000000000001e00000000000000010002190b1
  840.898 1e04001e00061261
  840.930 1e040c000000000000000000000000cabf
  840.992 0617afc8000cafdc00050a0010000000000000001557b5
  841.131 0f1003e8000e1c0019001300280000000000000015001300020028001e000100140002e77e
  841.583 0217a7f8000fa80c00070e004000000028000a000affff00004d6d
  841.645 02171e0018fc18fc180032002cfc18fc18fc18fc18fc18001500c0001efc18fc18a4ce
  841.707 0f1003e8000e1c0019001300280000000000000015001300020028001e000100140002e77e
  842.637 0217a7f8000fa80c00070e004000000028000a000affff00004d6d
  842.684 02171e0018fc18fc180032002cfc18fc18fc18fc18fc18001500c0001efc18fc18a4ce
  842.762 1e10000000091200010000000000000001000000000000000086dd
  842.762 1e10000000090260
  842.838 1e1000140003060000000000008c5f
  842.838 1e1000140003c263
  842.884 1e040000001673ab
  842.945 1e042c00ea00e600b800a0009c00aa00a30000ffff000000320000000000000000000001e0000000000000001000216db3
  843.069 1e04001e00061261
  843.069 1e040c000000000000000000000000cabf
  843.130 0f1003e8000e1c0019001300280000000000000015001300020028001e000100140002e77e
  843.719 0217a7f8000fa80c00070e004000000028000a000affff00004d6d
  843.766 02171e0018fc18fc180032002cfc18fc18fc18fc18fc18001500c0001efc18fc18a4ce
  843.827 0a17b3b00003b3c40003060015001400002990
  843.966 0f1003e8000e1c0019001300280000000000000015001300020028001e000100140002e77e
  844.756 0217a7f8000fa80c00070e004000000028000a000affff00004d6d
  844.818 02171e0018fc18fc180032002cfc18fc18fc18fc18fc18001500c0001efc18fc18a4ce
  844.895 1e10000000091200010000000000000001000000000000000086dd
  844.895 1e10000000090260
  844.972 1e1000140003060000000000008c5f
  844.972 1e1000140003c263
  845.003 1e040000001673ab
  845.065 1e042c00ea00e600b800a0009c00aa00a30000ffff000000320000000000000000000001e0000000000000001000216db3
  845.159 1e04001e00061261
  845.189 1e040c000000000000000000000000cabf
  845.251 0617afc8000cafdc00050a0010000000000000001557b5
  845.391 0f1003e8000e1c0019001300280000000000000015001300020028001e000100140002e77e
  845.843 0217a7f8000fa80c00070e004000000028000a000affff00004d6d
  845.889 02171e0018fc18fc180032002cfc18fc18fc18fc18fc18001500c0001efc18fc18a4ce
  845.967 0f1003e8000e1c0019001300280000000000000015001300020028001e000100140002e77e
  846.882 0217a7f8000fa80c00070e004000000028000a000affff00004d6d
  846.945 02171e0018fc18fc180032002cfc18fc18fc18fc18fc18001500c0001efc18fc18a4ce
  847.022 1e10000000091200010000000000000001000000000000000086dd
  847.022 1e10000000090260
  847.099 1e1000140003060000000000008c5f
  847.099 1e1000140003c263
  847.131 1e040000001673ab
  847.207 1e042c00ea00e600b800a0009c00aa00a30000ffff000000320000000000000000000001e0000000000000001000216db3
  847.285 1e04001e00061261
  847.317 1e040c000000000000000000000000cabf
  847.395 0f1003e8000e1c0019001300280000000000000015001300020028001e000100140002e77e
  847.966 0217a7f8000fa80c00070e004000000028000a000affff00004d6d
  848.028 02171e0018fc18fc180032002cfc18fc18fc18fc18fc18001500c0001efc18fc18a4ce
  848.075 0a17b3b00003b3c40003060015001400002990
  848.228 0f1003e8000e1c0019001300280000000000000015001300020028001e000100140002e77e
  849.022 0217a7f8000fa80c00070e004000000028000a000affff00004d6d
  849.068 02171e0018fc18fc180032002cfc18fc18fc18fc18fc18001500c0001efc18fc18a4ce
  849.160 1e10000000091200010000000000000001000000000000000086dd
  849.160 1e10000000090260
  849.222 1e1000140003060000000000008c5f
  849.222 1e1000140003c263
  849.269 1e040000001673ab
  849.331 1e042c00ea00e600b800a0009c00aa00a30000ffff000000320000000000000000000001e0000000000000001000216db3
  849.456 1e04001e00061261
  849.456 1e040c000000000000000000000000cabf
  849.503 0617afc8000cafdc00050a0010000000000000001557b5
  849.659 0f1003e8000e1c0019001300280000000000000015001300020028001e000100140002e77e
  850.108 0217a7f8000fa80c00070e004000000028000a000affff00004d6d
  850.155 02171e0018fc18fc180032002cfc18fc18fc18fc18fc18001500c0001efc18fc18a4ce
  850.233 0f1003e8000e1c0019001300280000000000000015001300020028001e000100140002e77e
  852.331 0217a7f8000fa80c00070e004000000028000a000affff00004d6d
  852.393 02171e0018fc18fc180032002cfc18fc18fc18fc18fc18001500c0001efc18fc18a4ce
  852.471 1e10000000091200010000000000000001000000000000000086dd
  852.471 1e10000000090260
  852.532 1e1000140003060000000000008c5f
  852.532 1e1000140003c263
  852.579 1e040000001673ab
  852.641 1e042c00ea00e600b800a0009c00aa00a30000ffff000000320000000000000000000001e0000000000000001000216db3
  852.767 1e04001e00061261
  852.767 1e040c000000000000000000000000cabf
  852.829 0f1003e8000e1c0019001300280000000000000015001300020028001e000100140002e77e
  852.860 0f1003e8000ec093
  853.062 0217a7f8000fa80c00070e004000000028000a000affff00004d6d
  853.123 02171e0018fc18fc180032002cfc18fc18fc18fc18fc18001500c0001efc18fc18a4ce
  853.170 0a17b3b00003b3c4000306001500140001e850
  853.341 0f1003fc000b160028000a0037000000000000000200120028001e003c369e
  853.341 0f1003fc000b4094
  854.075 0217a7f8000fa80c00070e004000000028000a000affff00004d6d
  854.122 02171e0018fc18fc180032002cfc18fc18fc18fc18fc18001500c0001efc18fc18a4ce
  854.215 1e10000000091200010000000000000001000000000000000086dd
  854.215 1e10000000090260
  854.277 1e1000140003060000000000008c5f
  854.277 1e1000140003c263
  854.324 1e040000001673ab
  854.386 1e042c00ea00e600b800a0009c00aa00a30000ffff000000320000000000000000000001e0000000000000001000216db3
  854.508 1e04001e00061261
  854.508 1e040c000000000000000000000000cabf
  854.554 0617afc8000cafdc00050a0010000000000000001557b5
  854.755 0f10041000162c0028000a0037000000000000000200120028001e003c001200140027002800070001003e000d0006003c0000d569
  854.755 0f1004100016401c
  855.158 0217a7f8000fa80c00070e004000000028000a000affff00004d6d
  855.204 02171e0018fc18fc180032002cfc18fc18fc18fc18fc18001500c0001efc18fc18a4ce
  855.298 0f10042e000f1e0001000000000014fff6000500280000002d0000000000000000000000003295
  855.298 0f10042e000fe01a
  856.200 0217a7f8000fa80c00070e004000000028000a000affff00004d6d
  856.247 02171e0018fc18fc180032002cfc18fc18fc18fc18fc18001500c0001efc18fc18a4ce
  856.340 1e10000000091200010000000000000001000000000000000086dd
  856.340 1e10000000090260
  856.402 1e1000140003060000000000008c5f
  856.402 1e1000140003c263
  856.450 1e040000001673ab
  856.512 1e042c00ea00e600b800a0009c00aa00a30000ffff000000320000000000000000000001e0000000000000001000216db3
  856.637 1e04001e00061261
  856.637 1e040c000000000000000000000000cabf
  856.714 0f100442000d1a000100130000001c0000fff800050028000000000000000a000a244d
  856.714 0f100442000da1c6
  857.290 0217a7f8000fa80c00070e004000000028000a000affff00004d6d
  857.337 02171e0018fc18fc180032002cfc18fc18fc18fc18fc18001500c0001efc18fc18a4ce
  857.398 0a17b3b00003b3c40003060015001400002990
  857.539 0f100456000c18000000060014001e00000006ffffffff00000000000000010aef
  857.570 0f100456000c2002
  858.329 0217a7f8000fa80c00070e004000000028000a000affff00004d6d
  858.390 02171e0018fc18fc180032002cfc18fc18fc18fc18fc18001500c0001efc18fc18a4ce
  858.468 1e10000000091200010000000000000001000000000000000086dd
  858.468 1e10000000090260
  858.545 1e1000140003060000000000008c5f
  858.545 1e1000140003c263
  858.575 1e040000001673ab
  858.638 1e042c00ea00e600b800a0009c00aa00a30000ffff000000320000000000000000000001e0000000000000001000216db3
  858.763 1e04001e00061261
  858.763 1e040c000000000000000000000000cabf
  858.810 0617afc8000cafdc00050a0010000000000000001557b5
  858.965 0f10046a001224000000000000000000000000000000000000000000000000000000000000000000000000874b
  858.996 0f10046a00126006
  859.415 0217a7f8000fa80c00070e004000000028000a000affff00004d6d
  859.461 02171e0018fc18fc180032002cfc18fc18fc18fc18fc18001500c0001efc18fc18a4ce
  859.568 0f10047e0013260000000000000000000000000000000000000000000000000000000000000000000000000000b93d
  859.568 0f10047e0013e1c2
  860.466 0217a7f8000fa80c00070e004000000028000a000affff00004d6d
  860.512 02171e0018fc18fc180032002cfc18fc18fc18fc18fc18001500c0001efc18fc18a4ce
  860.590 1e10000000091200010000000000000001000000000000000086dd
  860.590 1e10000000090260
  860.667 1e1000140003060000000000008c5f
  860.667 1e1000140003c263
  860.699 1e040000001673ab
  860.777 1e042c00ea00e600b800a0009c00aa00a30000ffff000000320000000000000000000001e0000000000000001000216db3
  860.855 1e04001e00061261
  860.886 1e040c000000000000000000000000cabf
  860.978 0f100492000b160050003c005a000a00500050005000500032002d0005473c
  860.978 0f100492000b203d
  861.534 0217a7f8000fa80c00070e004000000028000a000affff00004d6d
  861.594 02171e0018fc18fc180032002cfc18fc18fc18fc18fc18001500c0001efc18fc18a4ce
  861.641 0a17b3b00003b3c40003060015001400002990
  861.782 0f1004a6000d1a00000000000000000000000000000000000000004a2000000000ca30
  861.814 0f1004a6000de1f1
  862.591 0217a7f8000fa80c00070e004000000028000a000affff00004d6d
  862.637 02171e0018fc18fc180032002cfc18fc18fc18fc18fc18001500c0001efc18fc18a4ce
  862.729 1e10000000091200010000000000000001000000000000000086dd
  862.729 1e10000000090260
  862.793 1e1000140003060000000000008c5f
  862.793 1e1000140003c263
  862.839 1e040000001673ab
  862.902 1e042c00ea00e600b800a0009c00aa00a30000ffff000000320000000000000000000001e0000000000000001000216db3
  862.980 1e04001e00061261
  863.011 1e040c000000000000000000000000cabf
  863.073 0617afc8000cafdc00050a0010000000000000001557b5
  863.229 0f1004ba00162c001400000000000000000019002800040007000a001e0001001e0001001e0001000100000000000000280037b494
  863.275 0f1004ba0016603c
  863.661 0217a7f8000fa80c00070e004000000028000a000affff00004d6d
  863.722 02171e0018fc18fc180032002cfc18fc18fc18fc18fc18001500c0001efc18fc18a4ce
  863.845 0f1004d8001b360006000200190000000c0002000a00010014000200190003001e000400230005002800060028000700230008001e00090019000a00141a6e
  863.845 0f1004d8001b0027
  864.712 0217a7f8000fa80c00070e004000000028000a000affff00004d6d
  864.774 02171e0018fc18fc180032002cfc18fc18fc18fc18fc18001500c0001efc18fc18a4ce
  864.851 1e10000000091200010000000000000001000000000000000086dd
  864.851 1e10000000090260
  864.959 1e1000140003060000000000008c5f
  864.959 1e1000140003c263
  864.959 1e040000001673ab
  865.021 1e042c00ea00e600b8009c009c00aa00a30000ffff000000320000000000000000000001e00000000000000010002190b1
  865.143 1e04001e00061261
  865.143 1e040c000000000000000000000000cabf
  865.205 0f1004f6000e1c000000000000000000000000000000000000000000000000000000005dcd
  865.252 0f1004f6000ea1e1
  865.794 0217a7f8000fa80c00070e004000000028000a000affff00004d6d
  865.841 02171e0018fc18fc180032002cfc18fc18fc18fc18fc18001500c0001efc18fc18a4ce
  865.903 0a17b3b00003b3c40003060015001400002990
  866.075 0f10050a0013260000000000000000000000000000000000000000000000000000000000000000000000000000bfb8
  866.075 0f10050a0013a024
  866.838 0217a7f8000fa80c00070e004000000028000a000affff00004d6d
  866.886 02171e0018fc18fc180032002cfc18fc18fc18fc18fc18001500c0001efc18fc18a4ce
  866.963 1e10000000091200010000000000000001000000000000000086dd
  866.963 1e10000000090260
  867.041 1e1000140003060000000000008c5f
  867.041 1e1000140003c263
  867.073 1e040000001673ab
  867.135 1e042c00ea00e600b8009c009c00aa00a30000ffff000000320000000000000000000001e00000000000000010002190b1
  867.229 1e04001e00061261
  867.261 1e040c000000000000000000000000cabf
  867.307 0617afc8000cafdc00050a0010000000000000001557b5
  867.445 0f10051e000a1400000000000000000000000000000000000000006e7b
  867.476 0f10051e000a21ea
  867.910 0217a7f8000fa80c00070e004000000028000a000affff00004d6d
  867.972 02171e0018fc18fc180032002cfc18fc18fc18fc18fc18001500c0001efc18fc18a4ce
  868.066 0f1005320012240002000000000000000000010000000100010000000000000000000000000000000000000096
  868.066 0f1005320012e029
  868.949 0217a7f8000fa80c00070e004000000028000a000affff00004d6d
  869.012 02171e0018fc18fc180032002cfc18fc18fc18fc18fc18001500c0001efc18fc18a4ce
  869.090 1e10000000091200010000000000000001000000000000000086dd
  869.090 1e10000000090260
  869.152 1e1000140003060000000000008c5f
  869.152 1e1000140003c263
  869.198 1e040000001673ab
  869.261 1e042c00ea00e600b8009c009c00aa00a30000ffff000000320000000000000000000001e00000000000000010002190b1
  869.385 1e04001e00061261
  869.385 1e040c000000000000000000000000cabf
  869.463 0f1005460014280005000100020000000000000000000000000002000000000000000200000000000000000000000094fd
  869.495 0f10054600142031
  870.038 0217a7f8000fa80c00070e004000000028000a000affff00004d6d
  870.084 02171e0018fc18fc180032002cfc18fc18fc18fc18fc18001500c0001efc18fc18a4ce
  870.147 0a17b3b00003b3c40003060015001400002990
  870.366 0f10055a002142000100000000001f000c000000000000001f000c0000007f000100000015001f000c0000003b0017001f000c0000007f000000000000001f000c000000000000001faa1c
  871.225 0217a7f8000fa80c00070e004000000028000a000affff00004d6d
  871.225 02171e0018fc18fc180032002cfc18fc18fc18fc18fc18001500c0001efc18fc18a4ce
  871.225 1e10000000091200010000000000000001000000000000000086dd
  871.225 1e10000000090260
  871.287 1e1000140003060000000000008c5f
  871.287 1e1000140003c263
  871.318 1e040000001673ab
  871.396 1e042c00ea00e600b8009c009c00aa00a30000ffff000000320000000000000000000001e00000000000000010002190b1
  871.474 1e04001e00061261
  871.504 1e040c000000000000000000000000cabf
  871.567 0617afc8000cafdc00050a0010000000000000001557b5
  871.772 0f10055a002142000100000000001f000c000000000000001f000c0000007f000100000015001f000c0000003b0017001f000c0000007f000000000000001f000c000000000000001faa1c
  871.772 0f10055a002121e0
  872.160 0217a7f8000fa80c00070e004000000028000a000affff00004d6d
  872.207 02171e0018fc18fc180032002cfc18fc18fc18fc18fc18001500c0001efc18fc18a4ce
  872.362 0f10057b002142000c00000000000000000000001f000c000000000000001f000c00000000000000000000001f000c000000000000001f000c00000000000000000000001f000c00009d7a
  872.362 0f10057b002171ea
  873.198 0217a7f8000fa80c00070e004000000028000a000affff00004d6d
  873.260 02171e0018fc18fc180032002cfc18fc18fc18fc18fc18001500c0001efc18fc18a4ce
  873.337 1e10000000091200010000000000000001000000000000000086dd
  873.337 1e10000000090260
  873.414 1e1000140003060000000000008c5f
  873.414 1e1000140003c263
  873.445 1e040000001673ab
  873.523 1e042c00ea00e600b8009c009c00aa00a30000ffff000000320000000000000000000001e00000000000000010002190b1
  873.601 1e04001e00061261
  873.632 1e040c000000000000000000000000cabf
  873.772 0f10059c00214200000000001f000c00000000000000000000001f000c000000000000001f000c00000000000000000000001f000c000000000000001f000c000000000003000000000a3c
  873.772 0f10059c0021c1dd
  874.287 0217a7f8000fa80c00070e004000000028000a000affff00004d6d
  874.334 02171e0018fc18fc180032002cfc18fc18fc18fc18fc18001500c0001efc18fc18a4ce
  874.397 0a17b3b00003b3c40003060015001400002990
  874.614 0f1005bd00214200000000001f000c000000000000001f000c00000000000000000000001f000c000000000000001f000c00000000000000000000001f000c000000000000001f000c9373
  875.481 0217a7f8000fa80c00070e004000000028000a000affff00004d6d
  875.481 02171e0018fc18fc180032002cfc18fc18fc18fc18fc18001500c0001efc18fc18a4ce
  875.481 1e10000000091200010000000000000001000000000000000086dd
  875.481 1e10000000090260
  875.545 1e1000140003060000000000008c5f
  875.545 1e1000140003c263
  875.590 1e040000001673ab
  875.651 1e042c00ea00e600b900a0009c00aa00a30000ffff000000320000000000000000000001e000000000000000100021651f
  875.775 1e04001e00061261
  875.775 1e040c000000000000000000000000cabf
  875.821 0617afc8000cafdc00050a0010000000000000001557b5
  876.005 0f1005bd00214200000000001f000c000000000000001f000c00000000000000000000001f000c000000000000001f000c00000000000000000000001f000c000000000000001f000c9373
  876.036 0f1005bd002191d7
  876.423 0217a7f8000fa80c00070e004000000028000a000affff00004d6d
  876.469 02171e0018fc18fc180032002cfc18fc18fc18fc18fc18001500c0001efc18fc18a4ce
  876.609 0f1005de00214200000000000000000000001f000c000000000000001f000c00000000000000000000001f000c000000000000001f000c00000000000000000000001f000c0000000078fc
  876.609 0f1005de002161c9
  877.464 0217a7f8000fa80c00070e004000000028000a000affff00004d6d
  877.511 02171e0018fc18fc180032002cfc18fc18fc18fc18fc18001500c0001efc18fc18a4ce
  877.603 1e10000000091200010000000000000001000000000000000086dd
  877.603 1e10000000090260
  877.666 1e1000140003060000000000008c5f
  877.666 1e1000140003c263
  877.713 1e040000001673ab
  877.775 1e042c00ea00e600b900a0009c00aa00a30000ffff000000320000000000000000000001e000000000000000100021651f
  877.899 1e04001e00061261
  877.899 1e040c000000000000000000000000cabf
  878.039 0f1005ff0021420000001f000c00000000000000000000001f000c000000000000001f000c00000000000000000000001f000c000000000000001f000c0000000000000000000100000baf
  878.039 0f1005ff002131c3
  878.550 0217a7f8000fa80c00070e004000000028000a000affff00004d6d
  878.596 02171e0018fc18fc180032002cfc18fc18fc18fc18fc18001500c0001efc18fc18a4ce
  878.658 0a17b3b00003b3c40003060015001400002990
  878.876 0f1006200021420000001f000c000000000000001f000c00000000000000000000001f000c000000000000001f000c00000000000000000000001f000c000000000000001f000c000041fc
  878.876 0f1006200021007d
  879.594 0217a7f8000fa80c00070e004000000028000a000affff00004d6d
  879.640 02171e0018fc18fc180032002cfc18fc18fc18fc18fc18001500c0001efc18fc18a4ce
  879.735 1e10000000091200010000000000000001000000000000000086dd
  879.735 1e10000000090260
  879.796 1e1000140003060000000000008c5f
  879.796 1e1000140003c263
  879.844 1e040000001673ab
  879.906 1e042c00ea00e600b900a0009c00aa00a30000ffff000000320000000000000000000001e000000000000000100021651f
  880.015 1e04001e00061261
  880.015 1e040c000000000000000000000000cabf
  880.078 0617afc8000cafdc00050a0010000000000000001557b5
  880.294 0f1006410021420000000000000000001f000c000000000000001f000c00000000000000000000001f000c000000000000001f000c00000000000000000000001f000c00000000000091ef
  880.294 0f100641002151a3
  880.667 0217a7f8000fa80c00070e004000000028000a000affff00004d6d
  880.730 02171e0018fc18fc180032002cfc18fc18fc18fc18fc18001500c0001efc18fc18a4ce
  880.838 0f100662002142001f000c00000000000000000000001f000c000000000000001f000c00000000000000000000001f000c000000000000001f000c00000000000000000001000000008290
  880.869 0f1006620021a069
  881.724 0217a7f8000fa80c00070e004000000028000a000affff00004d6d
  881.770 02171e0018fc18fc180032002cfc18fc18fc18fc18fc18001500c0001efc18fc18a4ce
  881.863 1e10000000091200010000000000000001000000000000000086dd
  881.863 1e10000000090260
  881.925 1e1000140003060000000000008c5f
  881.925 1e1000140003c263
  881.956 1e040000001673ab
  882.035 1e042c00ea00e600b900a0009c00aa00a30000ffff000000320000000000000000000001e000000000000000100021651f
  882.114 1e04001e00061261
  882.146 1e040c000000000000000000000000cabf
  882.270 0f100683002142001f000c000000000000001f000c0000007f000100000015001f000c0000003b0017001f000c0000007f000000000000001f000c000000000000001f000c000000007b61
  882.302 0f1006830021f05f
  882.801 0217a7f8000fa80c00070e004000000028000a000affff00004d6d
  882.847 02171e0018fc18fc180032002cfc18fc18fc18fc18fc18001500c0001efc18fc18a4ce
  882.910 0a17b3b00003b3c40003060015001400002990
  883.097 0f1006a4002142000000000000001f000c000000000000001f000c00000000000000000000001f000c000000000000001f000c00000000000000000000001f000c000000000000001f24e7
  883.836 0217a7f8000fa80c00070e004000000028000a000affff00004d6d
  883.898 02171e0018fc18fc180032002cfc18fc18fc18fc18fc18001500c0001efc18fc18a4ce
  883.975 1e10000000091200010000000000000001000000000000000086dd
  883.975 1e10000000090260
  884.052 1e1000140003060000000000008c5f
  884.052 1e1000140003c263
  884.098 1e040000001673ab
  884.161 1e042c00ea00e600b900a0009c00aa00a30000ffff000000320000000000000000000001e000000000000000100021651f
  884.238 1e04001e00061261
  884.270 1e040c000000000000000000000000cabf
  884.331 0617afc8000cafdc00050a0010000000000000001557b5
  884.516 0f1006a4002142000000000000001f000c000000000000001f000c00000000000000000000001f000c000000000000001f000c00000000000000000000001f000c000000000000001f24e7
  884.547 0f1006a400214054
  884.921 0217a7f8000fa80c00070e004000000028000a000affff00004d6d
  884.984 02171e0018fc18fc180032002cfc18fc18fc18fc18fc18001500c0001efc18fc18a4ce
  885.092 0f1006c5002142000c00000000000000000000001f000c000000000000001f000c00000000000000000000001f000c000000000000001f000c0000000000030000006c0004000000000e20
  885.123 0f1006c50021118a
  885.963 0217a7f8000fa80c00070e004000000028000a000affff00004d6d
  886.025 02171e0018fc18fc180032002cfc18fc18fc18fc18fc18001500c0001efc18fc18a4ce
  886.102 1e10000000091200010000000000000001000000000000000086dd
  886.102 1e10000000090260
  886.179 1e1000140003060000000000008c5f
  886.179 1e1000140003c263
  886.209 1e040000001673ab
  886.287 1e042c00ea00e600b8009c009c00aa00a30000ffff000000320000000000000000000001e00000000000000010002190b1
  886.395 1e04001e00061261
  886.395 1e040c000000000000000000000000cabf
  886.474 0f1006ea00070e001200370009001c0009001a0000e014
  886.474 0f1006ea0007a199
  887.052 0217a7f8000fa80c00070e004000000028000a000affff00004d6d
  887.113 02171e0018fc18fc180032002cfc18fc18fc18fc18fc18001500c0001efc18fc18a4ce
  887.160 0a17b3b00003b3c40003060015001400002990
  887.301 0f1006f1000306ffff0172a41721b2
  887.301 0f1006f10003d05d
  888.096 0217a7f8000fa80c00070e004000000028000a000affff00004d6d
  888.159 02171e0018fc18fc180032002cfc18fc18fc18fc18fc18001500c0001efc18fc18a4ce
  888.236 1e10000000091200010000000000000001000000000000000086dd
  888.236 1e10000000090260
  888.300 1e1000140003060000000000008c5f
  888.300 1e1000140003c263
  888.346 1e040000001673ab
  888.407 1e042c00ea00e600b8009c009c00aa00a30000ffff000000320000000000000000000001e00000000000000010002190b1
  888.531 1e04001e00061261
  888.531 1e040c000000000000000000000000cabf
  888.579 0617afc8000cafdc00050a0010000000000000001557b5
  888.765 0f1006f4001326004000000028000a000a000000000000000000000000000000000010000000000000000000004853
  888.765 0f1006f40013c190
  889.186 0217a7f8000fa80c00070e004000000028000a000affff00004d6d
  889.232 02171e0018fc18fc180032002cfc18fc18fc18fc18fc18001500c0001efc18fc18a4ce
  889.309 0f10085f00050a0000000000000000000032c2
  889.309 0f10085f00053356
  890.224 0217a7f8000fa80c00070e004000000028000a000affff00004d6d
  890.286 02171e0018fc18fc180032002cfc18fc18fc18fc18fc18001500c0001efc18fc18a4ce
  890.364 1e10000000091200010000000000000001000000000000000086dd
  890.364 1e10000000090260
  890.427 1e1000140003060000000000008c5f
  890.427 1e1000140003c263
  890.472 1e040000001673ab
  890.534 1e042c00ea00e600b8009c009c00aa00a30000ffff000000320000000000000000000001e00000000000000010002190b1
  890.627 1e04001e00061261
  890.658 1e040c000000000000000000000000cabf
  891.314 0217a7f8000fa80c00070e004000000028000a000affff00004d6d
  891.360 02171e0018fc18fc180032002cfc18fc18fc18fc18fc18001500c0001efc18fc18a4ce
  891.408 0a17b3b00003b3c40003060015001400002990
  892.358 0217a7f8000fa80c00070e004000000028000a000affff00004d6d
  892.405 02171e0018fc18fc180032002cfc18fc18fc18fc18fc18001500c0001efc18fc18a4ce
  892.497 1e10000000091200010000000000000001000000000000000086dd
  892.497 1e10000000090260
  892.560 1e1000140003060000000000008c5f
  892.560 1e1000140003c263
  892.605 1e040000001673ab
  892.668 1e042c00ea00e600b8009c009c00aa00a30000ffff000000320000000000000000000001e00000000000000010002190b1
  892.792 1e04001e00061261
  892.792 1e040c000000000000000000000000cabf
  892.839 0617afc8000cafdc00050a0010000000000000001557b5
  892.978 0f03070800064450
  892.978 0f030c0000000000000000010000001c88
  893.445 0217a7f8000fa80c00070e004000000028000a000affff00004d6d
  893.493 02171e0018fc18fc180032002cfc18fc18fc18fc18fc18001500c0001efc18fc18a4ce
  893.603 0f1007d000132600180017ff9c0032002cff9cff9cff9cff9cff9c001500c0001e004000000028000a000a00000b72
  893.603 0f1007d000138067
  894.488 0217a7f8000fa80c00070e004000000028000a000affff00004d6d
  894.551 02171e0018fc18fc180032002cfc18fc18fc18fc18fc18001500c0001efc18fc18a4ce
  894.629 1e10000000091200010000000000000001000000000000000086dd
  894.629 1e10000000090260
  894.692 1e1000140003060000000000008c5f
  894.692 1e1000140003c263
  894.724 1e040000001673ab
  894.785 1e042c00ea00e600b8009c009c00aa00a30000ffff000000320000000000000000000001e00000000000000010002190b1
  894.879 1e04001e00061261
  894.910 1e040c000000000000000000000000cabf
  895.561 0217a7f8000fa80c00070e004000000028000a000affff00004d6d
  895.607 02171e0018fc18fc180032002cfc18fc18fc18fc18fc18001500c0001efc18fc18a4ce
  895.669 0a17b3b00003b3c40003060015001400002990
  895.840 0f1007e4001122001100000000001509060709096705790000000000000000000000000000000000000359
  895.840 0f1007e400114068
  896.610 0217a7f8000fa80c00070e004000000028000a000affff00004d6d
  896.671 02171e0018fc18fc180032002cfc18fc18fc18fc18fc18001500c0001efc18fc18a4ce
  896.748 1e10000000091200010000000000000001000000000000000086dd
  896.748 1e10000000090260
  896.808 1e1000140003060000000000008c5f
  896.808 1e1000140003c263
  896.854 1e040000001673ab
  896.917 1e042c00ea00e600b8009c009c00aa00a00000ffff000000320000000000000000000001e00000000000000010002120b0
  897.011 1e04001e00061261
  897.042 1e040c000000000000000000000000cabf
  897.089 0617afc8000cafdc00050a0010000000000000001557b5
  897.242 0f03070800064450
  897.242 0f030c0000000000000000010000001c88
  897.692 0217a7f8000fa80c00070e004000000028000a000affff00004d6d
  897.754 02171e0018fc18fc180032002cfc18fc18fc18fc18fc18001500c0001efc18fc18a4ce
  897.848 0f1007f8001122000000000000000000000000000000000000000000000000000000000000000000006fb5
  897.848 0f1007f8001181ae
  898.751 0217a7f8000fa80c00070e004000000028000a000affff00004d6d
  898.797 02171e0018fc18fc180032002cfc18fc18fc18fc18fc18001500c0001efc18fc18a4ce
  898.874 1e10000000091200010000000000000001000000000000000086dd
  898.874 1e10000000090260
  898.952 1e1000140003060000000000008c5f
  898.952 1e1000140003c263
  898.983 1e040000001673ab
  899.061 1e042c00ea00e600b8009c009c00aa00a00000ffff000000320000000000000000000001e00000000000000010002120b0
  899.138 1e04001e00061261
  899.168 1e040c000000000000000000000000cabf
  899.820 0217a7f8000fa80c00070e004000000028000a000affff00004d6d
  899.882 02171e0018fc18fc180032002cfc18fc18fc18fc18fc18001500c0001efc18fc18a4ce
  899.928 0a17b3b00003b3c40003060015001400002990
  900.114 0f10080c00122400c80000000000000000000000000000000000000000000000000014001000000000000085e3
  900.114 0f10080c00128349
  900.873 0217a7f8000fa80c00070e004000000028000a000affff00004d6d
  900.919 02171e0018fc18fc180032002cfc18fc18fc18fc18fc18001500c0001efc18fc18a4ce
  900.998 1e10000000091200010000000000000001000000000000000086dd
  900.998 1e10000000090260
  901.074 1e1000140003060000000000008c5f
  901.074 1e1000140003c263
  901.120 1e040000001673ab
  901.182 1e042c00ea00e600b8009c009c00aa00a00000ffff000000320000000000000000000001e00000000000000010002120b0
  901.291 1e04001e00061261
  901.291 1e040c000000000000000000000000cabf
  901.353 0617afc8000cafdc00050a0010000000000000001557b5
  901.461 0f03070800064450
  901.492 0f030c0000000000000000010000001c88
  901.958 0217a7f8000fa80c00070e004000000028000a000affff00004d6d
  902.004 02171e0018fc18fc180032002cfc18fc18fc18fc18fc18001500c0001efc18fc18a4ce
  902.113 0f10082000122400ea00e600b8009c009c00aa00a000320000000000000000000001e000100021096705790e72
  902.113 0f10082000124280
  902.991 0217a7f8000fa80c00070e004000000028000a000affff00004d6d
  903.054 02171e0018fc18fc180032002cfc18fc18fc18fc18fc18001500c0001efc18fc18a4ce
  903.131 1e10000000091200010000000000000001000000000000000086dd
  903.131 1e10000000090260
  903.208 1e1000140003060000000000008c5f
  903.208 1e1000140003c263
  903.239 1e040000001673ab
  903.316 1e042c00ea00e600b8009c009c00aa00a00000ffff000000320000000000000000000001e00000000000000010002120b0
  903.395 1e04001e00061261
  903.426 1e040c000000000000000000000000cabf
  904.075 0217a7f8000fa80c00070e004000000028000a000affff00004d6d
  904.136 02171e0018fc18fc180032002cfc18fc18fc18fc18fc18001500c0001efc18fc18a4ce
  904.182 0a17b3b00003b3c40003060015001400002990
  904.338 0f1008340012240000000000000000000000000000000000800000000000000000015e015e00000000000055c5
  904.368 0f10083400120284
  905.125 0217a7f8000fa80c00070e004000000028000a000affff00004d6d
  905.186 02171e0018fc18fc180032002cfc18fc18fc18fc18fc18001500c0001efc18fc18a4ce
  905.263 1e10000000091200010000000000000001000000000000000086dd
  905.263 1e10000000090260
  905.325 1e1000140003060000000000008c5f
  905.325 1e1000140003c263
  905.371 1e040000001673ab
  905.434 1e042c00ea00e600b8009c009c00aa00a00000ffff000000320000000000000000000001e00000000000000010002120b0
  905.557 1e04001e00061261
  905.557 1e040c000000000000000000000000cabf
  905.603 0617afc8000cafdc00050a0010000000000000001557b5
  905.712 0f03070800064450
  905.744 0f030c0000000000000000010000001c88
  906.212 0217a7f8000fa80c00070e004000000028000a000affff00004d6d
  906.259 02171e0018fc18fc180032002cfc18fc18fc18fc18fc18001500c0001efc18fc18a4ce
  906.385 0f10084800172e000000000000000000000000000000000000002e0000000000000031000a0000002600370009001c0009001a0000ffa4
  906.385 0f1008480017035f
  907.257 0217a7f8000fa80c00070e004000000028000a000affff00004d6d
  907.303 02171e0018fc18fc180032002cfc18fc18fc18fc18fc18001500c0001efc18fc18a4ce
  907.381 1e10000000091200010000000000000001000000000000000086dd
  907.381 1e10000000090260
  907.459 1e1000140003060000000000008c5f
  907.459 1e1000140003c263
  907.491 1e040000001673ab
  907.568 1e042c00ea00e600b800a0009c00aa00a00000ffff000000320000000000000000000001e000000000000000100021ddb2
  907.647 1e04001e00061261
  907.678 1e040c000000000000000000000000cabf
  908.331 0217a7f8000fa80c00070e004000000028000a000affff00004d6d
  908.394 02171e0018fc18fc180032002cfc18fc18fc18fc18fc18001500c0001efc18fc18a4ce
  908.440 0a17b3b00003b3c40003060015001400002990
  908.579 0f10086400040800000000000000e85637
  908.579 0f1008640004835b
  909.384 0217a7f8000fa80c00070e004000000028000a000affff00004d6d
  909.430 02171e0018fc18fc180032002cfc18fc18fc18fc18fc18001500c0001efc18fc18a4ce
  909.523 1e10000000091200010000000000000001000000000000000086dd
  909.523 1e10000000090260
  909.586 1e1000140003060000000000008c5f
  909.586 1e1000140003c263
  909.617 1e040000001673ab
  909.694 1e042c00e900e600b900a0009c00aa00a30000ffff000000320000000000000000000001e00000000000000010002123dd
  909.772 1e04001e00061261
  909.803 1e040c000000000000000000000000cabf
  909.865 0617afc8000cafdc00050a0010000000000000001557b5
  909.973 0f03070800064450
  910.020 0f030c0000000000000000010000001c88
  910.457 0217a7f8000fa80c00070e004000000028000a000affff00004d6d
  910.519 02171e0018fc18fc180032002cfc18fc18fc18fc18fc18001500c0001efc18fc18a4ce
  910.627 0f100870001122046c000001f501a701b501a700ca0000000000000000012a05c3785b0000000000002aae
  910.627 0f10087000110290
  911.514 0217a7f8000fa80c00070e004000000028000a000affff00004d6d
  911.560 02171e0018fc18fc180032002cfc18fc18fc18fc18fc18001500c0001efc18fc18a4ce
  911.653 1e10000000091200010000000000000001000000000000000086dd
  911.653 1e10000000090260
  911.714 1e1000140003060000000000008c5f
  911.714 1e1000140003c263
  911.761 1e040000001673ab
  911.824 1e042c00e900e600b900a0009c00aa00a30000ffff000000320000000000000000000001e00000000000000010002123dd
  911.947 1e04001e00061261
  911.947 1e040c000000000000000000000000cabf
  912.585 0217a7f8000fa80c00070e004000000028000a000affff00004d6d
  912.646 02171e0018fc18fc180032002cfc18fc18fc18fc18fc18001500c0001efc18fc18a4ce
  912.693 0a17b3b00003b3c40003060015001400002990
  913.782 0217a7f8000fa80c00070e004000000028000a000affff00004d6d
  913.782 02171e0018fc18fc180032002cfc18fc18fc18fc18fc18001500c0001efc18fc18a4ce
  913.782 1e10000000091200010000000000000001000000000000000086dd
  913.782 1e10000000090260
  913.892 1e1000140003060000000000008c5f
  913.892 1e1000140003c263
  913.892 1e040000001673ab
  913.955 1e042c00e900e600b900a0009c00aa00a30000ffff000000320000000000000000000001e00000000000000010002123dd
  914.078 1e04001e00061261
  914.078 1e040c000000000000000000000000cabf
  914.125 0617afc8000cafdc00050a0010000000000000001557b5
  914.234 0f03070800064450
  914.719 0217a7f8000fa80c00070e004000000028000a000affff00004d6d
  914.781 02171e0018fc18fc180032002cfc18fc18fc18fc18fc18001500c0001efc18fc18a4ce
  915.818 0f100884003c837f
  915.818 0217a7f8000fa80c00070e004000000028000a000affff00004d6d
  915.818 02171e0018fc18fc180032002cfc18fc18fc18fc18fc18001500c0001efc18fc18a4ce
  915.910 1e10000000091200010000000000000001000000000000000086dd
  915.910 1e10000000090260
  915.971 1e1000140003060000000000008c5f
  915.971 1e1000140003c263
  916.002 1e040000001673ab
  916.079 1e042c00e900e600b900a0009c00aa00a30000ffff000000320000000000000000000001e00000000000000010002123dd
  916.157 1e04001e00061261
  916.188 1e040c000000000000000000000000cabf
  916.842 0217a7f8000fa80c00070e004000000028000a000affff00004d6d
  916.888 02171e0018fc18fc180032002cfc18fc18fc18fc18fc18001500c0001efc18fc18a4ce
  916.952 0a17b3b00003b3c40003060015001400002990
  917.884 0217a7f8000fa80c00070e004000000028000a000affff00004d6d
  917.946 02171e0018fc18fc180032002cfc18fc18fc18fc18fc18001500c0001efc18fc18a4ce
  918.024 1e10000000091200010000000000000001000000000000000086dd
  918.024 1e10000000090260
  918.101 1e1000140003060000000000008c5f
  918.101 1e1000140003c263
  918.133 1e040000001673ab
  918.210 1e042c00e900e600b900a0009c00aa00a30000ffff000000320000000000000000000001e00000000000000010002123dd
  918.288 1e04001e00061261
  918.319 1e040c000000000000000000000000cabf
  918.381 0617afc8000cafdc00050a0010000000000000001557b5
  918.488 0f03070800064450
  918.519 0f030c0000000040008000010b000076ba
  918.598 0f1005320012240002000000000000000000010000000100010000000000000000000000000000000000000096
  918.629 0f1005320012e029
  918.970 0217a7f8000fa80c00070e004000000028000a000affff00004d6d
  919.031 02171e0018fc18fc180032002cfc18fc18fc18fc18fc18001500c0001efc18fc18a4ce
  919.093 0f1006f1000306ffff0172a41721b2
  919.093 0f1006f10003d05d
  919.171 0f10086400040800000000000000e85637
  919.171 0f1008640004835b
  920.014 0217a7f8000fa80c00070e004000000028000a000affff00004d6d
  920.076 02171e0018fc18fc180032002cfc18fc18fc18fc18fc18001500c0001efc18fc18a4ce
  920.154 1e10000000091200010000000000000001000000000000000086dd
  920.154 1e10000000090260
  920.231 1e1000140003060000000000008c5f
  920.231 1e1000140003c263
  920.263 1e040000001673ab
  920.325 1e042c00e900e600b900a0009d00aa00a30000ffff000000320000000000000000000001e0000000000000001000210f1d
  920.417 1e04001e00061261
  920.448 1e040c000000000000000000000000cabf
  921.099 0217a7f8000fa80c00070e004000000028000a000affff00004d6d
  921.146 02171e0018fc18fc180032002cfc18fc18fc18fc18fc18001500c0001efc18fc18a4ce
  921.207 0a17b3b00003b3c40003060015001400002990
  922.137 0217a7f8000fa80c00070e004000000028000a000affff00004d6d
  922.199 02171e0018fc18fc180032002cfc18fc18fc18fc18fc18001500c0001efc18fc18a4ce
  922.276 1e10000000091200010000000000000001000000000000000086dd
  922.276 1e10000000090260
  922.352 1e1000140003060000000000008c5f
  922.352 1e1000140003c263
  922.384 1e040000001673ab
  922.446 1e042c00e900e600b900a0009d00aa00a30000ffff000000320000000000000000000001e0000000000000001000210f1d
  922.571 1e04001e00061261
  922.571 1e040c000000000000000000000000cabf
  922.618 0617afc8000cafdc00050a0010000000000000001557b5
  922.775 0f03070800064450
  922.775 0f030c00000000ffff867f03df000066ad
  922.837 0f1003e8000e1c0019001300280000000000000015001300020028001e000100140002e77e
  922.883 0f1003e8000ec093
  923.224 0217a7f8000fa80c00070e004000000028000a000affff00004d6d
  923.285 02171e0018fc18fc180032002cfc18fc18fc18fc18fc18001500c0001efc18fc18a4ce
  923.346 0f1003fc000b160028000a0037000000000000000200120028001e003c369e
  923.407 0f1003fc000b4094
  923.485 0f1007d000132600180017ff9c0032002cff9cff9cff9cff9cff9c001500c0001e004000000028000a000a00000b72
  923.517 0f1007d000138067
  924.264 0217a7f8000fa80c00070e004000000028000a000affff00004d6d
  924.327 02171e0018fc18fc180032002cfc18fc18fc18fc18fc18001500c0001efc18fc18a4ce
  924.405 1e10000000091200010000000000000001000000000000000086dd
  924.405 1e10000000090260
  924.482 1e1000140003060000000000008c5f
  924.482 1e1000140003c263
  924.513 1e040000001673ab
  924.574 1e042c00e900e600b900a0009d00aa00a30000ffff000000320000000000000000000001e0000000000000001000210f1d
  924.668 1e04001e00061261
  924.699 1e040c000000000000000000000000cabf
  924.793 0f10041000162c0028000a0037000000000000000200120028001e003c001200140027002800070001003e000d0006003c0000d569
  924.871 0f1004100016401c
  925.351 0217a7f8000fa80c00070e004000000028000a000affff00004d6d
  925.413 02171e0018fc18fc180032002cfc18fc18fc18fc18fc18001500c0001efc18fc18a4ce
  925.459 0a17b3b00003b3c40003060015001400002990
  925.599 0f10042e000f1e0001000000000014fff6000500280000002d0000000000000000000000003295
  925.659 0f10042e000fe01a
  925.769 0f1007e4001122001100000000001509060709096705790000000000000000000000000000000000000359
  925.769 0f1007e400114068
  926.435 0217a7f8000fa80c00070e004000000028000a000affff00004d6d
  926.497 02171e0018fc18fc180032002cfc18fc18fc18fc18fc18001500c0001efc18fc18a4ce
  926.574 1e10000000091200010000000000000001000000000000000086dd
  926.574 1e10000000090260
  926.651 1e1000140003060000000000008c5f
  926.651 1e1000140003c263
  926.682 1e040000001673ab
  926.744 1e042c00e900e600b900a0009d00aa00a30000ffff000000320000000000000000000001e0000000000000001000210f1d
  926.837 1e04001e00061261
  926.868 1e040c000000000000000000000000cabf
  926.930 0617afc8000cafdc00050a0010000000000000001557b5
  927.086 0f100442000d1a000100130000001c0000fff800050028000000000000000a000a244d
  927.086 0f100442000da1c6
  927.520 0217a7f8000fa80c00070e004000000028000a000affff00004d6d
  927.566 02171e0018fc18fc180032002cfc18fc18fc18fc18fc18001500c0001efc18fc18a4ce
  927.645 0f100456000c18000000060014001e00000006ffffffff00000000000000010aef
  927.692 0f100456000c2002
  927.768 0f1007d000132600180017ff9c0032002cff9cff9cff9cff9cff9c001500c0001e004000000028000a000a00000b72
  927.815 0f1007d000138067
  928.572 0217a7f8000fa80c00070e004000000028000a000affff00004d6d
  928.619 02171e0018fc18fc180032002cfc18fc18fc18fc18fc18001500c0001efc18fc18a4ce
  928.713 1e10000000091200010000000000000001000000000000000086dd
  928.713 1e10000000090260
  928.775 1e1000140003060000000000008c5f
  928.775 1e1000140003c263
  928.805 1e040000001673ab
  928.883 1e042c00e900e600b900a0009d00aa00a30000ffff000000320000000000000000000001e0000000000000001000210f1d
  928.962 1e04001e00061261
  928.994 1e040c000000000000000000000000cabf
  929.071 0f10046a001224000000000000000000000000000000000000000000000000000000000000000000000000874b
  929.643 0217a7f8000fa80c00070e004000000028000a000affff00004d6d
  929.706 02171e0018fc18fc180032002cfc18fc18fc18fc18fc18001500c0001efc18fc18a4ce
  929.754 0a17b3b00003b3c40003060015001400002990
  929.909 0f10046a001224000000000000000000000000000000000000000000000000000000000000000000000000874b
  929.972 0f10046a00126006
  930.080 0f1007e4001122001100000000001509060709096705790000000000000000000000000000000000000359
  930.080 0f1007e400114068
  930.752 0217a7f8000fa80c00070e004000000028000a000affff00004d6d
  930.798 02171e0018fc18fc180032002cfc18fc18fc18fc18fc18001500c0001efc18fc18a4ce
  930.892 1e10000000091200010000000000000001000000000000000086dd
  930.892 1e10000000090260
  930.955 1e1000140003060000000000008c5f
  930.955 1e1000140003c263
  931.001 1e040000001673ab
  931.064 1e042c00e900e600b9009c009d00aa00a30000ffff000000320000000000000000000001e000000000000000100021f21f
  931.143 1e04001e00061261
  931.173 1e040c000000000000000000000000cabf
  931.236 0617afc8000cafdc00050a0010000000000000001557b5
  931.376 0f1004a6000d1a00000000000000000000000000000000000000004a2000000000ca30
  931.408 0f1004a6000de1f1
  931.824 0217a7f8000fa80c00070e004000000028000a000affff00004d6d
  931.886 02171e0018fc18fc180032002cfc18fc18fc18fc18fc18001500c0001efc18fc18a4ce
  931.979 0f1004ba00162c001400000000000000000019002800040007000a001e0001001e0001001e0001000100000000000000280037b494
  932.027 0f1004ba0016603c
  932.104 0f1007d000132600180017ff9c0032002cff9cff9cff9cff9cff9c001500c0001e004000000028000a000a00000b72
  932.181 0f1007d000138067
  932.883 0217a7f8000fa80c00070e004000000028000a000affff00004d6d
  932.930 02171e0018fc18fc180032002cfc18fc18fc18fc18fc18001500c0001efc18fc18a4ce
  933.022 1e10000000091200010000000000000001000000000000000086dd
  933.022 1e10000000090260
  933.084 1e1000140003060000000000008c5f
  933.084 1e1000140003c263
  933.115 1e040000001673ab
  933.193 1e042c00e900e600b9009c009d00aa00a30000ffff000000320000000000000000000001e000000000000000100021f21f
  933.271 1e04001e00061261
  933.302 1e040c000000000000000000000000cabf
  933.381 0f1005320012240002000000000000000000010000000100010000000000000000000000000000000000000096
  933.458 0f1005320012e029
  933.958 0217a7f8000fa80c00070e004000000028000a000affff00004d6d
  934.005 02171e0018fc18fc180032002cfc18fc18fc18fc18fc18001500c0001efc18fc18a4ce
  934.067 0a17b3b00003b3c40003060015001400002990
  934.222 0f1005460014280005000100020000000000000000000000000002000000000000000200000000000000000000000094fd
  934.299 0f10054600142031
  934.407 0f1007e4001122001100000000001509060709096705790000000000000000000000000000000000000359
  934.407 0f1007e400114068
  935.015 0217a7f8000fa80c00070e004000000028000a000affff00004d6d
  935.061 02171e0018fc18fc180032002cfc18fc18fc18fc18fc18001500c0001efc18fc18a4ce
  935.138 1e10000000091200010000000000000001000000000000000086dd
  935.138 1e10000000090260
  935.214 1e1000140003060000000000008c5f
  935.214 1e1000140003c263
  935.260 1e040000001673ab
  935.323 1e042c00e900e600b9009c009d00aa00a30000ffff000000320000000000000000000001e000000000000000100021f21f
  935.432 1e04001e00061261
  935.432 1e040c000000000000000000000000cabf
  935.494 0617afc8000cafdc00050a0010000000000000001557b5
  935.680 0f10055a002142000100000000001f000c000000000000001f000c0000007f000100000015001f000c0000003b0017001f000c0000007f000000000000001f000c000000000000001faa1c
  935.790 0f10055a002121e0
  936.086 0217a7f8000fa80c00070e004000000028000a000affff00004d6d
  936.133 02171e0018fc18fc180032002cfc18fc18fc18fc18fc18001500c0001efc18fc18a4ce
  936.256 0f10055a002142000100000000001f000c000000000000001f000c0000007f000100000015001f000c0000003b0017001f000c0000007f000000000000001f000c000000000000001faa1c
  936.331 0f10055a002121e0
  936.408 0f1007d000132600180017ff9c0032002cff9cff9cff9cff9cff9c001500c0001e004000000028000a000a00000b72
  936.485 0f1007d000138067
  937.139 0217a7f8000fa80c00070e004000000028000a000affff00004d6d
  937.186 02171e0018fc18fc180032002cfc18fc18fc18fc18fc18001500c0001efc18fc18a4ce
  937.279 1e10000000091200010000000000000001000000000000000086dd
  937.279 1e10000000090260
  937.342 1e1000140003060000000000008c5f
  937.342 1e1000140003c263
  937.388 1e040000001673ab
  937.449 1e042c00e900e600b9009c009d00aa00a30000ffff000000320000000000000000000001e000000000000000100021f21f
  937.571 1e04001e00061261
  937.571 1e040c000000000000000000000000cabf
  937.680 0f10057b002142000c00000000000000000000001f000c000000000000001f000c00000000000000000000001f000c000000000000001f000c00000000000000000000001f000c00009d7a
  937.758 0f10057b002171ea
  938.224 0217a7f8000fa80c00070e004000000028000a000affff00004d6d
  938.270 02171e0018fc18fc180032002cfc18fc18fc18fc18fc18001500c0001efc18fc18a4ce
  938.333 0a17b3b00003b3c40003060015001400002990
  938.519 0f10059c00214200000000001f000c00000000000000000000001f000c000000000000001f000c00000000000000000000001f000c000000000000001f000c000000000003000000000a3c
  938.582 0f10059c0021c1dd
  938.658 0f1007e4001122001100000000001509060709096705790000000000000000000000000000000000000359
  938.705 0f1007e400114068
  939.265 0217a7f8000fa80c00070e004000000028000a000affff00004d6d
  939.327 02171e0018fc18fc180032002cfc18fc18fc18fc18fc18001500c0001efc18fc18a4ce
  939.405 1e10000000091200010000000000000001000000000000000086dd
  939.405 1e10000000090260
  939.467 1e1000140003060000000000008c5f
  939.467 1e1000140003c263
  939.513 1e040000001673ab
  939.575 1e042c00e900e600b9009c009d00aa00a30000ffff000000320000000000000000000001e000000000000000100021f21f
  939.667 1e04001e00061261
  939.698 1e040c000000000000000000000000cabf
  939.759 0617afc8000cafdc00050a0010000000000000001557b5
  939.943 0f1005bd00214200000000001f000c000000000000001f000c00000000000000000000001f000c000000000000001f000c00000000000000000000001f000c000000000000001f000c9373
  939.990 0f1005bd002191d7
  940.345 0217a7f8000fa80c00070e004000000028000a000affff00004d6d
  940.408 02171e0018fc18fc180032002cfc18fc18fc18fc18fc18001500c0001efc18fc18a4ce
  940.515 0f1005de00214200000000000000000000001f000c000000000000001f000c00000000000000000000001f000c000000000000001f000c00000000000000000000001f000c0000000078fc
  940.561 0f1005de002161c9
  940.654 0f1007d000132600180017ff9c0032002cff9cff9cff9cff9cff9c001500c0001e004000000028000a000a00000b72
  940.684 0f1007d000138067
  941.396 0217a7f8000fa80c00070e004000000028000a000affff00004d6d
  941.457 02171e0018fc18fc180032002cfc18fc18fc18fc18fc18001500c0001efc18fc18a4ce
  941.534 1e10000000091200010000000000000001000000000000000086dd
  941.534 1e10000000090260
  941.611 1e1000140003060000000000008c5f
  941.611 1e1000140003c263
  941.643 1e040000001673ab
  941.706 1e042c00e900e600b9009c009d00aa00a30000ffff000000320000000000000000000001e000000000000000100021f21f
  941.799 1e04001e00061261
  941.829 1e040c000000000000000000000000cabf
  941.953 0f1005ff0021420000001f000c00000000000000000000001f000c000000000000001f000c00000000000000000000001f000c000000000000001f000c0000000000000000000100000baf
  942.001 0f1005ff002131c3
  942.483 0217a7f8000fa80c00070e004000000028000a000affff00004d6d
  942.530 02171e0018fc18fc180032002cfc18fc18fc18fc18fc18001500c0001efc18fc18a4ce
  942.592 0a17b3b00003b3c40003060015001400002990
  942.781 0f1006200021420000001f000c000000000000001f000c00000000000000000000001f000c000000000000001f000c00000000000000000000001f000c000000000000001f000c000041fc
  942.842 0f1006200021007d
  942.920 0f1007e4001122001100000000001509060709096705790000000000000000000000000000000000000359
  942.997 0f1007e400114068
  943.526 0217a7f8000fa80c00070e004000000028000a000affff00004d6d
  943.587 02171e0018fc18fc180032002cfc18fc18fc18fc18fc18001500c0001efc18fc18a4ce
  943.665 1e10000000091200010000000000000001000000000000000086dd
  943.665 1e10000000090260
  943.742 1e1000140003060000000000008c5f
  943.742 1e1000140003c263
  943.774 1e040000001673ab
  943.852 1e042c00e900e600b9009c009d00aa00a30000ffff000000320000000000000000000001e000000000000000100021f21f
  943.929 1e04001e00061261
  943.960 1e040c000000000000000000000000cabf
  944.023 0617afc8000cafdc00050a0010000000000000001557b5
  944.209 0f1006410021420000000000000000001f000c000000000000001f000c00000000000000000000001f000c000000000000001f000c00000000000000000000001f000c00000000000091ef
  944.287 0f100641002151a3
  944.612 0217a7f8000fa80c00070e004000000028000a000affff00004d6d
  944.674 02171e0018fc18fc180032002cfc18fc18fc18fc18fc18001500c0001efc18fc18a4ce
  944.812 0f100662002142001f000c00000000000000000000001f000c000000000000001f000c00000000000000000000001f000c000000000000001f000c00000000000000000001000000008290
  944.812 0f1006620021a069
  944.890 0f1007d000132600180017ff9c0032002cff9cff9cff9cff9cff9c001500c0001e004000000028000a000a00000b72
  944.937 0f1007d000138067
  945.662 0217a7f8000fa80c00070e004000000028000a000affff00004d6d
  945.723 02171e0018fc18fc180032002cfc18fc18fc18fc18fc18001500c0001efc18fc18a4ce
  945.800 1e10000000091200010000000000000001000000000000000086dd
  945.800 1e10000000090260
  945.908 1e1000140003060000000000008c5f
  945.908 1e1000140003c263
  945.908 1e040000001673ab
  945.970 1e042c00e900e600b9009c009d00aa00a30000ffff000000320000000000000000000001e000000000000000100021f21f
  946.094 1e04001e00061261
  946.094 1e040c000000000000000000000000cabf
  946.201 0f100683002142001f000c000000000000001f000c0000007f000100000015001f000c0000003b0017001f000c0000007f000000000000001f000c000000000000001f000c000000007b61
  946.309 0f1006830021f05f
  946.742 0217a7f8000fa80c00070e004000000028000a000affff00004d6d
  946.789 02171e0018fc18fc180032002cfc18fc18fc18fc18fc18001500c0001efc18fc18a4ce
  946.852 0a17b3b00003b3c40003060015001400002990
  947.039 0f1006a4002142000000000000001f000c000000000000001f000c00000000000000000000001f000c000000000000001f000c00000000000000000000001f000c000000000000001f24e7
  947.101 0f1006a400214054
  947.178 0f1007e4001122001100000000001509060709096705790000000000000000000000000000000000000359
  947.225 0f1007e400114068
  947.799 0217a7f8000fa80c00070e004000000028000a000affff00004d6d
  947.845 02171e0018fc18fc180032002cfc18fc18fc18fc18fc18001500c0001efc18fc18a4ce
  947.923 1e10000000091200010000000000000001000000000000000086dd
  947.923 1e10000000090260
  948.003 1e1000140003060000000000008c5f
  948.003 1e1000140003c263
  948.034 1e040000001673ab
  948.111 1e042c00e900e600b9009c009d00aa00a30000ffff000000320000000000000000000001e000000000000000100021f21f
  948.188 1e04001e00061261
  948.219 1e040c000000000000000000000000cabf
  948.281 0617afc8000cafdc00050a0010000000000000001557b5
  948.467 0f1006c5002142000c00000000000000000000001f000c000000000000001f000c00000000000000000000001f000c000000000000001f000c0000000000030000006c0004000000000e20
  948.561 0f1006c50021118a
  948.870 0217a7f8000fa80c00070e004000000028000a000affff00004d6d
  948.932 02171e0018fc18fc180032002cfc18fc18fc18fc18fc18001500c0001efc18fc18a4ce
  948.978 0f1006ea00070e001500380009001c0009001a0000db47
  949.040 0f1006ea0007a199
  949.119 0f1007d000132600180017ff9c0032002cff9cff9cff9cff9cff9c001500c0001e004000000028000a000a00000b72
  949.166 0f1007d000138067
  949.929 0217a7f8000fa80c00070e004000000028000a000affff00004d6d
  949.976 02171e0018fc18fc180032002cfc18fc18fc18fc18fc18001500c0001efc18fc18a4ce
  950.054 1e10000000091200010000000000000001000000000000000086dd
  950.054 1e10000000090260
  950.130 1e1000140003060000000000008c5f
  950.130 1e1000140003c263
  950.161 1e040000001673ab
  950.222 1e042c00e900e600b9009c009d00aa00a30000ffff000000320000000000000000000001e000000000000000100021f21f
  950.315 1e04001e00061261
  950.346 1e040c000000000000000000000000cabf
  950.392 0f1006f1000306ffff0172a41721b2
  950.423 0f1006f10003d05d
  950.998 0217a7f8000fa80c00070e004000000028000a000affff00004d6d
  951.059 02171e0018fc18fc180032002cfc18fc18fc18fc18fc18001500c0001efc18fc18a4ce
  951.106 0a17b3b00003b3c40003060015001400002990
  951.260 0f1006f4001326004000000028000a000a000000000000000000000000000000000010000000000000000000004853
  951.307 0f1006f40013c190
  951.370 0f1007e4001122001100000000001509060709096705790000000000000000000000000000000000000359
  951.401 0f1007e400114068
  952.074 0217a7f8000fa80c00070e004000000028000a000affff00004d6d
  952.135 02171e0018fc18fc180032002cfc18fc18fc18fc18fc18001500c0001efc18fc18a4ce
  952.213 1e10000000091200010000000000000001000000000000000086dd
  952.213 1e10000000090260
  952.290 1e1000140003060000000000008c5f
  952.290 1e1000140003c263
  952.320 1e040000001673ab
  952.400 1e042c00e900e600b900a0009d00aa00a30000ffff000000320000000000000000000001e0000000000000001000210f1d
  952.479 1e04001e00061261
  952.509 1e040c000000000000000000000000cabf
  952.572 0617afc8000cafdc00050a0010000000000000001557b5
  952.680 0f03070800064450
  952.758 0f030c00000000ff80000003dc00001206
  952.883 0f1006200021420000001f000c000000000000001f000c00000000000000000000001f000c000000000000001f000c00000000000000000000001f000c000000000000001f000c000041fc
  952.944 0f1006200021007d
  953.160 0217a7f8000fa80c00070e004000000028000a000affff00004d6d
  953.223 02171e0018fc18fc180032002cfc18fc18fc18fc18fc18001500c0001efc18fc18a4ce
  953.331 0f1006410021420000000000000000001f000c000000000000001f000c00000000000000000000001f000c000000000000001f000c00000000000000000000001f000c00000000000091ef
  953.486 0f1007d000132600180017ff9c0032002cff9cff9cff9cff9cff9c001500c0001e004000000028000a000a00000b72
  953.595 0f1007d000138067
  954.212 0217a7f8000fa80c00070e004000000028000a000affff00004d6d
  954.259 02171e0018fc18fc180032002cfc18fc18fc18fc18fc18001500c0001efc18fc18a4ce
  954.321 1e10000000091200010000000000000001000000000000000086dd
  954.353 1e10000000090260
  954.414 1e1000140003060000000000008c5f
  954.414 1e1000140003c263
  954.461 1e040000001673ab
  954.521 1e042c00e900e600b900a0009d00aa00a30000ffff000000320000000000000000000001e0000000000000001000210f1d
  954.645 1e04001e00061261
  954.645 1e040c000000000000000000000000cabf
  954.753 0f1006410021420000000000000000001f000c000000000000001f000c00000000000000000000001f000c000000000000001f000c00000000000000000000001f000c00000000000091ef
  955.395 0217a7f8000fa80c00070e004000000028000a000affff00004d6d
  955.395 02171e0018fc18fc180032002cfc18fc18fc18fc18fc18001500c0001efc18fc18a4ce
  955.395 0a17b3b00003b3c40003060015001400002990
  955.580 0f1006410021420000000000000000001f000c000000000000001f000c00000000000000000000001f000c000000000000001f000c00000000000000000000001f000c00000000000091ef
  955.626 0f100641002151a3
  955.704 0f1007e4001122001100000000001509060709096705790000000000000000000000000000000000000359
  955.795 0f1007e400114068
  956.340 0217a7f8000fa80c00070e004000000028000a000affff00004d6d
  956.402 02171e0018fc18fc180032002cfc18fc18fc18fc18fc18001500c0001efc18fc18a4ce
  956.480 1e10000000091200010000000000000001000000000000000086dd
  956.480 1e10000000090260
  956.544 1e1000140003060000000000008c5f
  956.544 1e1000140003c263
  956.573 1e040000001673ab
  956.650 1e042c00e900e600b900a0009d00aa00a30000ffff000000320000000000000000000001e0000000000000001000210f1d
  956.727 1e04001e00061261
  956.758 1e040c000000000000000000000000cabf
  956.821 0617afc8000cafdc00050a0010000000000000001557b5
  957.007 0f100662002142001f000c00000000000000000000001f000c000000000000001f000c00000000000000000000001f000c000000000000001f000c00000000000000000001000000008290
  957.083 0f1006620021a069
  957.421 0217a7f8000fa80c00070e004000000028000a000affff00004d6d
  957.467 02171e0018fc18fc180032002cfc18fc18fc18fc18fc18001500c0001efc18fc18a4ce
  957.591 0f100683002142001f000c000000000000001f000c0000007f000100000015001f000c0000003b0017001f000c0000007f000000000000001f000c000000000000001f000c000000007b61
  957.622 0f1006830021f05f
  957.700 0f1007f8001122000000000000000000000000000000000000000000000000000000000000000000006fb5
  957.730 0f1007f8001181ae
  958.457 0217a7f8000fa80c00070e004000000028000a000affff00004d6d
  958.520 02171e0018fc18fc180032002cfc18fc18fc18fc18fc18001500c0001efc18fc18a4ce
  958.598 1e10000000091200010000000000000001000000000000000086dd
  958.598 1e10000000090260
  958.659 1e1000140003060000000000008c5f
  958.659 1e1000140003c263
  958.707 1e040000001673ab
  958.769 1e042c00e900e600b900a0009d00aa00a30000ffff000000320000000000000000000001e0000000000000001000210f1d
  958.894 1e04001e00061261
  958.894 1e040c000000000000000000000000cabf
  974.803 1e04001600081267
  974.803 1e041000000000000000000000000009060709e751
  974.803 0f1004ba00162c001400000000000000000019002800040007000a001e0001001e0001001e0001000100000000000000280037b494
  975.303 0217a7f8000fa80c00070e00400000000000050005ffff0000186d
  975.350 02171e0018fc18fc180032002cfc18fc18fc18fc18fc18001500c0001efc18fc18a4ce
  975.396 c803232800025e1e
  975.504 1e030000000d8660
  975.551 1e031a00000000000000000001000000000000000000000000000100021244
  975.614 0617afc8000cafdc00050a0000000000000000003c5bab
  975.785 0f1707300008071c000810fbd9ae72e51ea34874732ae0267c702b6f28
  975.941 0f1004ba00162c001400000000000000000019002800040007000a001e0001001e0001001e0001000100000000000000280037b494
  976.357 0217a7f8000fa80c00070e004000000008003c0005ffff0000d6ae
  976.403 02171e0018fc18fc180032002cfc18fc18fc18fc18fc18001500c0001efc18fc18a4ce
  976.450 c803232800025e1e
  976.620 0f1004ba00162c001400000000000000000019002800040007000a001e0001001e0001001e0001000100000000000000280037b494
  976.729 0f10085f00050a0000000000000000000032c2
  977.395 0217a7f8000fa80c00070e004000000008003c0005ffff0000d6ae
  977.457 02171e0018fc18fc180032002cfc18fc18fc18fc18fc18001500c0001efc18fc18a4ce
  977.504 c803232800025e1e
  977.660 1e10000000091200010000000000000001000000000000000086dd
  977.660 1e10000000090260
  977.723 1e1000140003060000000000008c5f
  977.723 1e1000140003c263
  977.770 1e04001600081267
  977.802 1e041000000000000000000000000009060709e751
  977.833 1e040000001673ab
  977.910 1e042c00000000000000000000000000000000000000000032000000000000000000000000000000000000001000212f4f
  977.988 1e04001e00061261
  978.019 1e040c000000000000000000000000cabf
  978.113 0f1004ba00162c001400000000000000000019002800040007000a001e0001001e0001001e0001000100000000000000280037b494
  978.437 0217a7f8000fa80c00070e004000000008003c0005ffff0000d6ae
  978.499 02171e0018fc18fc180032002cfc18fc18fc18fc18fc18001500c0001efc18fc18a4ce
  978.531 c803232800025e1e
  978.655 0a17b3b00003b3c40003060015001400002990
  978.797 0f1004a6000d1a00000000000000000000000000000000000000004a2000000000ca30
  978.922 0f10085f00050a0000000000000000000032c2
  979.528 0217a7f8000fa80c00070e004000000008003c0005ffff0000d6ae
  979.590 02171e0018fc18fc180032002cfc18fc18fc18fc18fc18001500c0001efc18fc18a4ce
  979.622 c803232800025e1e
  979.778 1e10000000091200010000000000000001000000000000000086dd
  979.778 1e10000000090260
  979.856 1e1000140003060000000000008c5f
  979.856 1e1000140003c263
  979.887 1e04001600081267
  979.918 1e041000000000000000000000000009060709e751
  979.965 1e040000001673ab
  980.027 1e042c00000000000000000000000000000000000000000032000000000000000000000000000000000000001000212f4f
  980.137 1e04001e00061261
  980.137 1e040c000000000000000000000000cabf
  980.199 0617afc8000cafdc00050a000000000000000000159a75
  980.369 0f1707300008071c0008104f6ed34a2e5ea06f325f2bcb3139ef86c06a
  980.650 0217a7f8000fa80c00070e004000000008003c0005ffff0000d6ae
  980.713 02171e0018fc18fc180032002cfc18fc18fc18fc18fc18001500c0001efc18fc18a4ce
  980.759 c803232800025e1e
  980.899 0f1004a6000d1a00000000000000000000000000000000000000004a2000000000ca30
  981.022 0f10085f00050a0000000000000000000032c2
  981.613 0217a7f8000fa80c00070e004000000008003c0005ffff0000d6ae
  981.674 02171e0018fc18fc180032002cfc18fc18fc18fc18fc18001500c0001efc18fc18a4ce
  981.706 c803232800025e1e
  981.862 1e10000000091200010000000000000001000000000000000086dd
  981.862 1e10000000090260
  981.924 1e1000140003060000000000008c5f
  981.924 1e1000140003c263
  981.970 1e04001600081267
  982.000 1e041000000000000000000000000009060709e751
  982.046 1e040000001673ab
  982.109 1e042c00000000000000000000000000000000000000000032000000000000000000000000000000000000001000212f4f
  982.233 1e04001e00061261
  982.233 1e040c000000000000000000000000cabf
  982.295 0f1004a6000d1a00000000000000000000000000000000000000004a2000000000ca30
  982.669 0217a7f8000fa80c00070e004000000008003c0005ffff0000d6ae
  982.716 02171e0018fc18fc180032002cfc18fc18fc18fc18fc18001500c0001efc18fc18a4ce
  982.761 c803232800025e1e
  982.887 0a17b3b00003b3c40003060015001400002990
  983.027 0f1004a6000d1a00000000000000000000000000000000000000004a2000000000ca30
  983.152 0f10085f00050a0000000000000000000032c2
  983.744 0217a7f8000fa80c00070e004000000008003c0005ffff0000d6ae
  983.806 02171e0018fc18fc180032002cfc18fc18fc18fc18fc18001500c0001efc18fc18a4ce
  983.853 c803232800025e1e
  984.005 1e10000000091200010000000000000001000000000000000086dd
  984.005 1e10000000090260
  984.066 1e1000140003060000000000008c5f
  984.066 1e1000140003c263
  984.113 1e04001600081267
  984.144 1e041000000000000000000000000009060709e751
  984.190 1e040000001673ab
  984.252 1e042c00000000000000000000000000000000000000000032000000000000000000000000000000000000001000212f4f
  984.375 1e04001e00061261
  984.375 1e040c000000000000000000000000cabf
  984.423 0617afc8000cafdc00050a000000000000000000159a75
  984.594 0f1707300008071c000810f8c030e9589a30f2cb84799e772318117af2
  984.889 0217a7f8000fa80c00070e004000000008003c0005ffff0000d6ae
  984.935 02171e0018fc18fc180032002cfc18fc18fc18fc18fc18001500c0001efc18fc18a4ce
  984.982 c803232800025e1e
  985.121 0f1004a6000d1a00000000000000000000000000000000000000004a2000000000ca30
  985.245 0f10085f00050a0000000000000000000032c2
  985.838 0217a7f8000fa80c00070e004000000008003c000affff000082af
  985.899 02171e0018fc18fc180032002cfc18fc18fc18fc18fc18001500c0001efc18fc18a4ce
  985.946 c803232800025e1e
  986.100 1e10000000091200010000000000000001000000000000000086dd
  986.100 1e10000000090260
  986.161 1e1000140003060000000000008c5f
  986.161 1e1000140003c263
  986.207 1e04001600081267
  986.237 1e041000000000000000000000000009060709e751
  986.285 1e040000001673ab
  986.347 1e042c00000000000000000000000000000000000000000032000000000000000000000000000000000000001000212f4f
  986.423 1e04001e00061261
  986.454 1e040c000000000000000000000000cabf
  986.531 0f1004a6000d1a00000000000000000000000000000000000000004a2000000000ca30
  986.884 0217a7f8000fa80c00070e004000000008003c000affff000082af
  986.946 02171e0018fc18fc180032002cfc18fc18fc18fc18fc18001500c0001efc18fc18a4ce
  986.992 c803232800025e1e
  987.115 0a17b3b00003b3c40003060015001400002990
  987.254 0f1004a6000d1a00000000000000000000000000000000000000004a2000000000ca30
  987.379 0f10085f00050a0000000000000000000032c2
  987.984 0217a7f8000fa80c00070e004000000008003c000affff000082af
  988.030 02171e0018fc18fc180032002cfc18fc18fc18fc18fc18001500c0001efc18fc18a4ce
  988.077 c803232800025e1e
  988.232 1e10000000091200010000000000000001000000000000000086dd
  988.232 1e10000000090260
  988.296 1e1000140003060000000000008c5f
  988.296 1e1000140003c263
  988.342 1e04001600081267
  988.372 1e041000000000000000000000000009060709e751
  988.418 1e040000001673ab
  988.481 1e042c00000000000000000000000000000000000000000032000000000000000000000000000000000000001000212f4f
  988.604 1e04001e00061261
  988.604 1e040c000000000000000000000000cabf
  988.650 0617afc8000cafdc00050a000000000000000000159a75
  988.820 0f1707300008071c000810037456d4da8d38a879559e614ab9c5e6325f
  989.114 0217a7f8000fa80c00070e004000000008003c000affff000082af
  989.161 02171e0018fc18fc180032002cfc18fc18fc18fc18fc18001500c0001efc18fc18a4ce
  989.207 c803232800025e1e
  989.347 0f1004a6000d1a00000000000000000000000000000000000000004a2000000000ca30
  989.470 0f10085f00050a0000000000000000000032c2
  990.062 0217a7f8000fa80c00070e004000000008003c000affff000082af
  990.124 02171e0018fc18fc180032002cfc18fc18fc18fc18fc18001500c0001efc18fc18a4ce
  990.171 c803232800025e1e
  990.325 1e10000000091200010000000000000001000000000000000086dd
  990.325 1e10000000090260
  990.387 1e1000140003060000000000008c5f
  990.387 1e1000140003c263
  990.466 1e04001600081267
  990.466 1e041000000000000000000000000009060709e751
  990.497 1e040000001673ab
  990.575 1e042c00000000000000000000000000000000000000000032000000000000000000000000000000000000001000212f4f
  990.653 1e04001e00061261
  990.683 1e040c000000000000000000000000cabf
  990.761 0f1004a6000d1a00000000000000000000000000000000000000004a2000000000ca30
  991.117 0217a7f8000fa80c00070e004000000008003c000affff000082af
  991.163 02171e0018fc18fc180032002cfc18fc18fc18fc18fc18001500c0001efc18fc18a4ce
  991.210 c803232800025e1e
  991.332 0a17b3b00003b3c40003060015001400002990
  991.470 0f1004a6000d1a00000000000000000000000000000000000000004a2000000000ca30
  991.595 0f10085f00050a0000000000000000000032c2
  992.197 0217a7f8000fa80c00070e004000000008003c000affff000082af
  992.260 02171e0018fc18fc180032002cfc18fc18fc18fc18fc18001500c0001efc18fc18a4ce
  992.291 c803232800025e1e
  992.446 1e10000000091200010000000000000001000000000000000086dd
  992.446 1e10000000090260
  992.523 1e1000140003060000000000008c5f
  992.523 1e1000140003c263
  992.554 1e04001600081267
  992.585 1e041000000000000000000000000009060709e751
  992.632 1e040000001673ab
  992.694 1e042c00000000000000000000000000000000000000000032000000000000000000000000000000000000001000212f4f
  992.817 1e04001e00061261
  992.817 1e040c000000000000000000000000cabf
  992.864 0617afc8000cafdc00050a000000000000000000159a75
  993.034 0f1707300008071c000810cfeb08102ee2f6dc89814d6e3599311164da
  993.327 0217a7f8000fa80c00070e004000000008003c000affff000082af
  993.373 02171e0018fc18fc180032002cfc18fc18fc18fc18fc18001500c0001efc18fc18a4ce
  993.420 c803232800025e1e
  993.560 0f1004a6000d1a00000000000000000000000000000000000000004a2000000000ca30
  993.680 0f10085f00050a0000000000000000000032c2
  994.286 0217a7f8000fa80c00070e004000000008003c000affff000082af
  994.348 02171e0018fc18fc180032002cfc18fc18fc18fc18fc18001500c0001efc18fc18a4ce
  994.379 c803232800025e1e
  994.536 1e10000000091200010000000000000001000000000000000086dd
  994.536 1e10000000090260
  994.614 1e1000140003060000000000008c5f
  994.614 1e1000140003c263
  994.645 1e04001600081267
  994.677 1e041000000000000000000000000009060709e751
  994.724 1e040000001673ab
  994.786 1e042c0000000000000000000000000000000000000000003200000000000000000000000000000000000000180021ae8d
  994.878 1e04001e00061261
  994.909 1e040c000000000000000000000000cabf
  994.971 0f1004a6000d1a00000000000000000000000000000000000000004a2000000000ca30
  995.330 0217a7f8000fa80c00070e004000000008003c000affff000082af
  995.392 02171e0018fc18fc180032002cfc18fc18fc18fc18fc18001500c0001efc18fc18a4ce
  995.439 c803232800025e1e
  995.563 0a17b3b00003b3c40003060015001400002990
  995.702 0f1004a6000d1a00000000000000000000000000000000000000004a2000000000ca30
  995.825 0f10085f00050a0000000000000000000032c2
  996.431 0217a7f8000fa80c00070e004000000008003c000affff000082af
  996.478 02171e0018fc18fc180032002cfc18fc18fc18fc18fc18001500c0001efc18fc18a4ce
  996.556 1e10000000091200010000000000000001000000000000000086dd
  996.556 1e10000000090260
  996.633 1e1000140003060000000000008c5f
  996.633 1e1000140003c263
  996.665 1e04001600081267
  996.711 1e04100000000003e80065000000000906070909a4
  996.742 1e040000001673ab
  996.820 1e042c00e900e400b9009c009d00aa00a30000ffff000000320000000000000000000001e0000000000000001800217ee7
  996.898 1e04001e00061261
  996.929 1e040c000000000000000000000000cabf
  996.991 0617afc8000cafdc00050a000000000000000000159a75
  997.145 0f1707300008071c000810921c9a42a40426351509ba80e6c6a8a79474
  997.301 0f1004a6000d1a00000000000000000000000000000000000000004a2000000000ca30
  997.581 0217a7f8000fa80c00070e004000000008003c000affff000082af
  997.644 02171e0018fc18fc180032002cfc18fc18fc18fc18fc18001500c0001efc18fc18a4ce
  997.707 0f1004a6000d1a00000000000000000000000000000000000000004a2000000000ca30
  997.832 0f10085f00050a0000000000000000000032c2
  998.563 0217a7f8000fa80c00070e004000000008003c000affff000082af
  998.610 02171e0018fc18fc180032002cfc18fc18fc18fc18fc18001500c0001efc18fc18a4ce
  998.687 1e10000000091200010000000000000001000000000000000086dd
  998.687 1e10000000090260
  998.764 1e1000140003060000000000008c5f
  998.764 1e1000140003c263
  998.795 1e04001600081267
  998.842 1e04100000000003e80065000000000906070909a4
  998.874 1e040000001673ab
  998.936 1e042c00e900e400b9009c009d00aa00a30000ffff000000320000000000000000000001e0000000000000001800217ee7
  999.031 1e04001e00061261
  999.062 1e040c000000000000000000000000cabf
  999.125 0f1004a6000d1a00000000000000000000000000000000000000004a2000000000ca30
  999.607 0217a7f8000fa80c00070e004000000008003c000affff000082af
  999.654 02171e0018fc18fc180032002cfc18fc18fc18fc18fc18001500c0001efc18fc18a4ce
  999.715 0a17b3b00003b3c40003060015001400002990
  999.855 0f1004a6000d1a00000000000000000000000000000000000000004a2000000000ca30
  999.980 0f10085f00050a0000000000000000000032c2
 1000.651 0217a7f8000fa80c00070e004000000008003c000affff000082af
 1000.714 02171e0018fc18fc180032002cfc18fc18fc18fc18fc18001500c0001efc18fc18a4ce
 1000.791 1e10000000091200010000000000000001000000000000000086dd
 1000.791 1e10000000090260
 1000.899 1e1000140003060000000000008c5f
 1000.899 1e1000140003c263
 1000.899 1e04001600081267
 1000.930 1e04100000000003e80065000000000906070909a4
 1000.977 1e040000001673ab
 1001.040 1e042c00e900e400b9009c009d00aa00a30000ffff000000320000000000000000000001e0000000000000001800217ee7
 1001.164 1e04001e00061261
 1001.164 1e040c000000000000000000000000cabf
 1001.210 0617afc8000cafdc00050a000000000000000000159a75
 1001.384 0f1707300008071c0008107a24a936db1fa20cce3027ff2eba08429614
 1001.522 0f1004a6000d1a00000000000000000000000000000000000000004a2000000000ca30
 1001.816 0217a7f8000fa80c00070e004000000008003c000affff000082af
 1001.862 02171e0018fc18fc180032002cfc18fc18fc18fc18fc18001500c0001efc18fc18a4ce
 1001.940 0f1004a6000d1a00000000000000000000000000000000000000004a2000000000ca30
 1002.065 0f10085f00050a0000000000000000000032c2
 1002.780 0217a7f8000fa80c00070e004000000008003c000affff000082af
 1002.842 02171e0018fc18fc180032002cfc18fc18fc18fc18fc18001500c0001efc18fc18a4ce
 1002.919 1e10000000091200010000000000000001000000000000000086dd
 1002.919 1e10000000090260
 1002.996 1e1000140003060000000000008c5f
 1002.996 1e1000140003c263
 1003.027 1e04001600081267
 1003.058 1e04100000000003e80065000000000906070909a4
 1003.105 1e040000001673ab
 1003.167 1e042c00e900e400b9009c009d00aa00a30000ffff000000320000000000000000000001e0000000000000001800217ee7
 1003.260 1e04001e00061261
 1003.292 1e040c000000000000000000000000cabf
 1003.355 0f1004a6000d1a00000000000000000000000000000000000000004a2000000000ca30
 1003.837 0217a7f8000fa80c00070e004000000008003c000affff000082af
 1003.883 02171e0018fc18fc180032002cfc18fc18fc18fc18fc18001500c0001efc18fc18a4ce
 1003.945 0a17b3b00003b3c40003060015001400002990
 1004.085 0f1004a6000d1a00000000000000000000000000000000000000004a2000000000ca30
 1004.208 0f10085f00050a0000000000000000000032c2
 1004.875 0217a7f8000fa80c00070e004000000008003c000affff000082af
 1004.937 02171e0018fc18fc180032002cfc18fc18fc18fc18fc18001500c0001efc18fc18a4ce
 1005.014 1e10000000091200010000000000000001000000000000000086dd
 1005.014 1e10000000090260
 1005.092 1e1000140003060000000000008c5f
 1005.092 1e1000140003c263
 1005.123 1e04001600081267
 1005.154 1e04100000000003e80065000000000906070909a4
 1005.200 1e040000001673ab
 1005.262 1e042c00e900e400b9009c009d00aa00a30000ffff000000320000000000000000000001e0000000000000001800217ee7
 1005.385 1e04001e00061261
 1005.385 1e040c000000000000000000000000cabf
 1005.433 0617afc8000cafdc00050a000000000000000000159a75
 1005.605 0f1707300008071c000810b3613942c672b548740e803c525f7de2d989
 1005.744 0f1004a6000d1a00000000000000000000000000000000000000004a2000000000ca30
 1006.041 0217a7f8000fa80c00070e004000000008003c000affff000082af
 1006.089 02171e0018fc18fc180032002cfc18fc18fc18fc18fc18001500c0001efc18fc18a4ce
 1006.168 0f1004a6000d1a00000000000000000000000000000000000000004a2000000000ca30
 1006.278 0f10085f00050a0000000000000000000032c2
 1007.003 0217a7f8000fa80c00070e004000000008003c000affff000082af
 1007.064 02171e0018fc18fc180032002cfc18fc18fc18fc18fc18001500c0001efc18fc18a4ce
 1007.144 1e10000000091200010000000000000001000000000000000086dd
 1007.144 1e10000000090260
 1007.207 1e1000140003060000000000008c5f
 1007.207 1e1000140003c263
 1007.254 1e04001600081267
 1007.285 1e04100000000003e80065000000000906070909a4
 1007.332 1e040000001673ab
 1007.394 1e042c00eb00e400b900a0009d00aa00a30000ffff000000320000000000000000000001e0000000000000001800210766
 1007.520 1e04001e00061261
 1007.520 1e040c000000000000000000000000cabf
 1007.583 0f1004a6000d1a00000000000000000000000000000000000000004a2000000000ca30
 1008.051 0217a7f8000fa80c00070e004000000008003c000affff000082af
 1008.099 02171e0018fc18fc180032002cfc18fc18fc18fc18fc18001500c0001efc18fc18a4ce
 1008.161 0a17b3b00003b3c40003060015001400002990
 1008.303 0f1004a6000d1a00000000000000000000000000000000000000004a2000000000ca30
 1008.428 0f10085f00050a0000000000000000000032c2
 1009.100 0217a7f8000fa80c00070e004000000008003c000affff000082af
 1009.163 02171e0018fc18fc180032002cfc18fc18fc18fc18fc18001500c0001efc18fc18a4ce
 1009.242 1e10000000091200010000000000000001000000000000000086dd
 1009.242 1e10000000090260
 1009.305 1e1000140003060000000000008c5f
 1009.305 1e1000140003c263
 1009.383 1e04001600081267
 1009.383 1e04100000000003e80065000000000906070909a4
 1009.414 1e040000001673ab
 1009.493 1e042c00eb00e400b900a0009d00aa00a30000ffff000000320000000000000000000001e0000000000000001800210766
 1009.570 1e04001e00061261
 1009.602 1e040c000000000000000000000000cabf
 1009.663 0617afc8000cafdc00050a000000000000000000159a75
 1009.819 0f1707300008071c0008105b93983bc6e48c422af7c72359a130adca9a
 1009.961 0f1004a6000d1a00000000000000000000000000000000000000004a2000000000ca30
 1010.259 0217a7f8000fa80c00070e004000000008003c000affff000082af
 1010.304 02171e0018fc18fc180032002cfc18fc18fc18fc18fc18001500c0001efc18fc18a4ce
 1010.382 0f1004a6000d1a00000000000000000000000000000000000000004a2000000000ca30
 1010.507 0f10085f00050a0000000000000000000032c2
 1011.231 0217a7f8000fa80c00070e004000000008003c000affff000082af
 1011.293 02171e0018fc18fc180032002cfc18fc18fc18fc18fc18001500c0001efc18fc18a4ce
 1011.370 1e10000000091200010000000000000001000000000000000086dd
 1011.370 1e10000000090260
 1011.433 1e1000140003060000000000008c5f
 1011.433 1e1000140003c263
 1011.510 1e04001600081267
 1011.510 1e04100000000003e80065000000000906070909a4
 1011.541 1e040000001673ab
 1011.620 1e042c00eb00e400b900a0009d00aa00a30000ffff000000320000000000000000000001e0000000000000001800210766
 1011.697 1e04001e00061261
 1011.728 1e040c000000000000000000000000cabf
 1011.805 0f1004a6000d1a00000000000000000000000000000000000000004a2000000000ca30
 1012.272 0217a7f8000fa80c00070e004000000008003c000affff000082af
 1012.334 02171e0018fc18fc180032002cfc18fc18fc18fc18fc18001500c0001efc18fc18a4ce
 1012.380 0a17b3b00003b3c40003060015001400002990
 1012.520 0f1004a6000d1a00000000000000000000000000000000000000004a2000000000ca30
 1012.644 0f10085f00050a0000000000000000000032c2
 1013.316 0217a7f8000fa80c00070e004000000008003c000affff000082af
 1013.379 02171e0018fc18fc180032002cfc18fc18fc18fc18fc18001500c0001efc18fc18a4ce
 1013.457 1e10000000091200010000000000000001000000000000000086dd
 1013.457 1e10000000090260
 1013.520 1e1000140003060000000000008c5f
 1013.520 1e1000140003c263
 1013.567 1e04001600081267
 1013.598 1e04100000000003e80065000000000906070909a4
 1013.645 1e040000001673ab
 1013.708 1e042c00eb00e400b900a0009d00aa00a30000ffff000000320000000000000000000001e0000000000000001800210766
 1013.833 1e04001e00061261
 1013.833 1e040c000000000000000000000000cabf
 1013.879 0617afc8000cafdc00050a000000000000000000159a75
 1014.050 0f1707300008071c0008106ff837b82ab9fc5ba3bb7f5dc4290a4be527
 1014.190 0f1004a6000d1a00000000000000000000000000000000000000004a2000000000ca30
 1014.485 0217a7f8000fa80c00070e004000000008003c000affff000082af
 1014.532 02171e0018fc18fc180032002cfc18fc18fc18fc18fc18001500c0001efc18fc18a4ce
 1014.610 0f1004a6000d1a00000000000000000000000000000000000000004a2000000000ca30
 1014.733 0f10085f00050a0000000000000000000032c2
 1015.450 0217a7f8000fa80c00070e004000000008003c000affff000082af
 1015.513 02171e0018fc18fc180032002cfc18fc18fc18fc18fc18001500c0001efc18fc18a4ce
 1015.590 1e10000000091200010000000000000001000000000000000086dd
 1015.590 1e10000000090260
 1015.652 1e1000140003060000000000008c5f
 1015.652 1e1000140003c263
 1015.698 1e04001600081267
 1015.730 1e04100000000003e80065000000000906070909a4
 1015.775 1e040000001673ab
 1015.838 1e042c00eb00e400b900a0009d00aa00a30000ffff000000320000000000000000000001e0000000000000001800210766
 1015.949 1e04001e00061261
 1015.949 1e040c000000000000000000000000cabf
 1016.027 0f1004a6000d1a00000000000000000000000000000000000000004a2000000000ca30
 1016.497 0217a7f8000fa80c00070e004000000008003c000affff000082af
 1016.561 02171e0018fc18fc180032002cfc18fc18fc18fc18fc18001500c0001efc18fc18a4ce
 1016.607 0a17b3b00003b3c40003060015001400002990
 1016.746 0f1004a6000d1a00000000000000000000000000000000000000004a2000000000ca30
 1016.871 0f10085f00050a0000000000000000000032c2
 1017.542 0217a7f8000fa80c00070e004000000008003c000affff000082af
 1017.604 02171e0018fc18fc180032002cfc18fc18fc18fc18fc18001500c0001efc18fc18a4ce
 1017.682 1e10000000091200010000000000000001000000000000000086dd
 1017.682 1e10000000090260
 1017.759 1e1000140003060000000000008c5f
 1017.759 1e1000140003c263
 1017.791 1e04001600081267
 1017.821 1e04100000000003e80065000000000906070909a4
 1017.868 1e040000001673ab
 1017.931 1e042c00ec00e700b9009c009d00aa00a30000ffff000000320000000000000000000001e000000000000000180021bd66
 1018.055 1e04001e00061261
 1018.055 1e040c000000000000000000000000cabf
 1018.103 0617afc8000cafdc00050a000000000000000000159a75
 1018.275 0f1707300008071c00081018ecf595f61ab4af01fd047b1bdd4e88f55d
 1018.416 0f1004a6000d1a00000000000000000000000000000000000000004a2000000000ca30
 1018.712 0217a7f8000fa80c00070e004000000008003c000affff000082af
 1018.758 02171e0018fc18fc180032002cfc18fc18fc18fc18fc18001500c0001efc18fc18a4ce
 1018.836 0f1004a6000d1a00000000000000000000000000000000000000004a2000000000ca30
 1018.961 0f10085f00050a0000000000000000000032c2
 1019.674 0217a7f8000fa80c00070e004000000008003c000affff000082af
 1019.737 02171e0018fc18fc180032002cfc18fc18fc18fc18fc18001500c0001efc18fc18a4ce
 1019.813 1e10000000091200010000000000000001000000000000000086dd
 1019.813 1e10000000090260
 1019.892 1e1000140003060000000000008c5f
 1019.892 1e1000140003c263
 1019.924 1e04001600081267
 1019.954 1e04100000000003e80065000000000906070909a4
 1020.000 1e040000001673ab
 1020.062 1e042c00ec00e700b9009c009d00aa00a30000ffff000000320000000000000000000001e000000000000000180021bd66
 1020.155 1e04001e00061261
 1020.187 1e040c000000000000000000000000cabf
 1020.250 0f1004a6000d1a00000000000000000000000000000000000000004a2000000000ca30
 1020.717 0217a7f8000fa80c00070e004000000008003c000affff000082af
 1020.779 02171e0018fc18fc180032002cfc18fc18fc18fc18fc18001500c0001efc18fc18a4ce
 1020.826 0a17b3b00003b3c40003060015001400002990
 1020.982 0f1004a6000d1a00000000000000000000000000000000000000004a2000000000ca30
 1021.092 0f10085f00050a0000000000000000000032c2
 1021.773 0217a7f8000fa80c00070e004000000008003c000affff000082af
 1021.835 02171e0018fc18fc180032002cfc18fc18fc18fc18fc18001500c0001efc18fc18a4ce
 1021.913 1e10000000091200010000000000000001000000000000000086dd
 1021.913 1e10000000090260
 1021.974 1e1000140003060000000000008c5f
 1021.974 1e1000140003c263
 1022.021 1e04001600081267
 1022.051 1e04100000000003e80065000000000906070909a4
 1022.098 1e040000001673ab
 1022.160 1e042c00ec00e700b9009c009d00aa00a30000ffff000000320000000000000000000001e000000000000000180021bd66
 1022.285 1e04001e00061261
 1022.285 1e040c000000000000000000000000cabf
 1022.332 0617afc8000cafdc00050a000000000000000000159a75
 1022.504 0f1707300008071c000810828c7076822abd611dd5ecf7aaae66a6e4f4
 1022.644 0f1004a6000d1a00000000000000000000000000000000000000004a2000000000ca30
 1022.938 0217a7f8000fa80c00070e004000000008003c000affff000082af
 1022.984 02171e0018fc18fc180032002cfc18fc18fc18fc18fc18001500c0001efc18fc18a4ce
 1023.060 0f1004a6000d1a00000000000000000000000000000000000000004a2000000000ca30
 1023.184 0f10085f00050a0000000000000000000032c2
 1023.901 0217a7f8000fa80c00070e004000000008003c000affff000082af
 1023.964 02171e0018fc18fc180032002cfc18fc18fc18fc18fc18001500c0001efc18fc18a4ce
 1024.042 1e10000000091200010000000000000001000000000000000086dd
 1024.042 1e10000000090260
 1024.119 1e1000140003060000000000008c5f
 1024.119 1e1000140003c263
 1024.150 1e04001600081267
 1024.197 1e04100000000003e80065000000000906070909a4
 1024.228 1e040000001673ab
 1024.305 1e042c00ec00e700b9009c009d00aa00a30000ffff000000320000000000000000000001e000000000000000180021bd66
 1024.380 1e04001e00061261
 1024.411 1e040c000000000000000000000000cabf
 1024.489 0f1004a6000d1a00000000000000000000000000000000000000004a2000000000ca30
 1024.956 0217a7f8000fa80c00070e004000000008003c000affff000082af
 1025.003 02171e0018fc18fc180032002cfc18fc18fc18fc18fc18001500c0001efc18fc18a4ce
 1025.064 0a17b3b00003b3c40003060015001400002990
 1025.202 0f1004a6000d1a00000000000000000000000000000000000000004a2000000000ca30
 1025.327 0f10085f00050a0000000000000000000032c2
 1026.009 0217a7f8000fa80c00070e004000000008003c000affff000082af
 1026.056 02171e0018fc18fc180032002cfc18fc18fc18fc18fc18001500c0001efc18fc18a4ce
 1026.149 1e10000000091200010000000000000001000000000000000086dd
 1026.149 1e10000000090260
 1026.212 1e1000140003060000000000008c5f
 1026.212 1e1000140003c263
 1026.289 1e04001600081267
 1026.289 1e04100000000003e80065000000000906070909a4
 1026.320 1e040000001673ab
 1026.398 1e042c00ec00e700b9009c009d00aa00a30000ffff000000320000000000000000000001e000000000000000180021bd66
 1026.477 1e04001e00061261
 1026.508 1e040c000000000000000000000000cabf
 1026.570 0617afc8000cafdc00050a000000000000000000159a75
 1026.725 0f1707300008071c0008105dbea3b54359d9ef8d0389e33370a42975a7
 1026.867 0f1004a6000d1a00000000000000000000000000000000000000004a2000000000ca30
 1027.161 0217a7f8000fa80c00070e004000000008003c000affff000082af
 1027.223 02171e0018fc18fc180032002cfc18fc18fc18fc18fc18001500c0001efc18fc18a4ce
 1027.284 0f1004a6000d1a00000000000000000000000000000000000000004a2000000000ca30
 1027.410 0f10085f00050a0000000000000000000032c2
 1028.140 0217a7f8000fa80c00070e004000000008003c000affff000082af
 1028.187 02171e0018fc18fc180032002cfc18fc18fc18fc18fc18001500c0001efc18fc18a4ce
 1028.281 1e10000000091200010000000000000001000000000000000086dd
 1028.281 1e10000000090260
 1028.343 1e1000140003060000000000008c5f
 1028.343 1e1000140003c263
 1028.390 1e04001600081267
 1028.421 1e04100967057903e80065077003e90906070922e1
 1028.468 1e040000001673ab
 1028.530 1e042c00eb00e700b900a0009d00aa00a30000ffff000000320000000000000000000001e0000000000000001800210de1
 1028.608 1e04001e00061261
 1028.640 1e040c000000000000000000000000cabf
 1028.718 0f1004a6000d1a00000000000000000000000000000000000000004a2000000000ca30
 1029.186 0217a7f8000fa80c00070e004000000008003c000affff000082af
 1029.233 02171e0018fc18fc180032002cfc18fc18fc18fc18fc18001500c0001efc18fc18a4ce
 1029.295 0a17b3b00003b3c40003060015001400002990
 1029.436 0f1004a6000d1a00000000000000000000000000000000000000004a2000000000ca30
 1029.558 0f10085f00050a0000000000000000000032c2
 1030.240 0217a7f8000fa80c00070e004000000008003c000affff000082af
 1030.285 02171e0018fc18fc180032002cfc18fc18fc18fc18fc18001500c0001efc18fc18a4ce
 1030.379 1e10000000091200010000000000000001000000000000000086dd
 1030.379 1e10000000090260
 1030.441 1e1000140003060000000000008c5f
 1030.441 1e1000140003c263
 1030.472 1e040000001673ab
 1030.534 1e042c00eb00e700b900a0009d00aa00a30000ffff000000320000000000000000000001e0000000000000001800210de1
 1030.627 1e04001e00061261
 1030.658 1e040c000000000000000000000000cabf
 1030.720 0617afc8000cafdc00050a000000000000000000159a75
 1030.874 0f1707300008071c0008100dfd366d1f621d367a80d6524cab41d6a98e
 1031.014 0f1004a6000d1a00000000000000000000000000000000000000004a2000000000ca30
 1031.340 0217a7f8000fa80c00070e0040000000080005000affff00002bac
 1031.388 02171e0018fc18fc180032002cfc18fc18fc18fc18fc18001500c0001efc18fc18a4ce
 1031.465 0f1004a6000d1a00000000000000000000000000000000000000004a2000000000ca30
 1031.589 0f10085f00050a0000000000000000000032c2
 1032.382 0217a7f8000fa80c00070e0040000000280005000affff0000b26d
 1032.428 02171e0018fc18fc180032002cfc18fc18fc18fc18fc18001500c0001efc18fc18a4ce
 1032.521 1e10000000091200010000000000000001000000000000000086dd
 1032.521 1e10000000090260
 1032.583 1e1000140003060000000000008c5f
 1032.583 1e1000140003c263
 1032.629 1e040000001673ab
 1032.692 1e042c00eb00e700b900a0009d00aa00a30000ffff000000320000000000000000000001e0000000000000001800210de1
 1032.817 1e04001e00061261
 1032.817 1e040c000000000000000000000000cabf
 1032.878 0f1004a6000d1a00000000000000000000000000000000000000004a2000000000ca30
 1033.424 0217a7f8000fa80c00070e0040000000280005000affff0000b26d
 1033.486 02171e0018fc18fc180032002cfc18fc18fc18fc18fc18001500c0001efc18fc18a4ce
 1033.533 0a17b3b00003b3c40003060015001400002990
 1033.673 0f1004a6000d1a00000000000000000000000000000000000000004a2000000000ca30
 1033.797 0f10085f00050a0000000000000000000032c2
 1034.474 0217a7f8000fa80c00070e0040000000280005000affff0000b26d
 1034.522 02171e0018fc18fc180032002cfc18fc18fc18fc18fc18001500c0001efc18fc18a4ce
 1034.616 1e10000000091200010000000000000001000000000000000086dd
 1034.616 1e10000000090260
 1034.679 1e1000140003060000000000008c5f
 1034.679 1e1000140003c263
 1034.726 1e040000001673ab
 1034.789 1e042c00eb00e700b900a0009d00aa00a30000ffff000000320000000000000000000001e0000000000000001000218c23
 1034.867 1e04001e00061261
 1034.898 1e040c000000000000000000000000cabf
 1034.959 0617afc8000cafdc00050a0010000000000000001557b5
 1035.130 0f1707300008071c00081089ad5bbdb8893b9186da1b04eee183788df5
 1035.271 0f1004a6000d1a00000000000000000000000000000000000000004a2000000000ca30
 1035.565 0217a7f8000fa80c00070e0040000000280005000affff0000b26d
 1035.611 02171e0018fc18fc180032002cfc18fc18fc18fc18fc18001500c0001efc18fc18a4ce
 1035.689 0f1004a6000d1a00000000000000000000000000000000000000004a2000000000ca30
 1035.815 0f10085f00050a0000000000000000000032c2
 1036.563 0217a7f8000fa80c00070e0040000000280005000affff0000b26d
 1036.610 02171e0018fc18fc180032002cfc18fc18fc18fc18fc18001500c0001efc18fc18a4ce
 1036.704 1e10000000091200010000000000000001000000000000000086dd
 1036.704 1e10000000090260
 1036.766 1e1000140003060000000000008c5f
 1036.766 1e1000140003c263
 1036.813 1e040000001673ab
 1036.874 1e042c00eb00e700b900a0009d00aa00a30000ffff000000320000000000000000000001e0000000000000001000218c23
 1036.998 1e04001e00061261
 1036.998 1e040c000000000000000000000000cabf
 1037.059 0f1004a6000d1a00000000000000000000000000000000000000004a2000000000ca30
 1037.590 0217a7f8000fa80c00070e0040000000280005000affff0000b26d
 1037.638 02171e0018fc18fc180032002cfc18fc18fc18fc18fc18001500c0001efc18fc18a4ce
 1037.701 0a17b3b00003b3c40003060015001400002990
 1037.838 0f1004a6000d1a00000000000000000000000000000000000000004a2000000000ca30
 1037.962 0f10085f00050a0000000000000000000032c2
 1038.632 0217a7f8000fa80c00070e0040000000280005000affff0000b26d
 1038.694 02171e0018fc18fc180032002cfc18fc18fc18fc18fc18001500c0001efc18fc18a4ce
 1038.772 1e10000000091200010000000000000001000000000000000086dd
 1038.772 1e10000000090260
 1038.834 1e1000140003060000000000008c5f
 1038.834 1e1000140003c263
 1038.879 1e040000001673ab
 1038.941 1e042c00eb00e700b900a0009d00aa00a30000ffff000000320000000000000000000001e0000000000000001000218c23
 1039.034 1e04001e00061261
 1039.066 1e040c000000000000000000000000cabf
 1039.112 0617afc8000cafdc00050a0010000000000000001557b5
 1039.284 0f1707300008071c00081068a7120cb77940abd85fcd0158b8d08c7109
 1039.424 0f1004a6000d1a00000000000000000000000000000000000000004a2000000000ca30
 1039.720 0217a7f8000fa80c00070e0040000000280005000affff0000b26d
 1039.782 02171e0018fc18fc180032002cfc18fc18fc18fc18fc18001500c0001efc18fc18a4ce
 1039.843 0f1004a6000d1a00000000000000000000000000000000000000004a2000000000ca30
 1039.968 0f10085f00050a0000000000000000000032c2
 1040.763 0217a7f8000fa80c00070e0040000000280005000affff0000b26d
 1040.810 02171e0018fc18fc180032002cfc18fc18fc18fc18fc18001500c0001efc18fc18a4ce
 1040.902 1e10000000091200010000000000000001000000000000000086dd
 1040.902 1e10000000090260
 1040.965 1e1000140003060000000000008c5f
 1040.965 1e1000140003c263
 1041.010 1e040000001673ab
 1041.073 1e042c00eb00e600ba009c009d00aa00a30000ffff000000320000000000000000000001e0000000000000001000216d28
 1041.198 1e04001e00061261
 1041.198 1e040c000000000000000000000000cabf
 1041.259 0f1004a6000d1a00000000000000000000000000000000000000004a2000000000ca30
 1041.848 0217a7f8000fa80c00070e004000000028000a000affff00004d6d
 1041.895 02171e0018fc18fc180032002cfc18fc18fc18fc18fc18001500c0001efc18fc18a4ce
 1041.957 0a17b3b00003b3c40003060015001400002990
 1042.097 0f1004a6000d1a00000000000000000000000000000000000000004a2000000000ca30
 1042.220 0f10085f00050a0000000000000000000032c2
 1042.920 0217a7f8000fa80c00070e004000000028000a000affff00004d6d
 1042.966 02171e0018fc18fc180032002cfc18fc18fc18fc18fc18001500c0001efc18fc18a4ce
 1043.058 1e10000000091200010000000000000001000000000000000086dd
 1043.058 1e10000000090260
 1043.121 1e1000140003060000000000008c5f
 1043.121 1e1000140003c263
 1043.167 1e040000001673ab
 1043.230 1e042c00eb00e600ba009c009d00aa00a30000ffff000000320000000000000000000001e0000000000000001000216d28
 1043.307 1e04001e00061261
 1043.339 1e040c000000000000000000000000cabf
 1043.401 0617afc8000cafdc00050a0010000000000000001557b5
 1043.571 0f1707300008071c000810e831ea4c8210ffc0d9f7b9d2108745619e2a
 1043.711 0f1004a6000d1a00000000000000000000000000000000000000004a2000000000ca30
 1043.992 0217a7f8000fa80c00070e004000000028000a000affff00004d6d
 1044.053 02171e0018fc18fc180032002cfc18fc18fc18fc18fc18001500c0001efc18fc18a4ce
 1044.130 0f1004a6000d1a00000000000000000000000000000000000000004a2000000000ca30
 1044.254 0f10085f00050a0000000000000000000032c2
 1045.043 0217a7f8000fa80c00070e004000000028000a000affff00004d6d
 1045.090 02171e0018fc18fc180032002cfc18fc18fc18fc18fc18001500c0001efc18fc18a4ce
 1045.183 1e10000000091200010000000000000001000000000000000086dd
 1045.183 1e10000000090260
 1045.244 1e1000140003060000000000008c5f
 1045.244 1e1000140003c263
 1045.275 1e040000001673ab
 1045.353 1e042c00eb00e600ba009c009d00aa00a30000ffff000000320000000000000000000001e0000000000000001000216d28
 1045.431 1e04001e00061261
 1045.462 1e040c000000000000000000000000cabf
 1045.542 0f1004a6000d1a00000000000000000000000000000000000000004a2000000000ca30
 1046.115 0217a7f8000fa80c00070e004000000028000a000affff00004d6d
 1046.162 02171e0018fc18fc180032002cfc18fc18fc18fc18fc18001500c0001efc18fc18a4ce
 1046.224 0a17b3b00003b3c40003060015001400002990
 1046.363 0f1004a6000d1a00000000000000000000000000000000000000004a2000000000ca30
 1046.488 0f10085f00050a0000000000000000000032c2
 1047.157 0217a7f8000fa80c00070e004000000028000a000affff00004d6d
 1047.218 02171e0018fc18fc180032002cfc18fc18fc18fc18fc18001500c0001efc18fc18a4ce
 1047.296 1e10000000091200010000000000000001000000000000000086dd
 1047.296 1e10000000090260
 1047.375 1e1000140003060000000000008c5f
 1047.375 1e1000140003c263
 1047.407 1e040000001673ab
 1047.468 1e042c00eb00e600ba009c009d00aa00a30000ffff000000320000000000000000000001e0000000000000001000216d28
 1047.562 1e04001e00061261
 1047.592 1e040c000000000000000000000000cabf
 1047.654 0617afc8000cafdc00050a0010000000000000001557b5
 1047.809 0f1707300008071c00081013d391726d04f70925c92a6ad84b29910101
 1047.949 0f1004a6000d1a00000000000000000000000000000000000000004a2000000000ca30
 1048.243 0217a7f8000fa80c00070e004000000028000a000affff00004d6d
 1048.290 02171e0018fc18fc180032002cfc18fc18fc18fc18fc18001500c0001efc18fc18a4ce
 1048.366 0f1004a6000d1a00000000000000000000000000000000000000004a2000000000ca30
 1048.490 0f10085f00050a0000000000000000000032c2
 1049.282 0217a7f8000fa80c00070e004000000028000a000affff00004d6d
 1049.344 02171e0018fc18fc180032002cfc18fc18fc18fc18fc18001500c0001efc18fc18a4ce
 1049.421 1e10000000091200010000000000000001000000000000000086dd
 1049.421 1e10000000090260
 1049.499 1e1000140003060000000000008c5f
 1049.499 1e1000140003c263
 1049.531 1e040000001673ab
 1049.608 1e042c00eb00e600ba009c009d00aa00a30000ffff000000320000000000000000000001e0000000000000001000216d28
 1049.685 1e04001e00061261
 1049.716 1e040c000000000000000000000000cabf
 1049.795 0f1004a6000d1a00000000000000000000000000000000000000004a2000000000ca30
 1050.371 0217a7f8000fa80c00070e004000000028000a000affff00004d6d
 1050.417 02171e0018fc18fc180032002cfc18fc18fc18fc18fc18001500c0001efc18fc18a4ce
 1050.480 0a17b3b00003b3c40003060015001400002990
 1050.621 0f1004a6000d1a00000000000000000000000000000000000000004a2000000000ca30
 1050.745 0f10085f00050a0000000000000000000032c2
 1051.415 0217a7f8000fa80c00070e004000000028000a000affff00004d6d
 1051.477 02171e0018fc18fc180032002cfc18fc18fc18fc18fc18001500c0001efc18fc18a4ce
 1051.555 1e10000000091200010000000000000001000000000000000086dd
 1051.555 1e10000000090260
 1051.618 1e1000140003060000000000008c5f
 1051.618 1e1000140003c263
 1051.664 1e040000001673ab
 1051.726 1e042c00ea00e600b900a0009d00ab00a30000ffff000000320000000000000000000001e000000000000000100021241f
 1051.804 1e04001e00061261
 1051.836 1e040c000000000000000000000000cabf
 1051.899 0617afc8000cafdc00050a0010000000000000001557b5
 1052.057 0f1707300008071c0008104aaf72c258b04c3839bc334b87a6296b6277
 1052.197 0f1004a6000d1a00000000000000000000000000000000000000004a2000000000ca30
 1052.492 0217a7f8000fa80c00070e004000000028000a000affff00004d6d
 1052.538 02171e0018fc18fc180032002cfc18fc18fc18fc18fc18001500c0001efc18fc18a4ce
 1052.616 0f1004a6000d1a00000000000000000000000000000000000000004a2000000000ca30
 1052.741 0f10085f00050a0000000000000000000032c2
 1053.536 0217a7f8000fa80c00070e004000000028000a000affff00004d6d
 1053.598 02171e0018fc18fc180032002cfc18fc18fc18fc18fc18001500c0001efc18fc18a4ce
 1053.676 1e10000000091200010000000000000001000000000000000086dd
 1053.676 1e10000000090260
 1053.739 1e1000140003060000000000008c5f
 1053.739 1e1000140003c263
 1053.785 1e040000001673ab
 1053.847 1e042c00ea00e600b900a0009d00ab00a30000ffff000000320000000000000000000001e000000000000000100021241f
 1053.971 1e04001e00061261
 1053.971 1e040c000000000000000000000000cabf
 1054.033 0f1004a6000d1a00000000000000000000000000000000000000004a2000000000ca30
 1054.624 0217a7f8000fa80c00070e004000000028000a000affff00004d6d
 1054.670 02171e0018fc18fc180032002cfc18fc18fc18fc18fc18001500c0001efc18fc18a4ce
 1054.731 0a17b3b00003b3c40003060015001400002990
 1054.869 0f1004a6000d1a00000000000000000000000000000000000000004a2000000000ca30
 1054.992 0f10085f00050a0000000000000000000032c2
 1055.658 0217a7f8000fa80c00070e004000000028000a000affff00004d6d
 1055.720 02171e0018fc18fc180032002cfc18fc18fc18fc18fc18001500c0001efc18fc18a4ce
 1055.797 1e10000000091200010000000000000001000000000000000086dd
 1055.797 1e10000000090260
 1055.874 1e1000140003060000000000008c5f
 1055.874 1e1000140003c263
 1055.906 1e040000001673ab
 1055.983 1e042c00ea00e600b900a0009d00ab00a30000ffff000000320000000000000000000001e000000000000000100021241f
 1056.061 1e04001e00061261
 1056.093 1e040c000000000000000000000000cabf
 1056.155 0617afc8000cafdc00050a0010000000000000001557b5
 1056.308 0f1707300008071c00081078e8f8caec9e0405ff414952e4200d1f9523
 1056.462 0f1004a6000d1a00000000000000000000000000000000000000004a2000000000ca30
 1056.745 0217a7f8000fa80c00070e004000000028000a000affff00004d6d
 1056.793 02171e0018fc18fc180032002cfc18fc18fc18fc18fc18001500c0001efc18fc18a4ce
 1056.870 0f1004a6000d1a00000000000000000000000000000000000000004a2000000000ca30
 1056.994 0f10085f00050a0000000000000000000032c2
 1057.783 0217a7f8000fa80c00070e004000000028000a000affff00004d6d
 1057.845 02171e0018fc18fc180032002cfc18fc18fc18fc18fc18001500c0001efc18fc18a4ce
 1057.922 1e10000000091200010000000000000001000000000000000086dd
 1057.922 1e10000000090260
 1057.998 1e1000140003060000000000008c5f
 1057.998 1e1000140003c263
 1058.030 1e040000001673ab
 1058.092 1e042c00ea00e600b900a0009d00ab00a30000ffff000000320000000000000000000001e000000000000000100021241f
 1058.183 1e04001e00061261
 1058.214 1e040c000000000000000000000000cabf
 1058.277 0f1004a6000d1a00000000000000000000000000000000000000004a2000000000ca30
 1058.868 0217a7f8000fa80c00070e004000000028000a000affff00004d6d
 1058.915 02171e0018fc18fc180032002cfc18fc18fc18fc18fc18001500c0001efc18fc18a4ce
 1058.962 0a17b3b00003b3c40003060015001400002990
 1059.118 0f1004a6000d1a00000000000000000000000000000000000000004a2000000000ca30
 1059.240 0f10085f00050a0000000000000000000032c2
 1059.937 0217a7f8000fa80c00070e004000000028000a000affff00004d6d
 1059.984 02171e0018fc18fc180032002cfc18fc18fc18fc18fc18001500c0001efc18fc18a4ce
 1060.078 1e10000000091200010000000000000001000000000000000086dd
 1060.078 1e10000000090260
 1060.141 1e1000140003060000000000008c5f
 1060.141 1e1000140003c263
 1060.187 1e040000001673ab
 1060.250 1e042c00ea00e600b900a0009d00ab00a30000ffff000000320000000000000000000001e000000000000000100021241f
 1060.360 1e04001e00061261
 1060.360 1e040c000000000000000000000000cabf
 1060.422 0617afc8000cafdc00050a0010000000000000001557b5
 1060.593 0f1707300008071c00081068861990c24129bac7defc714f12796c0e77
 1060.732 0f1004a6000d1a00000000000000000000000000000000000000004a2000000000ca30
 1061.010 0217a7f8000fa80c00070e004000000028000a000affff00004d6d
 1061.071 02171e0018fc18fc180032002cfc18fc18fc18fc18fc18001500c0001efc18fc18a4ce
 1061.148 0f1004a6000d1a00000000000000000000000000000000000000004a2000000000ca30
 1061.273 0f10085f00050a0000000000000000000032c2
 1062.065 0217a7f8000fa80c00070e004000000028000a000affff00004d6d
 1062.111 02171e0018fc18fc180032002cfc18fc18fc18fc18fc18001500c0001efc18fc18a4ce
 1062.204 1e10000000091200010000000000000001000000000000000086dd
 1062.204 1e10000000090260
 1062.267 1e1000140003060000000000008c5f
 1062.267 1e1000140003c263
 1062.297 1e040000001673ab
 1062.376 1e042c00ea00e600b9009c009d00ab00a30000ffff000000320000000000000000000001e000000000000000100021d91d
 1062.454 1e04001e00061261
 1062.485 1e040c000000000000000000000000cabf
 1062.562 0f1004a6000d1a00000000000000000000000000000000000000004a2000000000ca30
 1063.136 0217a7f8000fa80c00070e004000000028000a000affff00004d6d
 1063.183 02171e0018fc18fc180032002cfc18fc18fc18fc18fc18001500c0001efc18fc18a4ce
 1063.245 0a17b3b00003b3c40003060015001400002990
 1063.386 0f1004a6000d1a00000000000000000000000000000000000000004a2000000000ca30
 1063.509 0f10085f00050a0000000000000000000032c2
 1064.179 0217a7f8000fa80c00070e004000000028000a000affff00004d6d
 1064.240 02171e0018fc18fc180032002cfc18fc18fc18fc18fc18001500c0001efc18fc18a4ce
 1064.317 1e10000000091200010000000000000001000000000000000086dd
 1064.317 1e10000000090260
 1064.394 1e1000140003060000000000008c5f
 1064.394 1e1000140003c263
 1064.424 1e040000001673ab
 1064.502 1e042c00ea00e600b9009c009d00ab00a30000ffff000000320000000000000000000001e000000000000000100021d91d
 1064.581 1e04001e00061261
 1064.611 1e040c000000000000000000000000cabf
 1064.673 0617afc8000cafdc00050a0010000000000000001557b5
 1064.827 0f1707300008071c000810dc5394e479535da4a81174366d20b12304c5
 1064.981 0f1004a6000d1a00000000000000000000000000000000000000004a2000000000ca30
 1065.261 0217a7f8000fa80c00070e004000000028000a000affff00004d6d
 1065.323 02171e0018fc18fc180032002cfc18fc18fc18fc18fc18001500c0001efc18fc18a4ce
 1065.384 0f1004a6000d1a00000000000000000000000000000000000000004a2000000000ca30
 1065.509 0f10085f00050a0000000000000000000032c2
 1066.302 0217a7f8000fa80c00070e004000000028000a000affff00004d6d
 1066.365 02171e0018fc18fc180032002cfc18fc18fc18fc18fc18001500c0001efc18fc18a4ce
 1066.442 1e10000000091200010000000000000001000000000000000086dd
 1066.442 1e10000000090260
 1066.520 1e1000140003060000000000008c5f
 1066.520 1e1000140003c263
 1066.550 1e040000001673ab
 1066.627 1e042c00ea00e600b9009c009d00ab00a30000ffff000000320000000000000000000001e000000000000000100021d91d
 1066.704 1e04001e00061261
 1066.735 1e040c000000000000000000000000cabf
 1066.813 0f1004a6000d1a00000000000000000000000000000000000000004a2000000000ca30
 1067.385 0217a7f8000fa80c00070e004000000028000a000affff00004d6d
 1067.447 02171e0018fc18fc180032002cfc18fc18fc18fc18fc18001500c0001efc18fc18a4ce
 1067.494 0a17b3b00003b3c40003060015001400002990
 1067.635 0f1004a6000d1a00000000000000000000000000000000000000004a2000000000ca30
 1067.757 0f10085f00050a0000000000000000000032c2
 1068.461 0217a7f8000fa80c00070e004000000028000a000affff00004d6d
 1068.508 02171e0018fc18fc180032002cfc18fc18fc18fc18fc18001500c0001efc18fc18a4ce
 1068.602 1e10000000091200010000000000000001000000000000000086dd
 1068.602 1e10000000090260
 1068.664 1e1000140003060000000000008c5f
 1068.664 1e1000140003c263
 1068.695 1e040000001673ab
 1068.773 1e042c00ea00e600b9009c009d00ab00a30000ffff000000320000000000000000000001e000000000000000100021d91d
 1068.852 1e04001e00061261
 1068.884 1e040c000000000000000000000000cabf
 1068.946 0617afc8000cafdc00050a0010000000000000001557b5
 1069.104 0f1707300008071c0008108fe762512fe99164732e758beaac580e2a9d
 1069.244 0f1004a6000d1a00000000000000000000000000000000000000004a2000000000ca30
 1069.538 0217a7f8000fa80c00070e004000000028000a000affff00004d6d
 1069.602 02171e0018fc18fc180032002cfc18fc18fc18fc18fc18001500c0001efc18fc18a4ce
 1069.664 0f1004a6000d1a00000000000000000000000000000000000000004a2000000000ca30
 1069.788 0f10085f00050a0000000000000000000032c2
 1070.586 0217a7f8000fa80c00070e004000000028000a000affff00004d6d
 1070.646 02171e0018fc18fc180032002cfc18fc18fc18fc18fc18001500c0001efc18fc18a4ce
 1070.725 1e10000000091200010000000000000001000000000000000086dd
 1070.725 1e10000000090260
 1070.787 1e1000140003060000000000008c5f
 1070.787 1e1000140003c263
 1070.834 1e040000001673ab
 1070.896 1e042c00ea00e600b9009c009d00ab00a30000ffff000000320000000000000000000001e000000000000000100021d91d
 1071.020 1e04001e00061261
 1071.020 1e040c000000000000000000000000cabf
 1071.082 0f1004a6000d1a00000000000000000000000000000000000000004a2000000000ca30
 1071.670 0217a7f8000fa80c00070e004000000028000a000affff00004d6d
 1071.716 02171e0018fc18fc180032002cfc18fc18fc18fc18fc18001500c0001efc18fc18a4ce
 1071.779 0a17b3b00003b3c40003060015001400002990
 1071.918 0f1004a6000d1a00000000000000000000000000000000000000004a2000000000ca30
 1072.042 0f10085f00050a0000000000000000000032c2
 1072.708 0217a7f8000fa80c00070e004000000028000a000affff00004d6d
 1072.769 02171e0018fc18fc180032002cfc18fc18fc18fc18fc18001500c0001efc18fc18a4ce
 1072.846 1e10000000091200010000000000000001000000000000000086dd
 1072.846 1e10000000090260
 1072.908 1e1000140003060000000000008c5f
 1072.908 1e1000140003c263
 1072.954 1e040000001673ab
 1073.017 1e042c00ea00e600b9009c009d00ab00a30000ffff000000320000000000000000000001e000000000000000100021d91d
 1073.112 1e04001e00061261
 1073.142 1e040c000000000000000000000000cabf
 1073.189 0617afc8000cafdc00050a0010000000000000001557b5
 1073.362 0f1707300008071c0008105a91082fdfde5ffd6c7dc4a2a0fcf879cf0b
 1073.501 0f1004a6000d1a00000000000000000000000000000000000000004a2000000000ca30
 1073.796 0217a7f8000fa80c00070e004000000028000a000affff00004d6d
 1073.858 02171e0018fc18fc180032002cfc18fc18fc18fc18fc18001500c0001efc18fc18a4ce
 1073.920 0f1004a6000d1a00000000000000000000000000000000000000004a2000000000ca30
 1074.044 0f10085f00050a0000000000000000000032c2
 1074.834 0217a7f8000fa80c00070e004000000028000a000affff00004d6d
 1074.895 02171e0018fc18fc180032002cfc18fc18fc18fc18fc18001500c0001efc18fc18a4ce
 1074.972 1e10000000091200010000000000000001000000000000000086dd
 1074.972 1e10000000090260
 1075.051 1e1000140003060000000000008c5f
 1075.051 1e1000140003c263
 1075.082 1e040000001673ab
 1075.144 1e042c00ea00e600b9009c009d00ab00a30000ffff000000320000000000000000000001e000000000000000100021d91d
 1075.238 1e04001e00061261
 1075.269 1e040c000000000000000000000000cabf
 1075.331 0f1004a6000d1a00000000000000000000000000000000000000004a2000000000ca30
 1075.924 0217a7f8000fa80c00070e004000000028000a000affff00004d6d
 1075.969 02171e0018fc18fc180032002cfc18fc18fc18fc18fc18001500c0001efc18fc18a4ce
 1076.017 0a17b3b00003b3c40003060015001400002990
 1076.170 0f1004a6000d1a00000000000000000000000000000000000000004a2000000000ca30
 1076.295 0f10085f00050a0000000000000000000032c2
 1076.993 0217a7f8000fa80c00070e004000000028000a000affff00004d6d
 1077.040 02171e0018fc18fc180032002cfc18fc18fc18fc18fc18001500c0001efc18fc18a4ce
 1077.118 1e10000000091200010000000000000001000000000000000086dd
 1077.118 1e10000000090260
 1077.197 1e1000140003060000000000008c5f
 1077.197 1e1000140003c263
 1077.229 1e040000001673ab
 1077.290 1e042c00ea00e600b9009c009d00ab00a30000ffff000000320000000000000000000001e000000000000000100021d91d
 1077.383 1e04001e00061261
 1077.414 1e040c000000000000000000000000cabf
 1077.476 0617afc8000cafdc00050a0010000000000000001557b5
 1077.630 0f1707300008071c000810163fe74d82e78f010c41614241bfa1270b25
 1077.772 0f1004a6000d1a00000000000000000000000000000000000000004a2000000000ca30
 1078.068 0217a7f8000fa80c00070e004000000028000a000affff00004d6d
 1078.116 02171e0018fc18fc180032002cfc18fc18fc18fc18fc18001500c0001efc18fc18a4ce
 1078.194 0f1004a6000d1a00000000000000000000000000000000000000004a2000000000ca30
 1078.319 0f10085f00050a0000000000000000000032c2
 1079.111 0217a7f8000fa80c00070e004000000028000a000affff00004d6d
 1079.157 02171e0018fc18fc180032002cfc18fc18fc18fc18fc18001500c0001efc18fc18a4ce
 1079.250 1e10000000091200010000000000000001000000000000000086dd
 1079.250 1e10000000090260
 1079.313 1e1000140003060000000000008c5f
 1079.313 1e1000140003c263
 1079.360 1e040000001673ab
 1079.421 1e042c00ea00e600b9009c009d00ab00a30000ffff000000320000000000000000000001e000000000000000100021d91d
 1079.544 1e04001e00061261
 1079.544 1e040c000000000000000000000000cabf
 1079.606 0f1004a6000d1a00000000000000000000000000000000000000004a2000000000ca30
 1080.182 0217a7f8000fa80c00070e004000000028000a000affff00004d6d
 1080.244 02171e0018fc18fc180032002cfc18fc18fc18fc18fc18001500c0001efc18fc18a4ce
 1080.306 0a17b3b00003b3c40003060015001400002990
 1080.445 0f1004a6000d1a00000000000000000000000000000000000000004a2000000000ca30
 1080.570 0f10085f00050a0000000000000000000032c2
 1081.240 0217a7f8000fa80c00070e004000000028000a000affff00004d6d
 1081.286 02171e0018fc18fc180032002cfc18fc18fc18fc18fc18001500c0001efc18fc18a4ce
 1081.363 1e10000000091200010000000000000001000000000000000086dd
 1081.363 1e10000000090260
 1081.439 1e1000140003060000000000008c5f
 1081.439 1e1000140003c263
 1081.470 1e040000001673ab
 1081.547 1e042c00ea00e600b9009c009d00ab00a30000ffff000000320000000000000000000001e000000000000000100021d91d
 1081.624 1e04001e00061261
 1081.655 1e040c000000000000000000000000cabf
 1081.716 0617afc8000cafdc00050a0010000000000000001557b5
 1081.888 0f1707300008071c00081027ec4b96475ea224e8522c23673d26155372
 1082.028 0f1004a6000d1a00000000000000000000000000000000000000004a2000000000ca30
 1082.324 0217a7f8000fa80c00070e004000000028000a000affff00004d6d
 1082.370 02171e0018fc18fc180032002cfc18fc18fc18fc18fc18001500c0001efc18fc18a4ce
 1082.448 0f1004a6000d1a00000000000000000000000000000000000000004a2000000000ca30
 1082.573 0f10085f00050a0000000000000000000032c2
 1083.366 0217a7f8000fa80c00070e004000000028000a000affff00004d6d
 1083.412 02171e0018fc18fc180032002cfc18fc18fc18fc18fc18001500c0001efc18fc18a4ce
 1083.506 1e10000000091200010000000000000001000000000000000086dd
 1083.506 1e10000000090260
 1083.568 1e1000140003060000000000008c5f
 1083.568 1e1000140003c263
 1083.599 1e040000001673ab
 1083.662 1e042c00ea00e600b9009c009e00ab00a60000ffff000000320000000000000000000001e0000000000000001000217e1f
 1083.754 1e04001e00061261
 1083.784 1e040c000000000000000000000000cabf
 1083.862 0f1004a6000d1a00000000000000000000000000000000000000004a2000000000ca30
 1084.435 0217a7f8000fa80c00070e004000000028000a000affff00004d6d
 1084.483 02171e0018fc18fc180032002cfc18fc18fc18fc18fc18001500c0001efc18fc18a4ce
 1084.547 0a17b3b00003b3c40003060015001400002990
 1084.687 0f1004a6000d1a00000000000000000000000000000000000000004a2000000000ca30
 1084.811 0f10085f00050a0000000000000000000032c2
 1085.477 0217a7f8000fa80c00070e004000000028000a000affff00004d6d
 1085.539 02171e0018fc18fc180032002cfc18fc18fc18fc18fc18001500c0001efc18fc18a4ce
 1085.618 1e10000000091200010000000000000001000000000000000086dd
 1085.618 1e10000000090260
 1085.695 1e1000140003060000000000008c5f
 1085.695 1e1000140003c263
 1085.726 1e040000001673ab
 1085.804 1e042c00ea00e600b9009c009e00ab00a60000ffff000000320000000000000000000001e0000000000000001000217e1f
 1085.882 1e04001e00061261
 1085.913 1e040c000000000000000000000000cabf
 1085.976 0617afc8000cafdc00050a0010000000000000001557b5
 1086.129 0f1707300008071c000810eb239ea94b1ae7740900c5e918506168ffcf
 1086.270 0f1004a6000d1a00000000000000000000000000000000000000004a2000000000ca30
 1086.563 0217a7f8000fa80c00070e004000000028000a000affff00004d6d
 1086.625 02171e0018fc18fc180032002cfc18fc18fc18fc18fc18001500c0001efc18fc18a4ce
 1086.703 0f1004a6000d1a00000000000000000000000000000000000000004a2000000000ca30
 1086.812 0f10085f00050a0000000000000000000032c2
 1087.618 0217a7f8000fa80c00070e004000000028000a000affff00004d6d
 1087.664 02171e0018fc18fc180032002cfc18fc18fc18fc18fc18001500c0001efc18fc18a4ce
 1087.757 1e10000000091200010000000000000001000000000000000086dd
 1087.757 1e10000000090260
 1087.820 1e1000140003060000000000008c5f
 1087.820 1e1000140003c263
 1087.850 1e040000001673ab
 1087.927 1e042c00ea00e600b9009c009e00ab00a60000ffff000000320000000000000000000001e0000000000000001000217e1f
 1088.004 1e04001e00061261
 1088.035 1e040c000000000000000000000000cabf
 1088.111 0f1004a6000d1a00000000000000000000000000000000000000004a2000000000ca30
 1088.697 0217a7f8000fa80c00070e004000000028000a000affff00004d6d
 1088.744 02171e0018fc18fc180032002cfc18fc18fc18fc18fc18001500c0001efc18fc18a4ce
 1088.791 0a17b3b00003b3c40003060015001400002990
 1088.929 0f1004a6000d1a00000000000000000000000000000000000000004a2000000000ca30
 1089.068 0f10085f00050a0000000000000000000032c2
 1089.763 0217a7f8000fa80c00070e004000000028000a000affff00004d6d
 1089.810 02171e0018fc18fc180032002cfc18fc18fc18fc18fc18001500c0001efc18fc18a4ce
 1089.902 1e10000000091200010000000000000001000000000000000086dd
 1089.902 1e10000000090260
 1089.964 1e1000140003060000000000008c5f
 1089.964 1e1000140003c263
 1090.011 1e040000001673ab
 1090.075 1e042c00ea00e600b9009c009e00ab00a60000ffff000000320000000000000000000001e0000000000000001000217e1f
 1090.199 1e04001e00061261
 1090.199 1e040c000000000000000000000000cabf
 1090.245 0617afc8000cafdc00050a0010000000000000001557b5
 1090.416 0f1707300008071c000810c870e3b25d5d1b4e4348ebdba58b40b8bbf8
 1090.556 0f1004a6000d1a00000000000000000000000000000000000000004a2000000000ca30
 1090.850 0217a7f8000fa80c00070e004000000028000a000affff00004d6d
 1090.897 02171e0018fc18fc180032002cfc18fc18fc18fc18fc18001500c0001efc18fc18a4ce
 1090.975 0f1004a6000d1a00000000000000000000000000000000000000004a2000000000ca30
 1091.085 0f10085f00050a0000000000000000000032c2
 1091.889 0217a7f8000fa80c00070e004000000028000a000affff00004d6d
 1091.951 02171e0018fc18fc180032002cfc18fc18fc18fc18fc18001500c0001efc18fc18a4ce
 1092.028 1e10000000091200010000000000000001000000000000000086dd
 1092.028 1e10000000090260
 1092.091 1e1000140003060000000000008c5f
 1092.091 1e1000140003c263
 1092.138 1e040000001673ab
 1092.200 1e042c00ea00e600b9009c009e00ab00a60000ffff000000320000000000000000000001e0000000000000001000217e1f
 1092.325 1e04001e00061261
 1092.325 1e040c000000000000000000000000cabf
 1092.388 0f1004a6000d1a00000000000000000000000000000000000000004a2000000000ca30
 1092.965 0217a7f8000fa80c00070e004000000028000a000affff00004d6d
 1093.027 02171e0018fc18fc180032002cfc18fc18fc18fc18fc18001500c0001efc18fc18a4ce
 1093.073 0a17b3b00003b3c40003060015001400002990
 1093.227 0f1004a6000d1a00000000000000000000000000000000000000004a2000000000ca30
 1093.352 0f10085f00050a0000000000000000000032c2
 1093.398 0f10085f00053356
 1094.018 0217a7f8000fa80c00070e004000000028000a000affff00004d6d
 1094.065 02171e0018fc18fc180032002cfc18fc18fc18fc18fc18001500c0001efc18fc18a4ce
 1094.159 1e10000000091200010000000000000001000000000000000086dd
 1094.159 1e10000000090260
 1094.221 1e1000140003060000000000008c5f
 1094.221 1e1000140003c263
 1094.268 1e040000001673ab
 1094.330 1e042c00ea00e600b900a0009d00ab00a30000ffff000000320000000000000000000001e000000000000000100021241f
 1094.452 1e04001e00061261
 1094.452 1e040c000000000000000000000000cabf
 1094.499 0617afc8000cafdc00050a0010000000000000001557b5
 1094.670 0f1707300008071c000810755d73cf72a95e5a7600afa2c4dc81639333
 1094.717 0f17109a7e802926c0c24d1994c4e5a832462f3fb9
 1094.841 0f1003e8000e1c0019001300280000000000000015001300020028001e000100140002e77e
 1094.841 0f1003e8000ec093
 1095.102 0217a7f8000fa80c00070e004000000028000a000affff00004d6d
 1095.147 02171e0018fc18fc180032002cfc18fc18fc18fc18fc18001500c0001efc18fc18a4ce
 1095.242 0f1003fc000b160028000a0037000000000000000200120028001e003c369e
 1095.242 0f1003fc000b4094
 1096.142 0217a7f8000fa80c00070e004000000028000a000affff00004d6d
 1096.205 02171e0018fc18fc180032002cfc18fc18fc18fc18fc18001500c0001efc18fc18a4ce
 1096.282 1e10000000091200010000000000000001000000000000000086dd
 1096.282 1e10000000090260
 1096.345 1e1000140003060000000000008c5f
 1096.345 1e1000140003c263
 1096.391 1e040000001673ab
 1096.454 1e042c00ea00e600b900a0009d00ab00a30000ffff000000320000000000000000000001e000000000000000100021241f
 1096.533 1e04001e00061261
 1096.564 1e040c000000000000000000000000cabf
 1096.688 0f10041000162c0028000a0037000000000000000200120028001e003c001200140027002800070001003e000d0006003c0000d569
 1096.688 0f1004100016401c
 1097.218 0217a7f8000fa80c00070e004000000028000a000affff00004d6d
 1097.280 02171e0018fc18fc180032002cfc18fc18fc18fc18fc18001500c0001efc18fc18a4ce
 1097.326 0a17b3b00003b3c40003060015001400002990
 1097.513 0f10042e000f1e0001000000000014fff6000500280000002d0000000000000000000000003295
 1097.513 0f10042e000fe01a
 1098.259 0217a7f8000fa80c00070e004000000028000a000affff00004d6d
 1098.321 02171e0018fc18fc180032002cfc18fc18fc18fc18fc18001500c0001efc18fc18a4ce
 1098.398 1e10000000091200010000000000000001000000000000000086dd
 1098.398 1e10000000090260
 1098.475 1e1000140003060000000000008c5f
 1098.475 1e1000140003c263
 1098.506 1e040000001673ab
 1098.585 1e042c00ea00e600b900a0009d00ab00a30000ffff000000320000000000000000000001e000000000000000100021241f
 1098.662 1e04001e00061261
 1098.693 1e040c000000000000000000000000cabf
 1098.755 0617afc8000cafdc00050a0010000000000000001557b5
 1098.895 0f100442000d1a000100130000001c0000fff800050028000000000000000a000a244d
 1098.927 0f100442000da1c6
 1099.347 0217a7f8000fa80c00070e004000000028000a000affff00004d6d
 1099.409 02171e0018fc18fc180032002cfc18fc18fc18fc18fc18001500c0001efc18fc18a4ce
 1099.487 0f100456000c18000000060014001e00000006ffffffff00000000000000010aef
 1099.487 0f100456000c2002
 1100.399 0217a7f8000fa80c00070e004000000028000a000affff00004d6d
 1100.446 02171e0018fc18fc180032002cfc18fc18fc18fc18fc18001500c0001efc18fc18a4ce
 1100.539 1e10000000091200010000000000000001000000000000000086dd
 1100.539 1e10000000090260
 1100.601 1e1000140003060000000000008c5f
 1100.601 1e1000140003c263
 1100.647 1e040000001673ab
 1100.711 1e042c00ea00e600b900a0009d00ab00a30000ffff000000320000000000000000000001e000000000000000100021241f
 1100.836 1e04001e00061261
 1100.836 1e040c000000000000000000000000cabf
 1100.914 0f10046a001224000000000000000000000000000000000000000000000000000000000000000000000000874b
 1100.945 0f10046a00126006
 1101.488 0217a7f8000fa80c00070e004000000028000a000affff00004d6d
 1101.535 02171e0018fc18fc180032002cfc18fc18fc18fc18fc18001500c0001efc18fc18a4ce
 1101.596 0a17b3b00003b3c40003060015001400002990
 1101.768 0f10047e0013260000000000000000000000000000000000000000000000000000000000000000000000000000b93d
 1101.768 0f10047e0013e1c2
 1102.532 0217a7f8000fa80c00070e004000000028000a000affff00004d6d
 1102.579 02171e0018fc18fc180032002cfc18fc18fc18fc18fc18001500c0001efc18fc18a4ce
 1102.673 1e10000000091200010000000000000001000000000000000086dd
 1102.673 1e10000000090260
 1102.734 1e1000140003060000000000008c5f
 1102.734 1e1000140003c263
 1102.766 1e040000001673ab
 1102.844 1e042c00ea00e600b900a0009d00ab00a30000ffff000000320000000000000000000001e000000000000000100021241f
 1102.922 1e04001e00061261
 1102.954 1e040c000000000000000000000000cabf
 1103.017 0617afc8000cafdc00050a0010000000000000001557b5
 1103.171 0f100492000b160050003c005a000a00500050005000500032002d0005473c
 1103.171 0f100492000b203d
 1103.604 0217a7f8000fa80c00070e004000000028000a000affff00004d6d
 1103.667 02171e0018fc18fc180032002cfc18fc18fc18fc18fc18001500c0001efc18fc18a4ce
 1103.761 0f1004a6000d1a00000000000000000000000000000000000000004a2000000000ca30
 1103.761 0f1004a6000de1f1
 1104.655 0217a7f8000fa80c00070e004000000028000a000affff00004d6d
 1104.702 02171e0018fc18fc180032002cfc18fc18fc18fc18fc18001500c0001efc18fc18a4ce
 1104.796 1e10000000091200010000000000000001000000000000000086dd
 1104.796 1e10000000090260
 1104.858 1e1000140003060000000000008c5f
 1104.858 1e1000140003c263
 1104.905 1e040000001673ab
 1104.967 1e042c00ea00e600b900a0009d00ab00a30000ffff000000320000000000000000000001e000000000000000100021241f
 1105.092 1e04001e00061261
 1105.092 1e040c000000000000000000000000cabf
 1105.170 0f1004ba00162c001400000000000000000019002800040007000a001e0001001e0001001e0001000100000000000000280037b494
 1105.202 0f1004ba0016603c
 1105.742 0217a7f8000fa80c00070e004000000028000a000affff00004d6d
 1105.789 02171e0018fc18fc180032002cfc18fc18fc18fc18fc18001500c0001efc18fc18a4ce
 1105.851 0a17b3b00003b3c40003060015001400002990
 1106.051 0f1004d8001b360006000200190000000c0002000a00010014000200190003001e000400230005002800060028000700230008001e00090019000a00141a6e
 1106.051 0f1004d8001b0027
 1106.781 0217a7f8000fa80c00070e004000000028000a000affff00004d6d
 1106.843 02171e0018fc18fc180032002cfc18fc18fc18fc18fc18001500c0001efc18fc18a4ce
 1106.920 1e10000000091200010000000000000001000000000000000086dd
 1106.920 1e10000000090260
 1106.999 1e1000140003060000000000008c5f
 1106.999 1e1000140003c263
 1107.030 1e040000001673ab
 1107.107 1e042c00ea00e600b900a0009d00ab00a30000ffff000000320000000000000000000001e000000000000000100021241f
 1107.184 1e04001e00061261
 1107.215 1e040c000000000000000000000000cabf
 1107.277 0617afc8000cafdc00050a0010000000000000001557b5
 1107.417 0f1004f6000e1c000000000000000000000000000000000000000000000000000000005dcd
 1107.447 0f1004f6000ea1e1
 1107.866 0217a7f8000fa80c00070e004000000028000a000affff00004d6d
 1107.927 02171e0018fc18fc180032002cfc18fc18fc18fc18fc18001500c0001efc18fc18a4ce
 1108.035 0f10050a0013260000000000000000000000000000000000000000000000000000000000000000000000000000bfb8
 1108.035 0f10050a0013a024
 1108.920 0217a7f8000fa80c00070e004000000028000a000affff00004d6d
 1108.967 02171e0018fc18fc180032002cfc18fc18fc18fc18fc18001500c0001efc18fc18a4ce
 1109.060 1e10000000091200010000000000000001000000000000000086dd
 1109.060 1e10000000090260
 1109.122 1e1000140003060000000000008c5f
 1109.122 1e1000140003c263
 1109.169 1e040000001673ab
 1109.232 1e042c00ea00e600b900a0009d00ab00a30000ffff000000320000000000000000000001e000000000000000100021241f
 1109.310 1e04001e00061261
 1109.340 1e040c000000000000000000000000cabf
 1109.433 0f10051e000a1400000000000000000000000000000000000000006e7b
 1109.433 0f10051e000a21ea
 1109.992 0217a7f8000fa80c00070e004000000028000a000affff00004d6d
 1110.055 02171e0018fc18fc180032002cfc18fc18fc18fc18fc18001500c0001efc18fc18a4ce
 1110.102 0a17b3b00003b3c40003060015001400002990
 1110.289 0f1005320012240002000000000000000000010000000100010000000000000000000000000000000000000096
 1110.289 0f1005320012e029
 1111.047 0217a7f8000fa80c00070e004000000028000a000affff00004d6d
 1111.108 02171e0018fc18fc180032002cfc18fc18fc18fc18fc18001500c0001efc18fc18a4ce
 1111.186 1e10000000091200010000000000000001000000000000000086dd
 1111.186 1e10000000090260
 1111.247 1e1000140003060000000000008c5f
 1111.247 1e1000140003c263
 1111.278 1e040000001673ab
 1111.355 1e042c00ea00e600b900a0009d00ab00a30000ffff000000320000000000000000000001e000000000000000100021241f
 1111.432 1e04001e00061261
 1111.464 1e040c000000000000000000000000cabf
 1111.526 0617afc8000cafdc00050a0010000000000000001557b5
 1111.680 0f1005460014280005000100020000000000000000000000000002000000000000000200000000000000000000000094fd
 1111.711 0f10054600142031
 1112.117 0217a7f8000fa80c00070e004000000028000a000affff00004d6d
 1112.180 02171e0018fc18fc180032002cfc18fc18fc18fc18fc18001500c0001efc18fc18a4ce
 1112.321 0f10055a002142000100000000001f000c000000000000001f000c0000007f000100000015001f000c0000003b0017001f000c0000007f000000000000001f000c000000000000001faa1c
 1112.321 0f10055a002121e0
 1113.161 0217a7f8000fa80c00070e004000000028000a000affff00004d6d
 1113.223 02171e0018fc18fc180032002cfc18fc18fc18fc18fc18001500c0001efc18fc18a4ce
 1113.301 1e10000000091200010000000000000001000000000000000086dd
 1113.301 1e10000000090260
 1113.377 1e1000140003060000000000008c5f
 1113.377 1e1000140003c263
 1113.408 1e040000001673ab
 1113.485 1e042c00ea00e600b900a0009d00ab00a30000ffff000000320000000000000000000001e000000000000000100021241f
 1113.562 1e04001e00061261
 1113.592 1e040c000000000000000000000000cabf
 1113.734 0f10057b002142000c00000000000000000000001f000c000000000000001f000c00000000000000000000001f000c000000000000001f000c00000000000000000000001f000c00009d7a
 1113.734 0f10057b002171ea
 1114.244 0217a7f8000fa80c00070e004000000028000a000affff00004d6d
 1114.306 02171e0018fc18fc180032002cfc18fc18fc18fc18fc18001500c0001efc18fc18a4ce
 1114.354 0a17b3b00003b3c40003060015001400002990
 1114.539 0f10059c00214200000000001f000c00000000000000000000001f000c000000000000001f000c00000000000000000000001f000c000000000000001f000c000000000003000000000a3c
 1114.570 0f10059c0021c1dd
 1115.287 0217a7f8000fa80c00070e004000000028000a000affff00004d6d
 1115.348 02171e0018fc18fc180032002cfc18fc18fc18fc18fc18001500c0001efc18fc18a4ce
 1115.426 1e10000000091200010000000000000001000000000000000086dd
 1115.426 1e10000000090260
 1115.504 1e1000140003060000000000008c5f
 1115.504 1e1000140003c263
 1115.535 1e040000001673ab
 1115.597 1e042c00ea00e600b900a0009d00ab00a30000ffff000000320000000000000000000001e000000000000000100021241f
 1115.722 1e04001e00061261
 1115.722 1e040c000000000000000000000000cabf
 1115.769 0617afc8000cafdc00050a0010000000000000001557b5
 1115.985 0f1005bd00214200000000001f000c000000000000001f000c00000000000000000000001f000c000000000000001f000c00000000000000000000001f000c000000000000001f000c9373
 1115.985 0f1005bd002191d7
 1116.375 0217a7f8000fa80c00070e004000000028000a000affff00004d6d
 1116.422 02171e0018fc18fc180032002cfc18fc18fc18fc18fc18001500c0001efc18fc18a4ce
 1116.559 0f1005de00214200000000000000000000001f000c000000000000001f000c00000000000000000000001f000c000000000000001f000c00000000000000000000001f000c0000000078fc
 1116.559 0f1005de002161c9
 1117.420 0217a7f8000fa80c00070e004000000028000a000affff00004d6d
 1117.467 02171e0018fc18fc180032002cfc18fc18fc18fc18fc18001500c0001efc18fc18a4ce
 1117.559 1e10000000091200010000000000000001000000000000000086dd
 1117.559 1e10000000090260
 1117.621 1e1000140003060000000000008c5f
 1117.621 1e1000140003c263
 1117.651 1e040000001673ab
 1117.728 1e042c00ea00e600b900a0009d00ab00a30000ffff000000320000000000000000000001e000000000000000100021241f
 1117.806 1e04001e00061261
 1117.837 1e040c000000000000000000000000cabf
 1117.977 0f1005ff0021420000001f000c00000000000000000000001f000c000000000000001f000c00000000000000000000001f000c000000000000001f000c0000000000000000000100000baf
 1117.977 0f1005ff002131c3
 1118.491 0217a7f8000fa80c00070e004000000028000a000affff00004d6d
 1118.553 02171e0018fc18fc180032002cfc18fc18fc18fc18fc18001500c0001efc18fc18a4ce
 1118.600 0a17b3b00003b3c40003060015001400002990
 1118.817 0f1006200021420000001f000c000000000000001f000c00000000000000000000001f000c000000000000001f000c00000000000000000000001f000c000000000000001f000c000041fc
 1119.672 0217a7f8000fa80c00070e004000000028000a000affff00004d6d
 1119.672 02171e0018fc18fc180032002cfc18fc18fc18fc18fc18001500c0001efc18fc18a4ce
 1119.672 1e10000000091200010000000000000001000000000000000086dd
 1119.672 1e10000000090260
 1119.781 1e1000140003060000000000008c5f
 1119.781 1e1000140003c263
 1119.781 1e040000001673ab
 1119.843 1e042c00ea00e600b900a0009d00ab00a30000ffff000000320000000000000000000001e000000000000000100021241f
 1119.966 1e04001e00061261
 1119.966 1e040c000000000000000000000000cabf
 1120.012 0617afc8000cafdc00050a0010000000000000001557b5
 1120.228 0f1006200021420000001f000c000000000000001f000c00000000000000000000001f000c000000000000001f000c00000000000000000000001f000c000000000000001f000c000041fc
 1120.228 0f1006200021007d
 1120.618 0217a7f8000fa80c00070e004000000028000a000affff00004d6d
 1120.664 02171e0018fc18fc180032002cfc18fc18fc18fc18fc18001500c0001efc18fc18a4ce
 1120.819 0f1006410021420000000000000000001f000c000000000000001f000c00000000000000000000001f000c000000000000001f000c00000000000000000000001f000c00000000000091ef
 1120.819 0f100641002151a3
 1121.659 0217a7f8000fa80c00070e004000000028000a000affff00004d6d
 1121.705 02171e0018fc18fc180032002cfc18fc18fc18fc18fc18001500c0001efc18fc18a4ce
 1121.798 1e10000000091200010000000000000001000000000000000086dd
 1121.798 1e10000000090260
 1121.860 1e1000140003060000000000008c5f
 1121.860 1e1000140003c263
 1121.891 1e040000001673ab
 1121.968 1e042c00ea00e600b900a0009d00ab00a30000ffff000000320000000000000000000001e000000000000000100021241f
 1122.046 1e04001e00061261
 1122.076 1e040c000000000000000000000000cabf
 1122.233 0f100662002142001f000c00000000000000000000001f000c000000000000001f000c00000000000000000000001f000c000000000000001f000c00000000000000000001000000008290
 1122.233 0f1006620021a069
 1122.728 0217a7f8000fa80c00070e004000000028000a000affff00004d6d
 1122.791 02171e0018fc18fc180032002cfc18fc18fc18fc18fc18001500c0001efc18fc18a4ce
 1122.837 0a17b3b00003b3c40003060015001400002990
 1123.054 0f100683002142001f000c000000000000001f000c0000007f000100000015001f000c0000003b0017001f000c0000007f000000000000001f000c000000000000001f000c000000007b61
 1123.910 0217a7f8000fa80c00070e004000000028000a000affff00004d6d
 1123.910 02171e0018fc18fc180032002cfc18fc18fc18fc18fc18001500c0001efc18fc18a4ce
 1123.910 1e10000000091200010000000000000001000000000000000086dd
 1123.910 1e10000000090260
 1123.988 1e1000140003060000000000008c5f
 1123.988 1e1000140003c263
 1124.019 1e040000001673ab
 1124.097 1e042c00ea00e600b900a0009d00ab00a30000ffff000000320000000000000000000001e000000000000000100021241f
 1124.174 1e04001e00061261
 1124.205 1e040c000000000000000000000000cabf
 1124.268 0617afc8000cafdc00050a0010000000000000001557b5
 1124.484 0f100683002142001f000c000000000000001f000c0000007f000100000015001f000c0000003b0017001f000c0000007f000000000000001f000c000000000000001f000c000000007b61
 1124.484 0f1006830021f05f
 1124.858 0217a7f8000fa80c00070e004000000028000a000affff00004d6d
 1124.920 02171e0018fc18fc180032002cfc18fc18fc18fc18fc18001500c0001efc18fc18a4ce
 1125.061 0f1006a4002142000000000000001f000c000000000000001f000c00000000000000000000001f000c000000000000001f000c00000000000000000000001f000c000000000000001f24e7
 1125.061 0f1006a400214054
 1125.910 0217a7f8000fa80c00070e004000000028000a000affff00004d6d
 1125.957 02171e0018fc18fc180032002cfc18fc18fc18fc18fc18001500c0001efc18fc18a4ce
 1126.034 1e10000000091200010000000000000001000000000000000086dd
 1126.034 1e10000000090260
 1126.113 1e1000140003060000000000008c5f
 1126.113 1e1000140003c263
 1126.160 1e040000001673ab
 1126.221 1e042c00ea00e600ba00a0009e00ab00a30000ffff000000320000000000000000000001e00000000000000010002148ab
 1126.329 1e04001e00061261
 1126.329 1e040c000000000000000000000000cabf
 1126.470 0f1006c5002142000c00000000000000000000001f000c000000000000001f000c00000000000000000000001f000c000000000000001f000c0000000000030000006c0004000000000e20
 1126.470 0f1006c50021118a
 1126.982 0217a7f8000fa80c00070e004000000028000a000affff00004d6d
 1127.044 02171e0018fc18fc180032002cfc18fc18fc18fc18fc18001500c0001efc18fc18a4ce
 1127.090 0a17b3b00003b3c40003060015001400002990
 1127.245 0f1006ea00070e0013003b0009001c0009001a0000ddc5
 1127.245 0f1006ea0007a199
 1128.035 0217a7f8000fa80c00070e004000000028000a000affff00004d6d
 1128.096 02171e0018fc18fc180032002cfc18fc18fc18fc18fc18001500c0001efc18fc18a4ce
 1128.173 1e10000000091200010000000000000001000000000000000086dd
 1128.173 1e10000000090260
 1128.251 1e1000140003060000000000008c5f
 1128.251 1e1000140003c263
 1128.282 1e040000001673ab
 1128.344 1e042c00ea00e600ba00a0009e00ab00a30000ffff000000320000000000000000000001e00000000000000010002148ab
 1128.438 1e04001e00061261
 1128.468 1e040c000000000000000000000000cabf
 1128.529 0617afc8000cafdc00050a0010000000000000001557b5
 1128.670 0f1006f1000306ffff0172a41721b2
 1128.670 0f1006f10003d05d
 1129.119 0217a7f8000fa80c00070e004000000028000a000affff00004d6d
 1129.180 02171e0018fc18fc180032002cfc18fc18fc18fc18fc18001500c0001efc18fc18a4ce
 1129.256 0f1006f4001326004000000028000a000a000000000000000000000000000000000010000000000000000000004853
 1129.287 0f1006f40013c190
 1129.365 0f1007d000132600180017ff9c0032002cff9cff9cff9cff9cff9c001500c0001e004000000028000a000a00000b72
 1129.396 0f1007d000138067
 1130.170 0217a7f8000fa80c00070e004000000028000a000affff00004d6d
 1130.231 02171e0018fc18fc180032002cfc18fc18fc18fc18fc18001500c0001efc18fc18a4ce
 1130.308 1e10000000091200010000000000000001000000000000000086dd
 1130.308 1e10000000090260
 1130.370 1e1000140003060000000000008c5f
 1130.370 1e1000140003c263
 1130.416 1e040000001673ab
 1130.478 1e042c00ea00e600ba00a0009e00ab00a30000ffff000000320000000000000000000001e00000000000000010002148ab
 1130.571 1e04001e00061261
 1130.602 1e040c000000000000000000000000cabf
 1131.255 0217a7f8000fa80c00070e004000000028000a000affff00004d6d
 1131.302 02171e0018fc18fc180032002cfc18fc18fc18fc18fc18001500c0001efc18fc18a4ce
 1131.363 0a17b3b00003b3c40003060015001400002990
 1131.534 0f1007e4001122001100000000001509060709096705790000000000000000000000000000000000000359
 1131.534 0f1007e400114068
 1132.298 0217a7f8000fa80c00070e004000000028000a000affff00004d6d
 1132.361 02171e0018fc18fc180032002cfc18fc18fc18fc18fc18001500c0001efc18fc18a4ce
 1132.439 1e10000000091200010000000000000001000000000000000086dd
 1132.439 1e10000000090260
 1132.501 1e1000140003060000000000008c5f
 1132.501 1e1000140003c263
 1132.548 1e040000001673ab
 1132.611 1e042c00ea00e600ba00a0009e00ab00a30000ffff000000320000000000000000000001e00000000000000010002148ab
 1132.703 1e04001e00061261
 1132.734 1e040c000000000000000000000000cabf
 1132.795 0617afc8000cafdc00050a0010000000000000001557b5
 1132.935 0f03070800064450
 1132.935 0f030c0000000000000000010000001c88
 1133.386 0217a7f8000fa80c00070e004000000028000a000affff00004d6d
 1133.448 02171e0018fc18fc180032002cfc18fc18fc18fc18fc18001500c0001efc18fc18a4ce
 1133.542 0f1007f8001122000000000000000000000000000000000000000000000000000000000000000000006fb5
 1133.542 0f1007f8001181ae
 1134.442 0217a7f8000fa80c00070e004000000028000a000affff00004d6d
 1134.488 02171e0018fc18fc180032002cfc18fc18fc18fc18fc18001500c0001efc18fc18a4ce
 1134.566 1e10000000091200010000000000000001000000000000000086dd
 1134.566 1e10000000090260
 1134.644 1e1000140003060000000000008c5f
 1134.644 1e1000140003c263
 1134.676 1e040000001673ab
 1134.738 1e042c00ea00e600ba00a0009e00ab00a30000ffff000000320000000000000000000001e00000000000000010002148ab
 1134.863 1e04001e00061261
 1134.863 1e040c000000000000000000000000cabf
 1135.514 0217a7f8000fa80c00070e004000000028000a000affff00004d6d
 1135.562 02171e0018fc18fc180032002cfc18fc18fc18fc18fc18001500c0001efc18fc18a4ce
 1135.624 0a17b3b00003b3c40003060015001400002990
 1135.796 0f10080c00122400c80000000000000000000000000000000000000000000000000014001000000000000085e3
 1135.796 0f10080c00128349
 1136.563 0217a7f8000fa80c00070e004000000028000a000affff00004d6d
 1136.610 02171e0018fc18fc180032002cfc18fc18fc18fc18fc18001500c0001efc18fc18a4ce
 1136.687 1e10000000091200010000000000000001000000000000000086dd
 1136.687 1e10000000090260
 1136.750 1e1000140003060000000000008c5f
 1136.750 1e1000140003c263
 1136.797 1e040000001673ab
 1136.859 1e042c00ea00e600ba009c009e00ab00a30000ffff000000320000000000000000000001e000000000000000100021b5a9
 1136.951 1e04001e00061261
 1136.981 1e040c000000000000000000000000cabf
 1137.043 0617afc8000cafdc00050a0010000000000000001557b5
 1137.150 0f03070800064450
 1137.182 0f030c0000000000000000010000001c88
 1137.634 0217a7f8000fa80c00070e004000000028000a000affff00004d6d
 1137.697 02171e0018fc18fc180032002cfc18fc18fc18fc18fc18001500c0001efc18fc18a4ce
 1137.804 0f10082000122400ea00e600ba009c009e00ab00a300320000000000000000000001e00010002109670579d0ea
 1137.804 0f10082000124280
 1138.688 0217a7f8000fa80c00070e004000000028000a000affff00004d6d
 1138.734 02171e0018fc18fc180032002cfc18fc18fc18fc18fc18001500c0001efc18fc18a4ce
 1138.827 1e10000000091200010000000000000001000000000000000086dd
 1138.827 1e10000000090260
 1138.889 1e1000140003060000000000008c5f
 1138.889 1e1000140003c263
 1138.936 1e040000001673ab
 1138.998 1e042c00ea00e600ba009c009e00ab00a30000ffff000000320000000000000000000001e000000000000000100021b5a9
 1139.076 1e04001e00061261
 1139.106 1e040c000000000000000000000000cabf
 1139.757 0217a7f8000fa80c00070e004000000028000a000affff00004d6d
 1139.819 02171e0018fc18fc180032002cfc18fc18fc18fc18fc18001500c0001efc18fc18a4ce
 1139.866 0a17b3b00003b3c40003060015001400002990
 1140.021 0f1008340012240000000000000000000000000000000000800000000000000000015e015e00000000000055c5
 1140.052 0f10083400120284
 1140.814 0217a7f8000fa80c00070e004000000028000a000affff00004d6d
 1140.862 02171e0018fc18fc180032002cfc18fc18fc18fc18fc18001500c0001efc18fc18a4ce
 1140.940 1e10000000091200010000000000000001000000000000000086dd
 1140.940 1e10000000090260
 1141.017 1e1000140003060000000000008c5f
 1141.017 1e1000140003c263
 1141.064 1e040000001673ab
 1141.126 1e042c00ea00e600ba009c009e00ab00a30000ffff000000320000000000000000000001e000000000000000100021b5a9
 1141.205 1e04001e00061261
 1141.236 1e040c000000000000000000000000cabf
 1141.298 0617afc8000cafdc00050a0010000000000000001557b5
 1141.409 0f03070800064450
 1141.439 0f030c0000000000000000010000001c88
 1141.902 0217a7f8000fa80c00070e004000000028000a000affff00004d6d
 1141.948 02171e0018fc18fc180032002cfc18fc18fc18fc18fc18001500c0001efc18fc18a4ce
 1142.042 0f10084800172e000000000000000000000000000000000000002e0000000000000031000a00000022003b0009001c0009001a0000ce70
 1142.074 0f1008480017035f
 1142.942 0217a7f8000fa80c00070e004000000028000a000affff00004d6d
 1142.989 02171e0018fc18fc180032002cfc18fc18fc18fc18fc18001500c0001efc18fc18a4ce
 1143.082 1e10000000091200010000000000000001000000000000000086dd
 1143.082 1e10000000090260
 1143.143 1e1000140003060000000000008c5f
 1143.143 1e1000140003c263
 1143.190 1e040000001673ab
 1143.253 1e042c00ea00e600ba009c009e00ab00a30000ffff000000320000000000000000000001e000000000000000100021b5a9
 1143.377 1e04001e00061261
 1143.377 1e040c000000000000000000000000cabf
 1144.014 0217a7f8000fa80c00070e004000000028000a000affff00004d6d
 1144.076 02171e0018fc18fc180032002cfc18fc18fc18fc18fc18001500c0001efc18fc18a4ce
 1144.123 0a17b3b00003b3c40003060015001400002990
 1144.278 0f10086400040800000000000000e85637
 1144.278 0f1008640004835b
 1145.069 0217a7f8000fa80c00070e004000000028000a000affff00004d6d
 1145.131 02171e0018fc18fc180032002cfc18fc18fc18fc18fc18001500c0001efc18fc18a4ce
 1145.209 1e10000000091200010000000000000001000000000000000086dd
 1145.209 1e10000000090260
 1145.272 1e1000140003060000000000008c5f
 1145.272 1e1000140003c263
 1145.318 1e040000001673ab
 1145.380 1e042c00ea00e600ba009c009e00ab00a30000ffff000000320000000000000000000001e000000000000000100021b5a9
 1145.459 1e04001e00061261
 1145.490 1e040c000000000000000000000000cabf
 1145.551 0617afc8000cafdc00050a0010000000000000001557b5
 1145.659 0f03070800064450
 1145.705 0f030c0000000000000000010000001c88
 1146.157 0217a7f8000fa80c00070e004000000028000a000affff00004d6d
 1146.204 02171e0018fc18fc180032002cfc18fc18fc18fc18fc18001500c0001efc18fc18a4ce
 1146.312 0f100870001122046c000001f501a701b501a700ca0000000000000000012a05c3785b0000000000002aae
 1146.312 0f10087000110290
 1147.194 0217a7f8000fa80c00070e004000000028000a000affff00004d6d
 1147.255 02171e0018fc18fc180032002cfc18fc18fc18fc18fc18001500c0001efc18fc18a4ce
 1147.331 1e10000000091200010000000000000001000000000000000086dd
 1147.331 1e10000000090260
 1147.394 1e1000140003060000000000008c5f
 1147.394 1e1000140003c263
 1147.442 1e040000001673ab
 1147.504 1e042c00ea00e600ba009c009e00ab00a30000ffff000000320000000000000000000001e000000000000000100021b5a9
 1147.596 1e04001e00061261
 1147.627 1e040c000000000000000000000000cabf
 1148.277 0217a7f8000fa80c00070e004000000028000a000affff00004d6d
 1148.323 02171e0018fc18fc180032002cfc18fc18fc18fc18fc18001500c0001efc18fc18a4ce
 1148.385 0a17b3b00003b3c40003060015001400002990
 1149.473 0217a7f8000fa80c00070e004000000028000a000affff00004d6d
 1149.473 02171e0018fc18fc180032002cfc18fc18fc18fc18fc18001500c0001efc18fc18a4ce
 1149.473 1e10000000091200010000000000000001000000000000000086dd
 1149.473 1e10000000090260
 1149.536 1e1000140003060000000000008c5f
 1149.536 1e1000140003c263
 1149.584 1e040000001673ab
 1149.646 1e042c00ea00e600ba00a0009e00ab00a30000ffff000000320000000000000000000001e00000000000000010002148ab
 1149.770 1e04001e00061261
 1149.770 1e040c000000000000000000000000cabf
 1149.817 0617afc8000cafdc00050a0010000000000000001557b5
 1149.943 0f03070800064450
 1150.533 0217a7f8000fa80c00070e004000000028000a000affff00004d6d
 1150.533 02171e0018fc18fc180032002cfc18fc18fc18fc18fc18001500c0001efc18fc18a4ce
 1151.508 0f100884003c837f
 1151.508 0217a7f8000fa80c00070e004000000028000a000affff00004d6d
 1151.508 02171e0018fc18fc180032002cfc18fc18fc18fc18fc18001500c0001efc18fc18a4ce
 1151.601 1e10000000091200010000000000000001000000000000000086dd
 1151.601 1e10000000090260
 1151.662 1e1000140003060000000000008c5f
 1151.662 1e1000140003c263
 1151.693 1e040000001673ab
 1151.772 1e042c00ea00e600ba00a0009e00ab00a30000ffff000000320000000000000000000001e00000000000000010002148ab
 1151.850 1e04001e00061261
 1151.881 1e040c000000000000000000000000cabf
 1152.534 0217a7f8000fa80c00070e004000000028000a000affff00004d6d
 1152.595 02171e0018fc18fc180032002cfc18fc18fc18fc18fc18001500c0001efc18fc18a4ce
 1152.643 0a17b3b00003b3c40003060015001400002990
 1153.589 0217a7f8000fa80c00070e004000000028000a000affff00004d6d
 1153.636 02171e0018fc18fc180032002cfc18fc18fc18fc18fc18001500c0001efc18fc18a4ce
 1153.715 1e10000000091200010000000000000001000000000000000086dd
 1153.715 1e10000000090260
 1153.791 1e1000140003060000000000008c5f
 1153.791 1e1000140003c263
 1153.823 1e040000001673ab
 1153.899 1e042c00ea00e600ba00a0009e00ab00a30000ffff000000320000000000000000000001e00000000000000010002148ab
 1153.977 1e04001e00061261
 1154.008 1e040c000000000000000000000000cabf
 1154.071 0617afc8000cafdc00050a0010000000000000001557b5
 1154.179 0f03070800064450
 1154.225 0f030c0000000040008000010b000076ba
 1154.319 0f1005320012240002000000000000000000010000000100010000000000000000000000000000000000000096
 1154.319 0f1005320012e029
 1154.663 0217a7f8000fa80c00070e004000000028000a000affff00004d6d
 1154.726 02171e0018fc18fc180032002cfc18fc18fc18fc18fc18001500c0001efc18fc18a4ce
 1154.788 0f1006f1000306ffff0172a41721b2
 1154.788 0f1006f10003d05d
 1154.865 0f10086400040800000000000000e85637
 1154.865 0f1008640004835b
 1155.705 0217a7f8000fa80c00070e004000000028000a000affff00004d6d
 1155.768 02171e0018fc18fc180032002cfc18fc18fc18fc18fc18001500c0001efc18fc18a4ce
 1155.846 1e10000000091200010000000000000001000000000000000086dd
 1155.846 1e10000000090260
 1155.923 1e1000140003060000000000008c5f
 1155.923 1e1000140003c263
 1155.955 1e040000001673ab
 1156.017 1e042c00ea00e600ba00a0009e00ab00a30000ffff000000320000000000000000000001e00000000000000010002148ab
 1156.111 1e04001e00061261
 1156.142 1e040c000000000000000000000000cabf
 1156.794 0217a7f8000fa80c00070e004000000028000a000affff00004d6d
 1156.840 02171e0018fc18fc180032002cfc18fc18fc18fc18fc18001500c0001efc18fc18a4ce
 1156.901 0a17b3b00003b3c40003060015001400002990
 1157.832 0217a7f8000fa80c00070e004000000028000a000affff00004d6d
 1157.894 02171e0018fc18fc180032002cfc18fc18fc18fc18fc18001500c0001efc18fc18a4ce
 1157.973 1e10000000091200010000000000000001000000000000000086dd
 1157.973 1e10000000090260
 1158.051 1e1000140003060000000000008c5f
 1158.051 1e1000140003c263
 1158.082 1e040000001673ab
 1158.144 1e042c00ea00e600ba00a0009e00ab00a30000ffff000000320000000000000000000001e00000000000000010002148ab
 1158.267 1e04001e00061261
 1158.267 1e040c000000000000000000000000cabf
 1158.315 0617afc8000cafdc00050a0010000000000000001557b5
 1158.439 0f03070800064450
 1158.470 0f030c00000000ffff867f03df000066ad
 1158.563 0f1003e8000e1c0019001300280000000000000015001300020028001e000100140002e77e
 1158.563 0f1003e8000ec093
 1158.921 0217a7f8000fa80c00070e004000000028000a000affff00004d6d
 1158.967 02171e0018fc18fc180032002cfc18fc18fc18fc18fc18001500c0001efc18fc18a4ce
 1159.076 0f1003fc000b160028000a0037000000000000000200120028001e003c369e
 1159.076 0f1003fc000b4094
 1159.153 0f1007d000132600180017ff9c0032002cff9cff9cff9cff9cff9c001500c0001e004000000028000a000a00000b72
 1159.214 0f1007d000138067
 1159.971 0217a7f8000fa80c00070e004000000028000a000affff00004d6d
 1160.018 02171e0018fc18fc180032002cfc18fc18fc18fc18fc18001500c0001efc18fc18a4ce
 1160.095 1e10000000091200010000000000000001000000000000000086dd
 1160.095 1e10000000090260
 1160.172 1e1000140003060000000000008c5f
 1160.172 1e1000140003c263
 1160.219 1e040000001673ab
 1160.279 1e042c00ea00e600ba00a0009d00ab00a30000ffff000000320000000000000000000001e0000000000000001000213fab
 1160.401 1e04001e00061261
 1160.401 1e040c000000000000000000000000cabf
 1160.494 0f10041000162c0028000a0037000000000000000200120028001e003c001200140027002800070001003e000d0006003c0000d569
 1160.525 0f1004100016401c
 1161.052 0217a7f8000fa80c00070e004000000028000a000affff00004d6d
 1161.098 02171e0018fc18fc180032002cfc18fc18fc18fc18fc18001500c0001efc18fc18a4ce
 1161.161 0a17b3b00003b3c40003060015001400002990
 1161.301 0f10042e000f1e0001000000000014fff6000500280000002d0000000000000000000000003295
 1161.333 0f10042e000fe01a
 1161.442 0f1007e4001122001100000000001509060709096705790000000000000000000000000000000000000359
 1161.442 0f1007e400114068
 1162.113 0217a7f8000fa80c00070e004000000028000a000affff00004d6d
 1162.176 02171e0018fc18fc180032002cfc18fc18fc18fc18fc18001500c0001efc18fc18a4ce
 1162.254 1e10000000091200010000000000000001000000000000000086dd
 1162.254 1e10000000090260
 1162.316 1e1000140003060000000000008c5f
 1162.316 1e1000140003c263
 1162.364 1e040000001673ab
 1162.426 1e042c00ea00e600ba00a0009d00ab00a30000ffff000000320000000000000000000001e0000000000000001000213fab
 1162.519 1e04001e00061261
 1162.551 1e040c000000000000000000000000cabf
 1162.597 0617afc8000cafdc00050a0010000000000000001557b5
 1162.752 0f100442000d1a000100130000001c0000fff800050028000000000000000a000a244d
 1162.783 0f100442000da1c6
 1163.204 0217a7f8000fa80c00070e004000000028000a000affff00004d6d
 1163.250 02171e0018fc18fc180032002cfc18fc18fc18fc18fc18001500c0001efc18fc18a4ce
 1163.329 0f100456000c18000000060014001e00000006ffffffff00000000000000010aef
 1163.374 0f100456000c2002
 1163.452 0f1007d000132600180017ff9c0032002cff9cff9cff9cff9cff9c001500c0001e004000000028000a000a00000b72
 1163.531 0f1007d000138067
 1164.255 0217a7f8000fa80c00070e004000000028000a000affff00004d6d
 1164.302 02171e0018fc18fc180032002cfc18fc18fc18fc18fc18001500c0001efc18fc18a4ce
 1164.380 1e10000000091200010000000000000001000000000000000086dd
 1164.380 1e10000000090260
 1164.457 1e1000140003060000000000008c5f
 1164.457 1e1000140003c263
 1164.488 1e040000001673ab
 1164.549 1e042c00ea00e600ba00a0009d00ab00a30000ffff000000320000000000000000000001e0000000000000001000213fab
 1164.644 1e04001e00061261
 1164.675 1e040c000000000000000000000000cabf
 1164.753 0f10046a001224000000000000000000000000000000000000000000000000000000000000000000000000874b
 1164.799 0f10046a00126006
 1165.328 0217a7f8000fa80c00070e004000000028000a000affff00004d6d
 1165.389 02171e0018fc18fc180032002cfc18fc18fc18fc18fc18001500c0001efc18fc18a4ce
 1165.436 0a17b3b00003b3c40003060015001400002990
 1165.575 0f1004a6000d1a00000000000000000000000000000000000000004a2000000000ca30
 1165.607 0f1004a6000de1f1
 1165.684 0f1007e4001122001100000000001509060709096705790000000000000000000000000000000000000359
 1165.729 0f1007e400114068
 1166.385 0217a7f8000fa80c00070e004000000028000a000affff00004d6d
 1166.447 02171e0018fc18fc180032002cfc18fc18fc18fc18fc18001500c0001efc18fc18a4ce
 1166.527 1e10000000091200010000000000000001000000000000000086dd
 1166.527 1e10000000090260
 1166.591 1e1000140003060000000000008c5f
 1166.591 1e1000140003c263
 1166.638 1e040000001673ab
 1166.701 1e042c00ea00e600ba00a0009d00ab00a30000ffff000000320000000000000000000001e0000000000000001000213fab
 1166.826 1e04001e00061261
 1166.826 1e040c000000000000000000000000cabf
 1166.872 0617afc8000cafdc00050a0010000000000000001557b5
 1167.043 0f1004ba00162c001400000000000000000019002800040007000a001e0001001e0001001e0001000100000000000000280037b494
 1167.104 0f1004ba0016603c
 1167.462 0217a7f8000fa80c00070e004000000028000a000affff00004d6d
 1167.523 02171e0018fc18fc180032002cfc18fc18fc18fc18fc18001500c0001efc18fc18a4ce
 1167.600 0f1005320012240002000000000000000000010000000100010000000000000000000000000000000000000096
 1167.631 0f1005320012e029
 1167.708 0f1007d000132600180017ff9c0032002cff9cff9cff9cff9cff9c001500c0001e004000000028000a000a00000b72
 1167.754 0f1007d000138067
 1168.513 0217a7f8000fa80c00070e004000000028000a000affff00004d6d
 1168.576 02171e0018fc18fc180032002cfc18fc18fc18fc18fc18001500c0001efc18fc18a4ce
 1168.654 1e10000000091200010000000000000001000000000000000086dd
 1168.654 1e10000000090260
 1168.717 1e1000140003060000000000008c5f
 1168.717 1e1000140003c263
 1168.764 1e040000001673ab
 1168.827 1e042c00ea00e600ba00a0009d00ab00a30000ffff000000320000000000000000000001e0000000000000001000213fab
 1168.919 1e04001e00061261
 1168.950 1e040c000000000000000000000000cabf
 1169.028 0f1005460014280005000100020000000000000000000000000002000000000000000200000000000000000000000094fd
 1169.601 0217a7f8000fa80c00070e004000000028000a000affff00004d6d
 1169.648 02171e0018fc18fc180032002cfc18fc18fc18fc18fc18001500c0001efc18fc18a4ce
 1169.709 0a17b3b00003b3c40003060015001400002990
 1169.864 0f1005460014280005000100020000000000000000000000000002000000000000000200000000000000000000000094fd
 1169.928 0f10054600142031
 1170.006 0f1007e4001122001100000000001509060709096705790000000000000000000000000000000000000359
 1170.036 0f1007e400114068
 1170.654 0217a7f8000fa80c00070e004000000028000a000affff00004d6d
 1170.700 02171e0018fc18fc180032002cfc18fc18fc18fc18fc18001500c0001efc18fc18a4ce
 1170.794 1e10000000091200010000000000000001000000000000000086dd
 1170.794 1e10000000090260
 1170.856 1e1000140003060000000000008c5f
 1170.856 1e1000140003c263
 1170.903 1e040000001673ab
 1170.965 1e042c00ea00e600ba00a0009e00ab00a30000ffff000000320000000000000000000001e00000000000000010002148ab
 1171.044 1e04001e00061261
 1171.075 1e040c000000000000000000000000cabf
 1171.137 0617afc8000cafdc00050a0010000000000000001557b5
 1171.323 0f10055a002142000100000000001f000c000000000000001f000c0000007f000100000015001f000c0000003b0017001f000c0000007f000000000000001f000c000000000000001faa1c
 1171.431 0f10055a002121e0
 1171.728 0217a7f8000fa80c00070e004000000028000a000affff00004d6d
 1171.790 02171e0018fc18fc180032002cfc18fc18fc18fc18fc18001500c0001efc18fc18a4ce
 1171.899 0f10055a002142000100000000001f000c000000000000001f000c0000007f000100000015001f000c0000003b0017001f000c0000007f000000000000001f000c000000000000001faa1c
 1171.976 0f10055a002121e0
 1172.068 0f1007d000132600180017ff9c0032002cff9cff9cff9cff9cff9c001500c0001e004000000028000a000a00000b72
 1172.099 0f1007d000138067
 1172.777 0217a7f8000fa80c00070e004000000028000a000affff00004d6d
 1172.838 02171e0018fc18fc180032002cfc18fc18fc18fc18fc18001500c0001efc18fc18a4ce
 1172.915 1e10000000091200010000000000000001000000000000000086dd
 1172.915 1e10000000090260
 1172.992 1e1000140003060000000000008c5f
 1172.992 1e1000140003c263
 1173.023 1e040000001673ab
 1173.098 1e042c00ea00e600ba00a0009e00ab00a30000ffff000000320000000000000000000001e00000000000000010002148ab
 1173.174 1e04001e00061261
 1173.205 1e040c000000000000000000000000cabf
 1173.329 0f10057b002142000c00000000000000000000001f000c000000000000001f000c00000000000000000000001f000c000000000000001f000c00000000000000000000001f000c00009d7a
 1173.392 0f10057b002171ea
 1173.861 0217a7f8000fa80c00070e004000000028000a000affff00004d6d
 1173.923 02171e0018fc18fc180032002cfc18fc18fc18fc18fc18001500c0001efc18fc18a4ce
 1173.970 0a17b3b00003b3c40003060015001400002990
 1174.157 0f10059c00214200000000001f000c00000000000000000000001f000c000000000000001f000c00000000000000000000001f000c000000000000001f000c000000000003000000000a3c
 1174.220 0f10059c0021c1dd
 1174.297 0f1007e4001122001100000000001509060709096705790000000000000000000000000000000000000359
 1174.344 0f1007e400114068
 1174.918 0217a7f8000fa80c00070e004000000028000a000affff00004d6d
 1174.964 02171e0018fc18fc180032002cfc18fc18fc18fc18fc18001500c0001efc18fc18a4ce
 1175.042 1e10000000091200010000000000000001000000000000000086dd
 1175.042 1e10000000090260
 1175.118 1e1000140003060000000000008c5f
 1175.118 1e1000140003c263
 1175.165 1e040000001673ab
 1175.226 1e042c00ea00e600ba00a0009e00ab00a30000ffff000000320000000000000000000001e00000000000000010002148ab
 1175.350 1e04001e00061261
 1175.350 1e040c000000000000000000000000cabf
 1175.396 0617afc8000cafdc00050a0010000000000000001557b5
 1175.584 0f1005bd00214200000000001f000c000000000000001f000c00000000000000000000001f000c000000000000001f000c00000000000000000000001f000c000000000000001f000c9373
 1175.630 0f1005bd002191d7
 1175.988 0217a7f8000fa80c00070e004000000028000a000affff00004d6d
 1176.050 02171e0018fc18fc180032002cfc18fc18fc18fc18fc18001500c0001efc18fc18a4ce
 1176.160 0f1005de00214200000000000000000000001f000c000000000000001f000c00000000000000000000001f000c000000000000001f000c00000000000000000000001f000c0000000078fc
 1176.206 0f1005de002161c9
 1176.284 0f1007d000132600180017ff9c0032002cff9cff9cff9cff9cff9c001500c0001e004000000028000a000a00000b72
 1176.315 0f1007d000138067
 1177.042 0217a7f8000fa80c00070e004000000028000a000affff00004d6d
 1177.090 02171e0018fc18fc180032002cfc18fc18fc18fc18fc18001500c0001efc18fc18a4ce
 1177.182 1e10000000091200010000000000000001000000000000000086dd
 1177.182 1e10000000090260
 1177.244 1e1000140003060000000000008c5f
 1177.244 1e1000140003c263
 1177.290 1e040000001673ab
 1177.352 1e042c00ea00e600ba00a0009e00ab00a30000ffff000000320000000000000000000001e00000000000000010002148ab
 1177.475 1e04001e00061261
 1177.475 1e040c000000000000000000000000cabf
 1177.584 0f1005ff0021420000001f000c00000000000000000000001f000c000000000000001f000c00000000000000000000001f000c000000000000001f000c0000000000000000000100000baf
 1177.662 0f1005ff002131c3
 1178.112 0217a7f8000fa80c00070e004000000028000a000affff00004d6d
 1178.174 02171e0018fc18fc180032002cfc18fc18fc18fc18fc18001500c0001efc18fc18a4ce
 1178.222 0a17b3b00003b3c40003060015001400002990
 1178.423 0f1006200021420000001f000c000000000000001f000c00000000000000000000001f000c000000000000001f000c00000000000000000000001f000c000000000000001f000c000041fc
 1178.454 0f1006200021007d
 1178.532 0f1007e4001122001100000000001509060709096705790000000000000000000000000000000000000359
 1178.563 0f1007e400114068
 1179.168 0217a7f8000fa80c00070e004000000028000a000affff00004d6d
 1179.214 02171e0018fc18fc180032002cfc18fc18fc18fc18fc18001500c0001efc18fc18a4ce
 1179.306 1e10000000091200010000000000000001000000000000000086dd
 1179.306 1e10000000090260
 1179.383 1e1000140003060000000000008c5f
 1179.383 1e1000140003c263
 1179.414 1e040000001673ab
 1179.491 1e042c00ea00e600ba00a0009e00ab00a30000ffff000000320000000000000000000001e00000000000000010002148ab
 1179.569 1e04001e00061261
 1179.601 1e040c000000000000000000000000cabf
 1179.662 0617afc8000cafdc00050a0010000000000000001557b5
 1179.845 0f1006410021420000000000000000001f000c000000000000001f000c00000000000000000000001f000c000000000000001f000c00000000000000000000001f000c00000000000091ef
 1179.908 0f100641002151a3
 1180.251 0217a7f8000fa80c00070e004000000028000a000affff00004d6d
 1180.297 02171e0018fc18fc180032002cfc18fc18fc18fc18fc18001500c0001efc18fc18a4ce
 1180.421 0f100662002142001f000c00000000000000000000001f000c000000000000001f000c00000000000000000000001f000c000000000000001f000c00000000000000000001000000008290
 1180.499 0f1006620021a069
 1180.576 0f1007d000132600180017ff9c0032002cff9cff9cff9cff9cff9c001500c0001e004000000028000a000a00000b72
 1180.639 0f1007d000138067
 1181.294 0217a7f8000fa80c00070e004000000028000a000affff00004d6d
 1181.356 02171e0018fc18fc180032002cfc18fc18fc18fc18fc18001500c0001efc18fc18a4ce
 1181.433 1e10000000091200010000000000000001000000000000000086dd
 1181.433 1e10000000090260
 1181.509 1e1000140003060000000000008c5f
 1181.509 1e1000140003c263
 1181.540 1e040000001673ab
 1181.602 1e042c00e900e600ba00a0009e00ab00a30000ffff000000320000000000000000000001e0000000000000001000210e69
 1181.694 1e04001e00061261
 1181.725 1e040c000000000000000000000000cabf
 1181.848 0f100683002142001f000c000000000000001f000c0000007f000100000015001f000c0000003b0017001f000c0000007f000000000000001f000c000000000000001f000c000000007b61
 1181.925 0f1006830021f05f
 1182.380 0217a7f8000fa80c00070e004000000028000a000affff00004d6d
 1182.426 02171e0018fc18fc180032002cfc18fc18fc18fc18fc18001500c0001efc18fc18a4ce
 1182.489 0a17b3b00003b3c40003060015001400002990
 1182.675 0f1006a4002142000000000000001f000c000000000000001f000c00000000000000000000001f000c000000000000001f000c00000000000000000000001f000c000000000000001f24e7
 1182.722 0f1006a400214054
 1182.799 0f1007e4001122001100000000001509060709096705790000000000000000000000000000000000000359
 1182.830 0f1007e400114068
 1183.434 0217a7f8000fa80c00070e004000000028000a000affff00004d6d
 1183.480 02171e0018fc18fc180032002cfc18fc18fc18fc18fc18001500c0001efc18fc18a4ce
 1183.573 1e10000000091200010000000000000001000000000000000086dd
 1183.573 1e10000000090260
 1183.634 1e1000140003060000000000008c5f
 1183.634 1e1000140003c263
 1183.664 1e040000001673ab
 1183.742 1e042c00e900e600ba00a0009e00ab00a30000ffff000000320000000000000000000001e0000000000000001000210e69
 1183.820 1e04001e00061261
 1183.850 1e040c000000000000000000000000cabf
 1183.912 0617afc8000cafdc00050a0010000000000000001557b5
 1184.099 0f1006c5002142000c00000000000000000000001f000c000000000000001f000c00000000000000000000001f000c000000000000001f000c0000000000030000006c0004000000000e20
 1184.175 0f1006c50021118a
 1184.498 0217a7f8000fa80c00070e004000000028000a000affff00004d6d
 1184.560 02171e0018fc18fc180032002cfc18fc18fc18fc18fc18001500c0001efc18fc18a4ce
 1184.623 0f1006ea00070e00100000000a001c0009001a000016d2
 1184.671 0f1006ea0007a199
 1184.751 0f1007d000132600180017ff9c0032002cff9cff9cff9cff9cff9c001500c0001e004000000028000a000a00000b72
 1184.828 0f1007d000138067
 1185.557 0217a7f8000fa80c00070e004000000028000a000affff00004d6d
 1185.604 02171e0018fc18fc180032002cfc18fc18fc18fc18fc18001500c0001efc18fc18a4ce
 1185.697 1e10000000091200010000000000000001000000000000000086dd
 1185.697 1e10000000090260
 1185.758 1e1000140003060000000000008c5f
 1185.758 1e1000140003c263
 1185.789 1e040000001673ab
 1185.866 1e042c00e900e600ba00a0009e00ab00a30000ffff000000320000000000000000000001e0000000000000001000210e69
 1185.944 1e04001e00061261
 1185.975 1e040c000000000000000000000000cabf
 1186.023 0f1006f1000306ffff0172a41721b2
 1186.101 0f1006f10003d05d
 1186.628 0217a7f8000fa80c00070e004000000028000a000affff00004d6d
 1186.690 02171e0018fc18fc180032002cfc18fc18fc18fc18fc18001500c0001efc18fc18a4ce
 1186.736 0a17b3b00003b3c40003060015001400002990
 1186.891 0f1006f4001326004000000028000a000a000000000000000000000000000000000010000000000000000000004853
 1186.970 0f1006f40013c190
 1187.048 0f1007e4001122001100000000001509060709096705790000000000000000000000000000000000000359
 1187.095 0f1007e400114068
 1187.688 0217a7f8000fa80c00070e004000000028000a000affff00004d6d
 1187.735 02171e0018fc18fc180032002cfc18fc18fc18fc18fc18001500c0001efc18fc18a4ce
 1187.813 1e10000000091200010000000000000001000000000000000086dd
 1187.813 1e10000000090260
 1187.891 1e1000140003060000000000008c5f
 1187.891 1e1000140003c263
 1187.921 1e040000001673ab
 1187.998 1e042c00e900e600ba00a0009e00ab00a30000ffff000000320000000000000000000001e0000000000000001000210e69
 1188.076 1e04001e00061261
 1188.106 1e040c000000000000000000000000cabf
 1188.168 0617afc8000cafdc00050a0010000000000000001557b5
 1188.276 0f03070800064450
 1188.339 0f030c00000000ff80000003dc00001206
 1188.461 0f1006200021420000001f000c000000000000001f000c00000000000000000000001f000c000000000000001f000c00000000000000000000001f000c000000000000001f000c000041fc
 1188.509 0f1006200021007d
 1188.756 0217a7f8000fa80c00070e004000000028000a000affff00004d6d
 1188.818 02171e0018fc18fc180032002cfc18fc18fc18fc18fc18001500c0001efc18fc18a4ce
 1188.940 0f1006410021420000000000000000001f000c000000000000001f000c00000000000000000000001f000c000000000000001f000c00000000000000000000001f000c00000000000091ef
 1189.097 0f1007d000132600180017ff9c0032002cff9cff9cff9cff9cff9c001500c0001e004000000028000a000a00000b72
 1189.159 0f1007d000138067
 1189.813 0217a7f8000fa80c00070e004000000028000a000affff00004d6d
 1189.860 02171e0018fc18fc180032002cfc18fc18fc18fc18fc18001500c0001efc18fc18a4ce
 1189.953 1e10000000091200010000000000000001000000000000000086dd
 1189.953 1e10000000090260
 1190.014 1e1000140003060000000000008c5f
 1190.014 1e1000140003c263
 1190.045 1e040000001673ab
 1190.123 1e042c00e900e600ba00a0009e00ab00a30000ffff000000320000000000000000000001e0000000000000001000210e69
 1190.201 1e04001e00061261
 1190.233 1e040c000000000000000000000000cabf
 1190.343 0f1006410021420000000000000000001f000c000000000000001f000c00000000000000000000001f000c000000000000001f000c00000000000000000000001f000c00000000000091ef
 1190.389 0f100641002151a3
 1190.857 0217a7f8000fa80c00070e004000000028000a000affff00004d6d
 1190.933 02171e0018fc18fc180032002cfc18fc18fc18fc18fc18001500c0001efc18fc18a4ce
 1190.994 0a17b3b00003b3c40003060015001400002990
 1191.179 0f100662002142001f000c00000000000000000000001f000c000000000000001f000c00000000000000000000001f000c000000000000001f000c00000000000000000001000000008290
 1191.241 0f1006620021a069
 1191.318 0f1007e4001122001100000000001509060709096705790000000000000000000000000000000000000359
 1191.365 0f1007e400114068
 1191.940 0217a7f8000fa80c00070e004000000028000a000affff00004d6d
 1191.987 02171e0018fc18fc180032002cfc18fc18fc18fc18fc18001500c0001efc18fc18a4ce
 1192.079 1e10000000091200010000000000000001000000000000000086dd
 1192.079 1e10000000090260
 1192.141 1e1000140003060000000000008c5f
 1192.141 1e1000140003c263
 1192.188 1e040000001673ab
 1192.250 1e042c00e900e600ba00a0009e00ac00a30000ffff000000320000000000000000000001e0000000000000001000210ba8
 1192.375 1e04001e00061261
 1192.375 1e040c000000000000000000000000cabf
 1192.422 0617afc8000cafdc00050a0010000000000000001557b5
 1192.609 0f100683002142001f000c000000000000001f000c0000007f000100000015001f000c0000003b0017001f000c0000007f000000000000001f000c000000000000001f000c000000007b61
 1192.717 0f1006830021f05f
 1193.013 0217a7f8000fa80c00070e004000000028000a000affff00004d6d
 1193.075 02171e0018fc18fc180032002cfc18fc18fc18fc18fc18001500c0001efc18fc18a4ce
 1193.184 0f100683002142001f000c000000000000001f000c0000007f000100000015001f000c0000003b0017001f000c0000007f000000000000001f000c000000000000001f000c000000007b61
 1193.229 0f1006830021f05f
 1193.323 0f1007f8001122000000000000000000000000000000000000000000000000000000000000000000006fb5
 1193.323 0f1007f8001181ae
 1194.070 0217a7f8000fa80c00070e004000000028000a000affff00004d6d
 1194.116 02171e0018fc18fc180032002cfc18fc18fc18fc18fc18001500c0001efc18fc18a4ce
 1194.194 1e10000000091200010000000000000001000000000000000086dd
 1194.194 1e10000000090260
 1194.256 1e1000140003060000000000008c5f
 1194.256 1e1000140003c263
 1194.303 1e040000001673ab
 1194.365 1e042c00e900e600ba00a0009e00ac00a30000ffff000000320000000000000000000001e0000000000000001000210ba8
 1194.489 1e04001e00061261
 1194.489 1e040c000000000000000000000000cabf
 1194.599 0f1006a4002142000000000000001f000c000000000000001f000c00000000000000000000001f000c000000000000001f000c00000000000000000000001f000c000000000000001f24e7
 1194.693 0f1006a400214054
 1195.133 0217a7f8000fa80c00070e004000000028000a000affff00004d6d
 1195.195 02171e0018fc18fc180032002cfc18fc18fc18fc18fc18001500c0001efc18fc18a4ce
 1195.242 0a17b3b00003b3c40003060015001400002990
 1195.427 0f1006c5002142000c00000000000000000000001f000c000000000000001f000c00000000000000000000001f000c000000000000001f000c0000000000030000006c0004000000000e20
 1195.473 0f1006c50021118a
 1195.552 0f10080c00122400c80000000000000000000000000000000000000000000000000014001000000000000085e3
 1195.583 0f10080c00128349
 1196.171 0217a7f8000fa80c00070e004000000028000a000affff00004d6d
 1196.233 02171e0018fc18fc180032002cfc18fc18fc18fc18fc18001500c0001efc18fc18a4ce
 1196.312 1e10000000091200010000000000000001000000000000000086dd
 1196.312 1e10000000090260
 1196.375 1e1000140003060000000000008c5f
 1196.375 1e1000140003c263
 1196.423 1e040000001673ab
 1196.484 1e042c00e900e600ba00a0009e00ac00a30000ffff000000320000000000000000000001e0000000000000001000210ba8
 1196.578 1e04001e00061261
 1196.609 1e040c000000000000000000000000cabf
 1196.655 0617afc8000cafdc00050a0010000000000000001557b5
 1196.795 0f1006ea00070e001c0000000a001c0009001a0000071e
 1196.871 0f1006ea0007a199
 1197.261 0217a7f8000fa80c00070e004000000028000a000affff00004d6d
 1197.307 02171e0018fc18fc180032002cfc18fc18fc18fc18fc18001500c0001efc18fc18a4ce
 1197.354 0f1006f1000306ffff0172a41721b2
 1197.511 0f1007f8001122000000000000000000000000000000000000000000000000000000000000000000006fb5
 1197.619 0f1007f8001181ae
 1198.303 0217a7f8000fa80c00070e004000000028000a000affff00004d6d
 1198.366 02171e0018fc18fc180032002cfc18fc18fc18fc18fc18001500c0001efc18fc18a4ce
 1198.444 1e10000000091200010000000000000001000000000000000086dd
 1198.444 1e10000000090260
 1198.520 1e1000140003060000000000008c5f
 1198.520 1e1000140003c263
 1198.551 1e040000001673ab
 1198.613 1e042c00e900e600ba00a0009e00ac00a30000ffff000000320000000000000000000001e0000000000000001000210ba8
 1198.704 1e04001e00061261
 1198.735 1e040c000000000000000000000000cabf
 1198.781 0f1006f1000306ffff0172a41721b2
 1199.391 0217a7f8000fa80c00070e004000000028000a000affff00004d6d
 1199.437 02171e0018fc18fc180032002cfc18fc18fc18fc18fc18001500c0001efc18fc18a4ce
 1199.499 0a17b3b00003b3c40003060015001400002990
 1199.639 0f1006f1000306ffff0172a41721b2
 1199.639 0f1006f10003d05d
 1199.746 0f1007f8001122000000000000000000000000000000000000000000000000000000000000000000006fb5
 1199.746 0f1007f8001181ae
 1200.445 0217a7f8000fa80c00070e004000000028000a000affff00004d6d
 1200.493 02171e0018fc18fc180032002cfc18fc18fc18fc18fc18001500c0001efc18fc18a4ce
 1200.570 1e10000000091200010000000000000001000000000000000086dd
 1200.570 1e10000000090260
 1200.647 1e1000140003060000000000008c5f
 1200.647 1e1000140003c263
 1200.693 1e040000001673ab
 1200.755 1e042c00e900e600ba00a0009e00ac00a30000ffff000000320000000000000000000001e0000000000000001000210ba8
 1200.863 1e04001e00061261
 1200.863 1e040c000000000000000000000000cabf
 1200.926 0617afc8000cafdc00050a0010000000000000001557b5
 1201.081 0f1006f4001326004000000028000a000a000000000000000000000000000000000010000000000000000000004853
 1201.112 0f1006f40013c190
 1201.532 0217a7f8000fa80c00070e004000000028000a000affff00004d6d
 1201.579 02171e0018fc18fc180032002cfc18fc18fc18fc18fc18001500c0001efc18fc18a4ce
 1201.657 0f1007f8001122000000000000000000000000000000000000000000000000000000000000000000006fb5
 1201.689 0f1007f8001181ae
 1202.568 0217a7f8000fa80c00070e004000000028000a000affff00004d6d
 1202.631 02171e0018fc18fc180032002cfc18fc18fc18fc18fc18001500c0001efc18fc18a4ce
 1202.708 1e10000000091200010000000000000001000000000000000086dd
 1202.708 1e10000000090260
 1202.785 1e1000140003060000000000008c5f
 1202.785 1e1000140003c263
 1202.816 1e040000001673ab
 1202.894 1e042c00e900e600ba00a0009e00ab00a30000ffff000000320000000000000000000001e0000000000000001000210e69
 1202.971 1e04001e00061261
 1203.002 1e040c000000000000000000000000cabf
 1203.656 0217a7f8000fa80c00070e004000000028000a000affff00004d6d
 1203.703 02171e0018fc18fc180032002cfc18fc18fc18fc18fc18001500c0001efc18fc18a4ce
 1203.766 0a17b3b00003b3c40003060015001400002990
 1203.920 0f10080c00122400c80000000000000000000000000000000000000000000000000014001000000000000085e3
 1204.014 0f10080c00128349
 1204.708 0217a7f8000fa80c00070e004000000028000a000affff00004d6d
 1204.755 02171e0018fc18fc180032002cfc18fc18fc18fc18fc18001500c0001efc18fc18a4ce
 1204.848 1e10000000091200010000000000000001000000000000000086dd
 1204.848 1e10000000090260
 1204.910 1e1000140003060000000000008c5f
 1204.910 1e1000140003c263
 1204.942 1e040000001673ab
 1205.019 1e042c00e900e600ba00a0009e00ab00a30000ffff000000320000000000000000000001e0000000000000001000210e69
 1205.096 1e04001e00061261
 1205.127 1e040c000000000000000000000000cabf
 1205.189 0617afc8000cafdc00050a0010000000000000001557b5
 1205.297 0f03070800064450
 1205.406 0f030c000000008000000003dc0000d4aa
 1205.485 0f1006f4001326004000000028000a000a000000000000000000000000000000000010000000000000000000004853
 1205.547 0f1006f40013c190
 1205.780 0217a7f8000fa80c00070e004000000028000a000affff00004d6d
 1205.842 02171e0018fc18fc180032002cfc18fc18fc18fc18fc18001500c0001efc18fc18a4ce
 1205.920 0f1007f8001122000000000000000000000000000000000000000000000000000000000000000000006fb5
 1205.980 0f1007f8001181ae
 1206.833 0217a7f8000fa80c00070e004000000028000a000affff00004d6d
 1206.895 02171e0018fc18fc180032002cfc18fc18fc18fc18fc18001500c0001efc18fc18a4ce
 1206.973 1e10000000091200010000000000000001000000000000000086dd
 1206.973 1e10000000090260
 1207.036 1e1000140003060000000000008c5f
 1207.036 1e1000140003c263
 1207.083 1e040000001673ab
 1207.145 1e042c00e900e600ba00a0009e00ab00a30000ffff000000320000000000000000000001e0000000000000001000210e69
 1207.270 1e04001e00061261
 1207.270 1e040c000000000000000000000000cabf
 1207.908 0217a7f8000fa80c00070e004000000028000a000affff00004d6d
 1207.969 02171e0018fc18fc180032002cfc18fc18fc18fc18fc18001500c0001efc18fc18a4ce
 1208.015 0a17b3b00003b3c40003060015001400002990
 1208.171 0f10080c00122400c80000000000000000000000000000000000000000000000000014001000000000000085e3
 1208.219 0f10080c00128349
 1208.961 0217a7f8000fa80c00070e004000000028000a000affff00004d6d
 1209.008 02171e0018fc18fc180032002cfc18fc18fc18fc18fc18001500c0001efc18fc18a4ce
 1209.101 1e10000000091200010000000000000001000000000000000086dd
 1209.101 1e10000000090260
 1209.162 1e1000140003060000000000008c5f
 1209.162 1e1000140003c263
 1209.208 1e040000001673ab
 1209.271 1e042c00e900e600ba00a0009e00ab00a30000ffff000000320000000000000000000001e0000000000000001000210e69
 1209.395 1e04001e00061261
 1209.395 1e040c000000000000000000000000cabf
 1209.442 0617afc8000cafdc00050a0010000000000000001557b5
 1209.551 0f03070800064450
 1209.660 0f030c000000000000000003dc0000dcca
 1210.049 0217a7f8000fa80c00070e004000000028000a000affff00004d6d
 1210.095 02171e0018fc18fc180032002cfc18fc18fc18fc18fc18001500c0001efc18fc18a4ce
 1210.173 0f1007f8001122000000000000000000000000000000000000000000000000000000000000000000006fb5
 1210.220 0f1007f8001181ae
 1211.088 0217a7f8000fa80c00070e004000000028000a000affff00004d6d
 1211.150 02171e0018fc18fc180032002cfc18fc18fc18fc18fc18001500c0001efc18fc18a4ce
 1211.228 1e10000000091200010000000000000001000000000000000086dd
 1211.228 1e10000000090260
 1211.306 1e1000140003060000000000008c5f
 1211.306 1e1000140003c263
 1211.337 1e040000001673ab
 1211.398 1e042c00e900e600ba00a0009e00ab00a30000ffff000000320000000000000000000001e0000000000000001000210e69
 1211.492 1e04001e00061261
 1211.524 1e040c000000000000000000000000cabf
