    0.373 0217a7f8000fa80c00070e004000000020003c000affff00007cae
    0.420 02171e0018fc18fc1800370029fc18fc18fc18fc18fc18001000c0001efc18fc1831a4
    0.512 1e10000000091200010000000000000001000000000000000086dd
    0.512 1e10000000090260
    0.576 1e1000140003060000000000008c5f
    0.576 1e1000140003c263
    0.607 1e040000001673ab
    0.685 1e042c00e700e200bd00d50085008601040000ffff000000320000000000000000000001e0000000000000001800214dbd
    0.763 1e04001e00061261
    0.794 1e040c000000000000000000000000cabf
    1.448 0217a7f8000fa80c00070e004000000020003c000affff00007cae
    1.496 02171e0018fc18fc1800370029fc18fc18fc18fc18fc18001000c0001efc18fc1831a4
    1.558 0a17b3b00003b3c4000306001000140000e590
    1.744 0f10082000122400e700e200bd00d500850086010400320000000000000000000001e00018002109670579e0a9
    1.744 0f10082000124280
    2.494 0217a7f8000fa80c00070e004000000000003c000affff0000e56f
    2.541 02171e0018fc18fc1800370029fc18fc18fc18fc18fc18001000c0001efc18fc1831a4
    2.635 1e10000000091200010000000000000001000000000000000086dd
    2.635 1e10000000090260
    2.697 1e1000140003060000000000008c5f
    2.697 1e1000140003c263
    2.743 1e040000001673ab
    2.806 1e042c00e700e200bd00d50085008601040000ffff000000320000000000000000000001e0000000000000001800214dbd
    2.931 1e04001e00061261
    2.931 1e040c000000000000000000000000cabf
    2.977 0617afc8000cafdc00050a000000000000000000105a76
    3.088 0f03070800064450
    3.120 0f030c0000000000000000000000001d74
    3.586 0217a7f8000fa80c00070e004000000000003c000affff0000e56f
    3.633 02171e0018fc18fc1800370029fc18fc18fc18fc18fc18001000c0001efc18fc1831a4
    3.712 0f1008340012240000000000000000000000000000000000800000000000000000015e015e00000000000055c5
    3.744 0f10083400120284
    4.634 0217a7f8000fa80c00070e004000000000003c000affff0000e56f
    4.682 02171e0018fc18fc1800370029fc18fc18fc18fc18fc18001000c0001efc18fc1831a4
    4.759 1e10000000091200010000000000000001000000000000000086dd
    4.759 1e10000000090260
    4.838 1e1000140003060000000000008c5f
    4.838 1e1000140003c263
    4.869 1e040000001673ab
    4.932 1e042c00e700e200bd00d50085008601040000ffff000000320000000000000000000001e0000000000000001800214dbd
    5.060 1e04001e00061261
    5.060 1e040c000000000000000000000000cabf
    5.699 0217a7f8000fa80c00070e004000000000003c000affff0000e56f
    5.761 02171e0018fc18fc1800370029fc18fc18fc18fc18fc18001000c0001efc18fc1831a4
    5.807 0a17b3b00003b3c4000306001000140000e590
    5.992 0f10084800172effbf0015001500160016000000000000000000320000000000000032000a0000000600340013001a0009001a0005336e
    5.992 0f1008480017035f
    6.757 0217a7f8000fa80c00070e004000000000003c000affff0000e56f
    6.803 02171e0018fc18fc1800370029fc18fc18fc18fc18fc18001000c0001efc18fc1831a4
    6.897 1e10000000091200010000000000000001000000000000000086dd
    6.897 1e10000000090260
    6.959 1e1000140003060000000000008c5f
    6.959 1e1000140003c263
    7.006 1e040000001673ab
    7.069 1e042c00e700e200bd00d50085008601040000ffff000000320000000000000000000001e0000000000000001800214dbd
    7.148 1e04001e00061261
    7.178 1e040c000000000000000000000000cabf
    7.241 0617afc8000cafdc00050a000000000000000000105a76
    7.352 0f03070800064450
    7.383 0f030c0000000000000000000000001d74
    7.836 0217a7f8000fa80c00070e004000000000003c000affff0000e56f
    7.898 02171e0018fc18fc1800370029fc18fc18fc18fc18fc18001000c0001efc18fc1831a4
    7.961 0f10086400040800000000000000e85637
    7.961 0f1008640004835b
    8.879 0217a7f8000fa80c00070e004000000000003c000affff0000e56f
    8.941 02171e0018fc18fc1800370029fc18fc18fc18fc18fc18001000c0001efc18fc1831a4
    9.018 1e10000000091200010000000000000001000000000000000086dd
    9.018 1e10000000090260
    9.096 1e1000140003060000000000008c5f
    9.096 1e1000140003c263
    9.127 1e040000001673ab
    9.205 1e042c00e700e200bd00d50085008601040000ffff000000320000000000000000000001e0000000000000001800214dbd
    9.282 1e04001e00061261
    9.313 1e040c000000000000000000000000cabf
    9.968 0217a7f8000fa80c00070e004000000000003c000affff0000e56f
   10.015 02171e0018fc18fc1800370029fc18fc18fc18fc18fc18001000c0001efc18fc1831a4
   10.077 0a17b3b00003b3c4000306001000140000e590
   10.250 0f100870001122046b000001f501a701b501a700c90000000000000000012a05c378090000000000006f99
   10.250 0f10087000110290
   11.012 0217a7f8000fa80c00070e004000000000003c000affff0000e56f
   11.074 02171e0018fc18fc1800370029fc18fc18fc18fc18fc18001000c0001efc18fc1831a4
   11.136 1e10000000091200010000000000000001000000000000000086dd
   11.277 1e1000140003060000000000008c5f
   11.277 1e1000140003c263
   11.309 1e040000001673ab
   11.373 1e042c00e700e200bd00d50085008601040000ffff000000320000000000000000000001e0000000000000001800214dbd
   11.466 1e04001e00061261
   11.497 1e040c000000000000000000000000cabf
   11.544 0617afc8000cafdc00050a000000000000000000105a76
   11.686 0f03070800064450
   11.686 0f030c0000000000000000000000001d74
   12.061 0217a7f8000fa80c00070e004000000000003c000affff0000e56f
   12.124 02171e0018fc18fc1800370029fc18fc18fc18fc18fc18001000c0001efc18fc1831a4
   13.170 0f100884003c837f
   13.170 0217a7f8000fa80c00070e004000000000003c000affff0000e56f
   13.170 02171e0018fc18fc1800370029fc18fc18fc18fc18fc18001000c0001efc18fc1831a4
   13.247 1e10000000091200010000000000000001000000000000000086dd
   13.247 1e10000000090260
   13.309 1e1000140003060000000000008c5f
   13.309 1e1000140003c263
   13.356 1e040000001673ab
   13.417 1e042c00e700e200bd00d50085008601040000ffff000000320000000000000000000001e0000000000000001800214dbd
   13.512 1e04001e00061261
   13.543 1e040c000000000000000000000000cabf
   14.199 0217a7f8000fa80c00070e004000000000003c000affff0000e56f
   14.246 02171e0018fc18fc1800370029fc18fc18fc18fc18fc18001000c0001efc18fc1831a4
   14.308 0a17b3b00003b3c4000306001000140000e590
   15.243 0217a7f8000fa80c00070e004000000000003c000affff0000e56f
   15.289 02171e0018fc18fc1800370029fc18fc18fc18fc18fc18001000c0001efc18fc1831a4
   15.382 1e10000000091200010000000000000001000000000000000086dd
   15.382 1e10000000090260
   15.444 1e1000140003060000000000008c5f
   15.444 1e1000140003c263
   15.476 1e040000001673ab
   15.539 1e042c00e700e200bd00d50085008601040000ffff000000320000000000000000000001e0000000000000001800214dbd
   15.665 1e04001e00061261
   15.665 1e040c000000000000000000000000cabf
   15.712 0617afc8000cafdc00050a000000000000000000105a76
   15.852 0f03070800064450
   15.852 0f030c0000000000000000000000001d74
   16.314 0217a7f8000fa80c00070e004000000000003c000affff0000e56f
   16.377 02171e0018fc18fc1800370029fc18fc18fc18fc18fc18001000c0001efc18fc1831a4
   16.474 0f1007d000132600180017ff9c00370029ff9cff9cff9cff9cff9c001000c0001e004000000000003c000a00006821
   16.474 0f1007d000138067
   17.360 0217a7f8000fa80c00070e004000000000003c000affff0000e56f
   17.424 02171e0018fc18fc1800370029fc18fc18fc18fc18fc18001000c0001efc18fc1831a4
   17.503 1e10000000091200010000000000000001000000000000000086dd
   17.503 1e10000000090260
   17.580 1e1000140003060000000000008c5f
   17.580 1e1000140003c263
   17.613 1e040000001673ab
   17.677 1e042c00e700e200bd00d50085008601040000ffff000000320000000000000000000001e0000000000000001800214dbd
   17.757 1e04001e00061261
   17.789 1e040c000000000000000000000000cabf
   18.449 0217a7f8000fa80c00070e004000000000003c000affff0000e56f
   18.496 02171e0018fc18fc1800370029fc18fc18fc18fc18fc18001000c0001efc18fc1831a4
   18.559 0a17b3b00003b3c4000306001000140000e590
   18.732 0f1007e4001122000d00000000001009060709096705790000000000000000000000000000000000001294
   18.732 0f1007e400114068
   19.485 0217a7f8000fa80c00070e004000000000003c000affff0000e56f
   19.548 02171e0018fc18fc1800370029fc18fc18fc18fc18fc18001000c0001efc18fc1831a4
   19.626 1e10000000091200010000000000000001000000000000000086dd
   19.626 1e10000000090260
   19.689 1e1000140003060000000000008c5f
   19.689 1e1000140003c263
   19.737 1e040000001673ab
   19.800 1e042c00e700e200bd00d50085008601040000ffff000000320000000000000000000001e0000000000000001800214dbd
   19.925 1e04001e00061261
   19.925 1e040c000000000000000000000000cabf
   19.972 0617afc8000cafdc00050a000000000000000000105a76
   20.082 0f03070800064450
   20.113 0f030c0000000000000000000000001d74
   20.581 0217a7f8000fa80c00070e004000000000003c000affff0000e56f
   20.628 02171e0018fc18fc1800370029fc18fc18fc18fc18fc18001000c0001efc18fc1831a4
   20.738 0f1007f8001122000000000000000000000000000000000000000000000000000000000000000000006fb5
   20.738 0f1007f8001181ae
   21.619 0217a7f8000fa80c00070e004000000000003c000affff0000e56f
   21.666 02171e0018fc18fc1800370029fc18fc18fc18fc18fc18001000c0001efc18fc1831a4
   21.760 1e10000000091200010000000000000001000000000000000086dd
   21.760 1e10000000090260
   21.820 1e1000140003060000000000008c5f
   21.820 1e1000140003c263
   21.868 1e040000001673ab
   21.929 1e042c00e700e200bd00d50085008601040000ffff000000320000000000000000000001e0000000000000001800214dbd
   22.023 1e04001e00061261
   22.054 1e040c000000000000000000000000cabf
   22.708 0217a7f8000fa80c00070e004000000000003c000affff0000e56f
   22.755 02171e0018fc18fc1800370029fc18fc18fc18fc18fc18001000c0001efc18fc1831a4
   22.816 0a17b3b00003b3c4000306001000140000e590
   22.988 0f10080c00122400c8000000000000000000000000000000000000000000000000001400000000000000009422
   23.880 0217a7f8000fa80c00070e004000000000003c000affff0000e56f
   23.880 02171e0018fc18fc1800370029fc18fc18fc18fc18fc18001000c0001efc18fc1831a4
   23.880 1e10000000091200010000000000000001000000000000000086dd
   23.880 1e10000000090260
   23.959 1e1000140003060000000000008c5f
   23.959 1e1000140003c263
   23.990 1e040000001673ab
   24.068 1e042c00e700e200bd00d50085008601040000ffff000000320000000000000000000001e0000000000000001800214dbd
   24.146 1e04001e00061261
   24.178 1e040c000000000000000000000000cabf
   24.240 0617afc8000cafdc00050a000000000000000000105a76
   24.380 0f03070800064450
   24.380 0f030c0000000000000000000000001d74
   24.832 0217a7f8000fa80c00070e004000000000003c000affff0000e56f
   24.895 02171e0018fc18fc1800370029fc18fc18fc18fc18fc18001000c0001efc18fc1831a4
   25.005 0f10080c00122400c8000000000000000000000000000000000000000000000000001400000000000000009422
   25.005 0f10080c00128349
   25.879 0217a7f8000fa80c00070e004000000000003c000affff0000e56f
   25.942 02171e0018fc18fc1800370029fc18fc18fc18fc18fc18001000c0001efc18fc1831a4
   26.021 1e10000000091200010000000000000001000000000000000086dd
   26.021 1e10000000090260
   26.083 1e1000140003060000000000008c5f
   26.083 1e1000140003c263
   26.129 1e040000001673ab
   26.192 1e042c00e700e200bd00d50085008601040000ffff000000320000000000000000000001e0000000000000001800214dbd
   26.301 1e04001e00061261
   26.301 1e040c000000000000000000000000cabf
   26.962 0217a7f8000fa80c00070e004000000000003c000affff0000e56f
   27.010 02171e0018fc18fc1800370029fc18fc18fc18fc18fc18001000c0001efc18fc1831a4
   27.075 0a17b3b00003b3c4000306001000140000e590
   27.218 0f10082000122400e700e200bd00d500850086010400320000000000000000000001e00018002109670579e0a9
   28.140 0217a7f8000fa80c00070e004000000000003c000affff0000e56f
   28.140 02171e0018fc18fc1800370029fc18fc18fc18fc18fc18001000c0001efc18fc1831a4
   28.140 1e10000000091200010000000000000001000000000000000086dd
   28.140 1e10000000090260
   28.218 1e1000140003060000000000008c5f
   28.218 1e1000140003c263
   28.249 1e040000001673ab
   28.328 1e042c00e700e200bd00d50085008601040000ffff000000320000000000000000000001e0000000000000001800214dbd
   28.407 1e04001e00061261
   28.440 1e040c000000000000000000000000cabf
   28.502 0617afc8000cafdc00050a000000000000000000105a76
   28.645 0f03070800064450
   28.645 0f030c0000000000000000000000001d74
   29.088 0217a7f8000fa80c00070e004000000000003c000affff0000e56f
   29.151 02171e0018fc18fc1800370029fc18fc18fc18fc18fc18001000c0001efc18fc1831a4
   29.228 0f10082000122400e700e200bd00d500850086010400320000000000000000000001e00018002109670579e0a9
   29.260 0f10082000124280
   30.138 0217a7f8000fa80c00070e004000000000003c000affff0000e56f
   30.202 02171e0018fc18fc1800370029fc18fc18fc18fc18fc18001000c0001efc18fc1831a4
   30.282 1e10000000091200010000000000000001000000000000000086dd
   30.282 1e10000000090260
   30.346 1e1000140003060000000000008c5f
   30.346 1e1000140003c263
   30.378 1e040000001673ab
   30.444 1e042c00e700e200bd00d50085008601040000ffff000000320000000000000000000001e0000000000000001800214dbd
   30.539 1e04001e00061261
   30.571 1e040c000000000000000000000000cabf
   31.225 0217a7f8000fa80c00070e004000000000003c000affff0000e56f
   31.272 02171e0018fc18fc1800370029fc18fc18fc18fc18fc18001000c0001efc18fc1831a4
   31.321 0a17b3b00003b3c4000306001000140000e590
   31.476 0f1008340012240000000000000000000000000000000000800000000000000000015e015e00000000000055c5
   31.508 0f10083400120284
   32.259 0217a7f8000fa80c00070e004000000000003c000affff0000e56f
   32.321 02171e0018fc18fc1800370029fc18fc18fc18fc18fc18001000c0001efc18fc1831a4
   32.399 1e10000000091200010000000000000001000000000000000086dd
   32.399 1e10000000090260
   32.477 1e1000140003060000000000008c5f
   32.477 1e1000140003c263
   32.507 1e040000001673ab
   32.585 1e042c00e700e200bd00d20086008601040000ffff000000320000000000000000000001e0000000000000001800216b8d
   32.664 1e04001e00061261
   32.694 1e040c000000000000000000000000cabf
   32.756 0617afc8000cafdc00050a000000000000000000105a76
   32.898 0f03070800064450
   32.898 0f030c0000000000000000000000001d74
   33.351 0217a7f8000fa80c00070e004000000000003c000affff0000e56f
   33.414 02171e0018fc18fc1800370029fc18fc18fc18fc18fc18001000c0001efc18fc1831a4
   33.523 0f10084800172effbf0015001500160016000000000000000000320000000000000032000a0000002100340013001a0009001a00054749
   33.523 0f1008480017035f
   34.398 0217a7f8000fa80c00070e004000000000003c000affff0000e56f
   34.461 02171e0018fc18fc1800370029fc18fc18fc18fc18fc18001000c0001efc18fc1831a4
   34.540 1e10000000091200010000000000000001000000000000000086dd
   34.540 1e10000000090260
   34.603 1e1000140003060000000000008c5f
   34.603 1e1000140003c263
   34.650 1e040000001673ab
   34.712 1e042c00e700e200bd00d20086008601040000ffff000000320000000000000000000001e0000000000000001800216b8d
   34.837 1e04001e00061261
   34.837 1e040c000000000000000000000000cabf
   35.475 0217a7f8000fa80c00070e004000000000003c000affff0000e56f
   35.538 02171e0018fc18fc1800370029fc18fc18fc18fc18fc18001000c0001efc18fc1831a4
   35.586 0a17b3b00003b3c4000306001000140000e590
   35.726 0f10086400040800000000000000e85637
   35.726 0f1008640004835b
   36.525 0217a7f8000fa80c00070e004000000000003c000affff0000e56f
   36.587 02171e0018fc18fc1800370029fc18fc18fc18fc18fc18001000c0001efc18fc1831a4
   36.666 1e10000000091200010000000000000001000000000000000086dd
   36.666 1e10000000090260
   36.728 1e1000140003060000000000008c5f
   36.728 1e1000140003c263
   36.775 1e040000001673ab
   36.838 1e042c00e700e200bd00d20086008601040000ffff000000320000000000000000000001e0000000000000001800216b8d
   36.917 1e04001e00061261
   36.948 1e040c000000000000000000000000cabf
   37.010 0617afc8000cafdc00050a000000000000000000105a76
   37.120 0f03070800064450
   37.152 0f030c0000000000000000000000001d74
   37.605 0217a7f8000fa80c00070e004000000000003c000affff0000e56f
   37.668 02171e0018fc18fc1800370029fc18fc18fc18fc18fc18001000c0001efc18fc1831a4
   37.779 0f100870001122046b000001f501a701b501a700c90000000000000000012a05c378090000000000006f99
   37.779 0f10087000110290
   38.656 0217a7f8000fa80c00070e004000000000003c000affff0000e56f
   38.717 02171e0018fc18fc1800370029fc18fc18fc18fc18fc18001000c0001efc18fc1831a4
   38.794 1e10000000091200010000000000000001000000000000000086dd
   38.794 1e10000000090260
   38.856 1e1000140003060000000000008c5f
   38.856 1e1000140003c263
   38.904 1e040000001673ab
   38.966 1e042c00e700e200bd00d20086008601040000ffff000000320000000000000000000001e0000000000000001800216b8d
   39.088 1e04001e00061261
   39.088 1e040c000000000000000000000000cabf
   39.744 0217a7f8000fa80c00070e004000000000003c000affff0000e56f
   39.791 02171e0018fc18fc1800370029fc18fc18fc18fc18fc18001000c0001efc18fc1831a4
   39.838 0a17b3b00003b3c4000306001000140000e590
   40.931 0217a7f8000fa80c00070e004000000000003c000affff0000e56f
   40.931 02171e0018fc18fc1800370029fc18fc18fc18fc18fc18001000c0001efc18fc1831a4
   40.931 1e10000000091200010000000000000001000000000000000086dd
   40.931 1e10000000090260
   41.040 1e1000140003060000000000008c5f
   41.040 1e1000140003c263
   41.040 1e040000001673ab
   41.103 1e042c00e700e200bd00d20086008601040000ffff000000320000000000000000000001e0000000000000001800216b8d
   41.227 1e04001e00061261
   41.227 1e040c000000000000000000000000cabf
   41.273 0617afc8000cafdc00050a000000000000000000105a76
   41.383 0f03070800064450
   41.868 0217a7f8000fa80c00070e004000000000003c000affff0000e56f
   41.929 02171e0018fc18fc1800370029fc18fc18fc18fc18fc18001000c0001efc18fc1831a4
   42.975 0f100884003c837f
   42.975 0217a7f8000fa80c00070e004000000000003c000affff0000e56f
   42.975 02171e0018fc18fc1800370029fc18fc18fc18fc18fc18001000c0001efc18fc1831a4
   43.053 1e10000000091200010000000000000001000000000000000086dd
   43.053 1e10000000090260
   43.133 1e1000140003060000000000008c5f
   43.133 1e1000140003c263
   43.164 1e040000001673ab
   43.226 1e042c00e700e200bd00d20086008601040000ffff000000320000000000000000000001e0000000000000001800216b8d
   43.321 1e04001e00061261
   43.352 1e040c000000000000000000000000cabf
   43.996 0217a7f8000fa80c00070e004000000000003c000affff0000e56f
   44.058 02171e0018fc18fc1800370029fc18fc18fc18fc18fc18001000c0001efc18fc1831a4
   44.105 0a17b3b00003b3c4000306001000140000e590
   45.046 0217a7f8000fa80c00070e004000000000003c000affff0000e56f
   45.093 02171e0018fc18fc1800370029fc18fc18fc18fc18fc18001000c0001efc18fc1831a4
   45.186 1e10000000091200010000000000000001000000000000000086dd
   45.186 1e10000000090260
   45.249 1e1000140003060000000000008c5f
   45.249 1e1000140003c263
   45.297 1e040000001673ab
   45.359 1e042c00e600e200bd00d50085008601010000ffff000000320000000000000000000001e0000000000000001800215ffe
   45.485 1e04001e00061261
   45.485 1e040c000000000000000000000000cabf
   45.532 0617afc8000cafdc00050a000000000000000000105a76
   45.641 0f03070800064450
   45.673 0f030c0000000000000000000000001d74
   46.136 0217a7f8000fa80c00070e004000000000003c000affff0000e56f
   46.183 02171e0018fc18fc1800370029fc18fc18fc18fc18fc18001000c0001efc18fc1831a4
   46.295 0f1007d000132600180017ff9c00370029ff9cff9cff9cff9cff9c001000c0001e004000000000003c000a00006821
   46.295 0f1007d000138067
   47.189 0217a7f8000fa80c00070e004000000000003c000affff0000e56f
   47.235 02171e0018fc18fc1800370029fc18fc18fc18fc18fc18001000c0001efc18fc1831a4
   47.330 1e10000000091200010000000000000001000000000000000086dd
   47.330 1e10000000090260
   47.394 1e1000140003060000000000008c5f
   47.394 1e1000140003c263
   47.426 1e040000001673ab
   47.490 1e042c00e600e200bd00d50085008601010000ffff000000320000000000000000000001e0000000000000001800215ffe
   47.583 1e04001e00061261
   47.614 1e040c000000000000000000000000cabf
   48.265 0217a7f8000fa80c00070e004000000000003c000affff0000e56f
   48.327 02171e0018fc18fc1800370029fc18fc18fc18fc18fc18001000c0001efc18fc1831a4
   48.374 0a17b3b00003b3c4000306001000140000e590
   48.534 0f1007e4001122000d00000000001009060709096705790000000000000000000000000000000000001294
   48.566 0f1007e400114068
   49.314 0217a7f8000fa80c00070e004000000020003c000affff00007cae
   49.361 02171e0018fc18fc1800370029fc18fc18fc18fc18fc18001000c0001efc18fc1831a4
   49.456 1e10000000091200010000000000000001000000000000000086dd
   49.456 1e10000000090260
   49.520 1e1000140003060000000000008c5f
   49.520 1e1000140003c263
   49.566 1e040000001673ab
   49.629 1e042c00e600e200bd00d50085008601010000ffff000000320000000000000000000001e0000000000000001800215ffe
   49.708 1e04001e00061261
   49.741 1e040c000000000000000000000000cabf
   49.804 0617afc8000cafdc00050a00200000000000000010c3b7
   49.946 0f03070800064450
   49.946 0f030c0000000000000000000000001d74
   50.405 0217a7f8000fa80c00070e004000000020003c000affff00007cae
   50.453 02171e0018fc18fc1800370029fc18fc18fc18fc18fc18001000c0001efc18fc1831a4
   50.565 0f1007f8001122000000000000000000000000000000000000000000000000000000000000000000006fb5
   50.565 0f1007f8001181ae
   51.452 0217a7f8000fa80c00070e004000000020003c000affff00007cae
   51.500 02171e0018fc18fc1800370029fc18fc18fc18fc18fc18001000c0001efc18fc1831a4
   51.577 1e10000000091200010000000000000001000000000000000086dd
   51.577 1e10000000090260
   51.656 1e1000140003060000000000008c5f
   51.656 1e1000140003c263
   51.687 1e040000001673ab
   51.750 1e042c00e600e200bd00d50085008601010000ffff000000320000000000000000000001e0000000000000001800215ffe
   51.875 1e04001e00061261
   51.875 1e040c000000000000000000000000cabf
   52.520 0217a7f8000fa80c00070e004000000020003c000affff00007cae
   52.567 02171e0018fc18fc1800370029fc18fc18fc18fc18fc18001000c0001efc18fc1831a4
   52.630 0a17b3b00003b3c4000306001000140000e590
   52.801 0f10080c00122400c800000000000000000000000000000000000000000000000000140020000000000000b5e0
   52.801 0f10080c00128349
   53.572 0217a7f8000fa80c00070e004000000020003c000affff00007cae
   53.619 02171e0018fc18fc1800370029fc18fc18fc18fc18fc18001000c0001efc18fc1831a4
   53.713 1e10000000091200010000000000000001000000000000000086dd
   53.713 1e10000000090260
   53.775 1e1000140003060000000000008c5f
   53.775 1e1000140003c263
   53.823 1e040000001673ab
   53.885 1e042c00e600e200bd00d50085008601010000ffff000000320000000000000000000001e0000000000000001800215ffe
   53.963 1e04001e00061261
   53.994 1e040c000000000000000000000000cabf
   54.056 0617afc8000cafdc00050a00200000000000000010c3b7
   54.166 0f03070800064450
   54.197 0f030c0000000000000000000000001d74
   54.652 0217a7f8000fa80c00070e004000000020003c000affff00007cae
   54.716 02171e0018fc18fc1800370029fc18fc18fc18fc18fc18001000c0001efc18fc1831a4
   54.794 0f10082000122400e600e200bd00d500850086010100320000000000000000000001e000180021096705793306
   54.842 0f10082000124280
   55.703 0217a7f8000fa80c00070e004000000020003c000affff00007cae
   55.749 02171e0018fc18fc1800370029fc18fc18fc18fc18fc18001000c0001efc18fc1831a4
   55.843 1e10000000091200010000000000000001000000000000000086dd
   55.843 1e10000000090260
   55.906 1e1000140003060000000000008c5f
   55.906 1e1000140003c263
   55.953 1e040000001673ab
   56.014 1e042c00e600e200bd00d50085008701010000ffff000000320000000000000000000001e000000000000000180021323e
   56.140 1e04001e00061261
   56.140 1e040c000000000000000000000000cabf
   56.783 0217a7f8000fa80c00070e004000000020003c000affff00007cae
   56.845 02171e0018fc18fc1800370029fc18fc18fc18fc18fc18001000c0001efc18fc1831a4
   56.893 0a17b3b00003b3c4000306001000140000e590
   57.050 0f1008340012240100000000000000000000000000000000800000000000000000015e015e0000000000009418
   57.081 0f10083400120284
   57.834 0217a7f8000fa80c00070e004000000020003c000affff00007cae
   57.882 02171e0018fc18fc1800370029fc18fc18fc18fc18fc18001000c0001efc18fc1831a4
   57.976 1e10000000091200010000000000000001000000000000000086dd
   57.976 1e10000000090260
   58.039 1e1000140003060000000000008c5f
   58.039 1e1000140003c263
   58.086 1e040000001673ab
   58.148 1e042c00e600e200bd00d50085008701010000ffff000000320000000000000000000001e000000000000000180021323e
   58.227 1e04001e00061261
   58.258 1e040c000000000000000000000000cabf
   58.320 0617afc8000cafdc00050a00200000000000000010c3b7
   58.428 0f03070800064450
   58.460 0f030c0000000000000000000000001d74
   58.926 0217a7f8000fa80c00070e004000000020003c000affff00007cae
   58.972 02171e0018fc18fc1800370029fc18fc18fc18fc18fc18001000c0001efc18fc1831a4
   59.098 0f10084800172effbf0015001500160016000000000000000000320000000000000032000a0000003b00340013001a0009001a000561d3
   59.098 0f1008480017035f
   59.970 0217a7f8000fa80c00070e004000000020003c000affff00007cae
   60.018 02171e0018fc18fc1800370029fc18fc18fc18fc18fc18001000c0001efc18fc1831a4
   60.112 1e10000000091200010000000000000001000000000000000086dd
   60.112 1e10000000090260
   60.175 1e1000140003060000000000008c5f
   60.175 1e1000140003c263
   60.207 1e040000001673ab
   60.287 1e042c00e600e200bd00d50085008701010000ffff000000320000000000000000000001e000000000000000180021323e
   60.365 1e04001e00061261
   60.397 1e040c000000000000000000000000cabf
   61.052 0217a7f8000fa80c00070e004000000020003c000affff00007cae
   61.100 02171e0018fc18fc1800370029fc18fc18fc18fc18fc18001000c0001efc18fc1831a4
   61.161 0a17b3b00003b3c4000306001000140000e590
   61.305 0f10086400040800000000000000e85637
   61.305 0f1008640004835b
   62.092 0217a7f8000fa80c00070e004000000020003c000affff00007cae
   62.152 02171e0018fc18fc1800370029fc18fc18fc18fc18fc18001000c0001efc18fc1831a4
   62.231 1e10000000091200010000000000000001000000000000000086dd
   62.231 1e10000000090260
   62.292 1e1000140003060000000000008c5f
   62.292 1e1000140003c263
   62.339 1e040000001673ab
   62.402 1e042c00e600e200bd00d50085008701010000ffff000000320000000000000000000001e000000000000000180021323e
   62.523 1e04001e00061261
   62.523 1e040c000000000000000000000000cabf
   62.583 0617afc8000cafdc00050a00200000000000000010c3b7
   62.706 0f03070800064450
   62.706 0f030c0000000000000000000000001d74
   63.169 0217a7f8000fa80c00070e004000000020003c000affff00007cae
   63.231 02171e0018fc18fc1800370029fc18fc18fc18fc18fc18001000c0001efc18fc1831a4
   63.326 0f100870001122046b000001f501a701b501a700c90000000000000000012a05c378090000000000006f99
   63.326 0f10087000110290
   64.225 0217a7f8000fa80c00070e004000000020003c000affff00007cae
   64.270 02171e0018fc18fc1800370029fc18fc18fc18fc18fc18001000c0001efc18fc1831a4
   64.364 1e10000000091200010000000000000001000000000000000086dd
   64.364 1e10000000090260
   64.426 1e1000140003060000000000008c5f
   64.426 1e1000140003c263
   64.474 1e040000001673ab
   64.535 1e042c00e600e200bd00d50085008701010000ffff000000320000000000000000000001e000000000000000180021323e
   64.644 1e04001e00061261
   64.644 1e040c000000000000000000000000cabf
   65.300 0217a7f8000fa80c00070e004000000020003c000affff00007cae
   65.363 02171e0018fc18fc1800370029fc18fc18fc18fc18fc18001000c0001efc18fc1831a4
   65.410 0a17b3b00003b3c4000306001000140000e590
   66.507 0217a7f8000fa80c00070e004000000000003c000affff0000e56f
   66.507 02171e0018fc18fc1800370029fc18fc18fc18fc18fc18001000c0001efc18fc1831a4
   66.507 1e10000000091200010000000000000001000000000000000086dd
   66.507 1e10000000090260
   66.569 1e1000140003060000000000008c5f
   66.569 1e1000140003c263
   66.601 1e040000001673ab
   66.678 1e042c00e600e200bd00d50085008601010000ffff000000320000000000000000000001e0000000000000001800215ffe
   66.757 1e04001e00061261
   66.788 1e040c000000000000000000000000cabf
   66.851 0617afc8000cafdc00050a000000000000000000105a76
   66.960 0f03070800064450
   67.445 0217a7f8000fa80c00070e004000000000003c000affff0000e56f
   67.490 02171e0018fc18fc1800370029fc18fc18fc18fc18fc18001000c0001efc18fc1831a4
   68.553 0f100884003c837f
   68.553 0217a7f8000fa80c00070e004000000000003c000affff0000e56f
   68.553 02171e0018fc18fc1800370029fc18fc18fc18fc18fc18001000c0001efc18fc1831a4
   68.631 1e10000000091200010000000000000001000000000000000086dd
   68.631 1e10000000090260
   68.694 1e1000140003060000000000008c5f
   68.694 1e1000140003c263
   68.741 1e040000001673ab
   68.804 1e042c00e600e200bd00d50085008601010000ffff000000320000000000000000000001e0000000000000001800215ffe
   68.928 1e04001e00061261
   68.928 1e040c000000000000000000000000cabf
   69.571 0217a7f8000fa80c00070e004000000000003c000affff0000e56f
   69.632 02171e0018fc18fc1800370029fc18fc18fc18fc18fc18001000c0001efc18fc1831a4
   69.680 0a17b3b00003b3c4000306001000140000e590
   70.625 0217a7f8000fa80c00070e004000000000003c000affff0000e56f
   70.670 02171e0018fc18fc1800370029fc18fc18fc18fc18fc18001000c0001efc18fc1831a4
   70.748 1e10000000091200010000000000000001000000000000000086dd
   70.748 1e10000000090260
   70.826 1e1000140003060000000000008c5f
   70.826 1e1000140003c263
   70.858 1e040000001673ab
   70.936 1e042c00e600e200bd00d50085008601010000ffff000000320000000000000000000001e0000000000000001800215ffe
   71.015 1e04001e00061261
   71.046 1e040c000000000000000000000000cabf
   71.108 0617afc8000cafdc00050a000000000000000000105a76
   71.218 0f03070800064450
   71.249 0f030c0000000000000000000000001d74
   71.701 0217a7f8000fa80c00070e004000000000003c000affff0000e56f
   71.762 02171e0018fc18fc1800370029fc18fc18fc18fc18fc18001000c0001efc18fc1831a4
   71.871 0f1007d000132600180017ff9c00370029ff9cff9cff9cff9cff9c001000c0001e004000000000003c000a00006821
   71.871 0f1007d000138067
   72.749 0217a7f8000fa80c00070e004000000000003c000affff0000e56f
   72.811 02171e0018fc18fc1800370029fc18fc18fc18fc18fc18001000c0001efc18fc1831a4
   72.890 1e10000000091200010000000000000001000000000000000086dd
   72.890 1e10000000090260
   72.953 1e1000140003060000000000008c5f
   72.953 1e1000140003c263
   73.000 1e040000001673ab
   73.062 1e042c00e600e200bd00d50085008601010000ffff000000320000000000000000000001e0000000000000001800215ffe
   73.187 1e04001e00061261
   73.187 1e040c000000000000000000000000cabf
   73.827 0217a7f8000fa80c00070e004000000000003c000affff0000e56f
   73.889 02171e0018fc18fc1800370029fc18fc18fc18fc18fc18001000c0001efc18fc1831a4
   73.937 0a17b3b00003b3c4000306001000140000e590
   74.107 0f1007e4001122000d00000000001009060709096705790000000000000000000000000000000000001294
   74.107 0f1007e400114068
   74.883 0217a7f8000fa80c00070e004000000000003c000affff0000e56f
   74.930 02171e0018fc18fc1800370029fc18fc18fc18fc18fc18001000c0001efc18fc1831a4
   75.008 1e10000000091200010000000000000001000000000000000086dd
   75.008 1e10000000090260
   75.087 1e1000140003060000000000008c5f
   75.087 1e1000140003c263
   75.118 1e040000001673ab
   75.196 1e042c00e600e200bd00d50085008601010000ffff000000320000000000000000000001e0000000000000001800215ffe
   75.276 1e04001e00061261
   75.307 1e040c000000000000000000000000cabf
   75.371 0617afc8000cafdc00050a000000000000000000105a76
   75.511 0f03070800064450
   75.511 0f030c0000000000000000000000001d74
   75.968 0217a7f8000fa80c00070e004000000000003c000affff0000e56f
   76.016 02171e0018fc18fc1800370029fc18fc18fc18fc18fc18001000c0001efc18fc1831a4
   76.094 0f1007f8001122000000000000000000000000000000000000000000000000000000000000000000006fb5
   76.126 0f1007f8001181ae
   77.003 0217a7f8000fa80c00070e004000000000003c000affff0000e56f
   77.066 02171e0018fc18fc1800370029fc18fc18fc18fc18fc18001000c0001efc18fc1831a4
   77.144 1e10000000091200010000000000000001000000000000000086dd
   77.144 1e10000000090260
   77.222 1e1000140003060000000000008c5f
   77.222 1e1000140003c263
   77.253 1e040000001673ab
   77.330 1e042c00e600e200bd00d50085008601010000ffff000000320000000000000000000001e0000000000000001800215ffe
   77.409 1e04001e00061261
   77.440 1e040c000000000000000000000000cabf
   78.098 0217a7f8000fa80c00070e004000000000003c000affff0000e56f
   78.145 02171e0018fc18fc1800370029fc18fc18fc18fc18fc18001000c0001efc18fc1831a4
   78.207 0a17b3b00003b3c4000306001000140000e590
   78.348 0f10080c00122400c8000000000000000000000000000000000000000000000000001400000000000000009422
   78.380 0f10080c00128349
   79.146 0217a7f8000fa80c00070e004000000000003c000affff0000e56f
   79.194 02171e0018fc18fc1800370029fc18fc18fc18fc18fc18001000c0001efc18fc1831a4
   79.273 1e10000000091200010000000000000001000000000000000086dd
   79.273 1e10000000090260
   79.350 1e1000140003060000000000008c5f
   79.350 1e1000140003c263
   79.381 1e040000001673ab
   79.444 1e042c00e600e200bd00d50085008601010000ffff000000320000000000000000000001e0000000000000001800215ffe
   79.538 1e04001e00061261
   79.569 1e040c000000000000000000000000cabf
   79.615 0617afc8000cafdc00050a000000000000000000105a76
   79.769 0f03070800064450
   79.769 0f030c0000000000000000000000001d74
   80.216 0217a7f8000fa80c00070e004000000000003c000affff0000e56f
   80.277 02171e0018fc18fc1800370029fc18fc18fc18fc18fc18001000c0001efc18fc1831a4
   80.354 0f10082000122400e600e200bd00d500850086010100320000000000000000000001e000180021096705793306
   80.385 0f10082000124280
   81.268 0217a7f8000fa80c00070e004000000000003c000affff0000e56f
   81.330 02171e0018fc18fc1800370029fc18fc18fc18fc18fc18001000c0001efc18fc1831a4
   81.408 1e10000000091200010000000000000001000000000000000086dd
   81.408 1e10000000090260
   81.470 1e1000140003060000000000008c5f
   81.470 1e1000140003c263
   81.516 1e040000001673ab
   81.578 1e042c00e600e200bd00d50085008601010000ffff000000320000000000000000000001e0000000000000001800215ffe
   81.671 1e04001e00061261
   81.703 1e040c000000000000000000000000cabf
   82.360 0217a7f8000fa80c00070e004000000000003c000affff0000e56f
   82.406 02171e0018fc18fc1800370029fc18fc18fc18fc18fc18001000c0001efc18fc1831a4
   82.453 0a17b3b00003b3c4000306001000140000e590
   82.640 0f1008340012240000000000000000000000000000000000800000000000000000015e015e00000000000055c5
   82.640 0f10083400120284
   83.396 0217a7f8000fa80c00070e004000000000003c000affff0000e56f
   83.459 02171e0018fc18fc1800370029fc18fc18fc18fc18fc18001000c0001efc18fc1831a4
   83.537 1e10000000091200010000000000000001000000000000000086dd
   83.537 1e10000000090260
   83.599 1e1000140003060000000000008c5f
   83.599 1e1000140003c263
   83.646 1e040000001673ab
   83.709 1e042c00e600e200bd00d50085008601010000ffff000000320000000000000000000001e0000000000000001800215ffe
   83.818 1e04001e00061261
   83.818 1e040c000000000000000000000000cabf
   83.881 0617afc8000cafdc00050a000000000000000000105a76
   83.989 0f03070800064450
   84.020 0f030c0000000000000000000000001d74
   84.485 0217a7f8000fa80c00070e004000000000003c000affff0000e56f
   84.532 02171e0018fc18fc1800370029fc18fc18fc18fc18fc18001000c0001efc18fc1831a4
   84.624 0f10084800172effbf0015001500160016000000000000000000320000000000000032000a0000001900350013001a0009001a00051d0d
   84.670 0f1008480017035f
   85.521 0217a7f8000fa80c00070e004000000000003c000affff0000e56f
   85.583 02171e0018fc18fc1800370029fc18fc18fc18fc18fc18001000c0001efc18fc1831a4
   85.660 1e10000000091200010000000000000001000000000000000086dd
   85.660 1e10000000090260
   85.736 1e1000140003060000000000008c5f
   85.736 1e1000140003c263
   85.767 1e040000001673ab
   85.828 1e042c00e600e200bd00d50085008601010000ffff000000320000000000000000000001e0000000000000001800215ffe
   85.920 1e04001e00061261
   85.950 1e040c000000000000000000000000cabf
   86.608 0217a7f8000fa80c00070e004000000000003c000affff0000e56f
   86.656 02171e0018fc18fc1800370029fc18fc18fc18fc18fc18001000c0001efc18fc1831a4
   86.702 0a17b3b00003b3c4000306001000140000e590
   86.825 0f10086400040800000000000000e85637
   86.857 0f1008640004835b
   87.644 0217a7f8000fa80c00070e004000000000003c000affff0000e56f
   87.708 02171e0018fc18fc1800370029fc18fc18fc18fc18fc18001000c0001efc18fc1831a4
   87.786 1e10000000091200010000000000000001000000000000000086dd
   87.786 1e10000000090260
   87.896 1e1000140003060000000000008c5f
   87.896 1e1000140003c263
   87.896 1e040000001673ab
   87.960 1e042c00e700e200bd00d20085008601010000ffff000000320000000000000000000001e000000000000000180021cc8f
   88.070 1e04001e00061261
   88.070 1e040c000000000000000000000000cabf
   88.133 0617afc8000cafdc00050a000000000000000000105a76
   88.244 0f03070800064450
   88.275 0f030c0000000000000000000000001d74
   88.731 0217a7f8000fa80c00070e004000000000003c000affff0000e56f
   88.779 02171e0018fc18fc1800370029fc18fc18fc18fc18fc18001000c0001efc18fc1831a4
   88.872 0f100870001122046b000001f501a701b501a700c90000000000000000012a05c378090000000000006f99
   88.904 0f10087000110290
   89.780 0217a7f8000fa80c00070e004000000000003c000affff0000e56f
   89.827 02171e0018fc18fc1800370029fc18fc18fc18fc18fc18001000c0001efc18fc1831a4
   89.920 1e10000000091200010000000000000001000000000000000086dd
   89.920 1e10000000090260
   89.981 1e1000140003060000000000008c5f
   89.981 1e1000140003c263
   90.029 1e040000001673ab
   90.091 1e042c00e700e200bd00d20085008601010000ffff000000320000000000000000000001e000000000000000180021cc8f
   90.213 1e04001e00061261
   90.213 1e040c000000000000000000000000cabf
   90.859 0217a7f8000fa80c00070e004000000000003c000affff0000e56f
   90.921 02171e0018fc18fc1800370029fc18fc18fc18fc18fc18001000c0001efc18fc1831a4
   90.967 0a17b3b00003b3c4000306001000140000e590
   92.061 0217a7f8000fa80c00070e004000000000003c000affff0000e56f
   92.061 02171e0018fc18fc1800370029fc18fc18fc18fc18fc18001000c0001efc18fc1831a4
   92.061 1e10000000091200010000000000000001000000000000000086dd
   92.061 1e10000000090260
   92.137 1e1000140003060000000000008c5f
   92.137 1e1000140003c263
   92.168 1e040000001673ab
   92.245 1e042c00e700e200bd00d20085008601010000ffff000000320000000000000000000001e000000000000000180021cc8f
   92.324 1e04001e00061261
   92.355 1e040c000000000000000000000000cabf
   92.417 0617afc8000cafdc00050a000000000000000000105a76
   92.528 0f03070800064450
   93.009 0217a7f8000fa80c00070e004000000000003c000affff0000e56f
   93.055 02171e0018fc18fc1800370029fc18fc18fc18fc18fc18001000c0001efc18fc1831a4
   94.102 0f100884003c837f
   94.102 0217a7f8000fa80c00070e004000000000003c000affff0000e56f
   94.102 02171e0018fc18fc1800370029fc18fc18fc18fc18fc18001000c0001efc18fc1831a4
   94.195 1e10000000091200010000000000000001000000000000000086dd
   94.195 1e10000000090260
   94.257 1e1000140003060000000000008c5f
   94.257 1e1000140003c263
   94.304 1e040000001673ab
   94.367 1e042c00e700e200bd00d20085008601010000ffff000000320000000000000000000001e000000000000000180021cc8f
   94.445 1e04001e00061261
   94.476 1e040c000000000000000000000000cabf
   95.129 0217a7f8000fa80c00070e004000000000003c000affff0000e56f
   95.191 02171e0018fc18fc1800370029fc18fc18fc18fc18fc18001000c0001efc18fc1831a4
   95.238 0a17b3b00003b3c4000306001000140000e590
   96.181 0217a7f8000fa80c00070e004000000000003c000affff0000e56f
   96.228 02171e0018fc18fc1800370029fc18fc18fc18fc18fc18001000c0001efc18fc1831a4
   96.308 1e10000000091200010000000000000001000000000000000086dd
   96.308 1e10000000090260
   96.388 1e1000140003060000000000008c5f
   96.388 1e1000140003c263
   96.419 1e040000001673ab
   96.483 1e042c00e700e200bd00d20085008601010000ffff000000320000000000000000000001e000000000000000180021cc8f
   96.578 1e04001e00061261
   96.610 1e040c000000000000000000000000cabf
   96.656 0617afc8000cafdc00050a000000000000000000105a76
   96.798 0f03070800064450
   96.798 0f030c0000000000000000000000001d74
   97.269 0217a7f8000fa80c00070e004000000000003c000affff0000e56f
   97.316 02171e0018fc18fc1800370029fc18fc18fc18fc18fc18001000c0001efc18fc1831a4
   97.426 0f1007d000132600180017ff9c00370029ff9cff9cff9cff9cff9c001000c0001e004000000000003c000a00006821
   97.426 0f1007d000138067
   98.306 0217a7f8000fa80c00070e004000000000003c000affff0000e56f
   98.369 02171e0018fc18fc1800370029fc18fc18fc18fc18fc18001000c0001efc18fc1831a4
   98.447 1e10000000091200010000000000000001000000000000000086dd
   98.447 1e10000000090260
   98.511 1e1000140003060000000000008c5f
   98.511 1e1000140003c263
   98.558 1e040000001673ab
   98.620 1e042c00e700e200bd00d20085008601010000ffff000000320000000000000000000001e000000000000000180021cc8f
   98.730 1e04001e00061261
   98.730 1e040c000000000000000000000000cabf
   99.391 0217a7f8000fa80c00070e004000000000003c000affff0000e56f
   99.453 02171e0018fc18fc1800370029fc18fc18fc18fc18fc18001000c0001efc18fc1831a4
   99.500 0a17b3b00003b3c4000306001000140000e590
   99.672 0f1007e4001122000d00000000001009060709096705790000000000000000000000000000000000001294
   99.672 0f1007e400114068
  100.438 0217a7f8000fa80c00070e004000000000003c000affff0000e56f
  100.484 02171e0018fc18fc1800370029fc18fc18fc18fc18fc18001000c0001efc18fc1831a4
  100.578 1e10000000091200010000000000000001000000000000000086dd
  100.578 1e10000000090260
  100.640 1e1000140003060000000000008c5f
  100.640 1e1000140003c263
  100.686 1e040000001673ab
  100.748 1e042c00e700e200bd00d20085008601010000ffff000000320000000000000000000001e000000000000000180021cc8f
  100.873 1e04001e00061261
  100.873 1e040c000000000000000000000000cabf
  100.920 0617afc8000cafdc00050a000000000000000000105a76
  101.030 0f03070800064450
  101.061 0f030c0000000000000000000000001d74
  101.530 0217a7f8000fa80c00070e004000000000003c000affff0000e56f
  101.577 02171e0018fc18fc1800370029fc18fc18fc18fc18fc18001000c0001efc18fc1831a4
  101.654 0f1007f8001122000000000000000000000000000000000000000000000000000000000000000000006fb5
  101.685 0f1007f8001181ae
  102.564 0217a7f8000fa80c00070e004000000000003c000affff0000e56f
  102.627 02171e0018fc18fc1800370029fc18fc18fc18fc18fc18001000c0001efc18fc1831a4
  102.705 1e10000000091200010000000000000001000000000000000086dd
  102.705 1e10000000090260
  102.767 1e1000140003060000000000008c5f
  102.767 1e1000140003c263
  102.814 1e040000001673ab
  102.877 1e042c00e700e200bd00d20085008601010000ffff000000320000000000000000000001e000000000000000180021cc8f
  103.002 1e04001e00061261
  103.002 1e040c000000000000000000000000cabf
  103.646 0217a7f8000fa80c00070e004000000000003c000affff0000e56f
  103.710 02171e0018fc18fc1800370029fc18fc18fc18fc18fc18001000c0001efc18fc1831a4
  103.757 0a17b3b00003b3c4000306001000140000e590
  103.944 0f10080c00122400c8000000000000000000000000000000000000000000000000001400000000000000009422
  103.944 0f10080c00128349
  104.698 0217a7f8000fa80c00070e004000000000003c000affff0000e56f
  104.761 02171e0018fc18fc1800370029fc18fc18fc18fc18fc18001000c0001efc18fc1831a4
  104.824 1e10000000091200010000000000000001000000000000000086dd
  104.824 1e10000000090260
  104.904 1e1000140003060000000000008c5f
  104.904 1e1000140003c263
  104.935 1e040000001673ab
  104.997 1e042c00e700e200bd00d20085008601010000ffff000000320000000000000000000001e000000000000000180021cc8f
  105.123 1e04001e00061261
  105.123 1e040c000000000000000000000000cabf
  105.171 0617afc8000cafdc00050a000000000000000000105a76
  105.281 0f03070800064450
  105.312 0f030c0000000000000000000000001d74
  105.768 0217a7f8000fa80c00070e004000000000003c000affff0000e56f
  105.831 02171e0018fc18fc1800370029fc18fc18fc18fc18fc18001000c0001efc18fc1831a4
  105.940 0f10082000122400e700e200bd00d200850086010100320000000000000000000001e000180021096705795fc3
  105.940 0f10082000124280
  106.819 0217a7f8000fa80c00070e004000000000003c000affff0000e56f
  106.882 02171e0018fc18fc1800370029fc18fc18fc18fc18fc18001000c0001efc18fc1831a4
  106.961 1e10000000091200010000000000000001000000000000000086dd
  106.961 1e10000000090260
  107.023 1e1000140003060000000000008c5f
  107.023 1e1000140003c263
  107.070 1e040000001673ab
  107.132 1e042c00e700e200bd00d20085008601010000ffff000000320000000000000000000001e000000000000000180021cc8f
  107.257 1e04001e00061261
  107.257 1e040c000000000000000000000000cabf
  107.907 0217a7f8000fa80c00070e004000000000003c000affff0000e56f
  107.955 02171e0018fc18fc1800370029fc18fc18fc18fc18fc18001000c0001efc18fc1831a4
  108.016 0a17b3b00003b3c4000306001000140000e590
  108.187 0f1008340012240000000000000000000000000000000000800000000000000000015e015e00000000000055c5
  108.187 0f10083400120284
  108.953 0217a7f8000fa80c00070e004000000000003c000affff0000e56f
  109.000 02171e0018fc18fc1800370029fc18fc18fc18fc18fc18001000c0001efc18fc1831a4
  109.094 1e10000000091200010000000000000001000000000000000086dd
  109.094 1e10000000090260
  109.157 1e1000140003060000000000008c5f
  109.157 1e1000140003c263
  109.204 1e040000001673ab
  109.267 1e042c00e700e200bd00d50085008601010000ffff000000320000000000000000000001e0000000000000001800219dbf
  109.376 1e04001e00061261
  109.376 1e040c000000000000000000000000cabf
  109.440 0617afc8000cafdc00050a000000000000000000105a76
  109.549 0f03070800064450
  109.580 0f030c0000000000000000000000001d74
  110.035 0217a7f8000fa80c00070e004000000000003c000affff0000e56f
  110.097 02171e0018fc18fc1800370029fc18fc18fc18fc18fc18001000c0001efc18fc1831a4
  110.206 0f10084800172effbf0015001500160016000000000000000000320000000000000032000a0000003200350013001a0009001a000578e6
  110.206 0f1008480017035f
  111.079 0217a7f8000fa80c00070e004000000000003c000affff0000e56f
  111.140 02171e0018fc18fc1800370029fc18fc18fc18fc18fc18001000c0001efc18fc1831a4
  111.217 1e10000000091200010000000000000001000000000000000086dd
  111.217 1e10000000090260
  111.294 1e1000140003060000000000008c5f
  111.294 1e1000140003c263
  111.339 1e040000001673ab
  111.401 1e042c00e700e200bd00d50085008601010000ffff000000320000000000000000000001e0000000000000001800219dbf
  111.525 1e04001e00061261
  111.525 1e040c000000000000000000000000cabf
  112.174 0217a7f8000fa80c00070e004000000000003c000affff0000e56f
  112.221 02171e0018fc18fc1800370029fc18fc18fc18fc18fc18001000c0001efc18fc1831a4
  112.283 0a17b3b00003b3c4000306001000140000e590
  112.421 0f10086400040800000000000000e85637
  112.421 0f1008640004835b
  113.209 0217a7f8000fa80c00070e004000000020003c000affff00007cae
  113.270 02171e0018fc18fc1800370029fc18fc18fc18fc18fc18001000c0001efc18fc1831a4
  113.347 1e10000000091200010000000000000001000000000000000086dd
  113.347 1e10000000090260
  113.424 1e1000140003060000000000008c5f
  113.424 1e1000140003c263
  113.454 1e040000001673ab
  113.533 1e042c00e700e200bd00d50085008601010000ffff000000320000000000000000000001e0000000000000001800219dbf
  113.610 1e04001e00061261
  113.641 1e040c000000000000000000000000cabf
  113.704 0617afc8000cafdc00050a00200000000000000010c3b7
  113.812 0f03070800064450
  113.842 0f030c0000000000000000000000001d74
  114.300 0217a7f8000fa80c00070e004000000020003c000affff00007cae
  114.346 02171e0018fc18fc1800370029fc18fc18fc18fc18fc18001000c0001efc18fc1831a4
  114.471 0f100870001122046b000001f501a701b501a700c90000000000000000012a05c378090000000000006f99
  114.471 0f10087000110290
  115.352 0217a7f8000fa80c00070e004000000020003c000affff00007cae
  115.399 02171e0018fc18fc1800370029fc18fc18fc18fc18fc18001000c0001efc18fc1831a4
  115.477 1e10000000091200010000000000000001000000000000000086dd
  115.477 1e10000000090260
  115.556 1e1000140003060000000000008c5f
  115.556 1e1000140003c263
  115.587 1e040000001673ab
  115.650 1e042c00e700e200bd00d50085008601010000ffff000000320000000000000000000001e0000000000000001800219dbf
  115.743 1e04001e00061261
  115.774 1e040c000000000000000000000000cabf
  116.418 0217a7f8000fa80c00070e004000000020003c000affff00007cae
  116.481 02171e0018fc18fc1800370029fc18fc18fc18fc18fc18001000c0001efc18fc1831a4
  116.529 0a17b3b00003b3c4000306001000140000e590
  117.530 0f100884003c837f
  117.530 0217a7f8000fa80c00070e004000000020003c000affff00007cae
  117.530 02171e0018fc18fc1800370029fc18fc18fc18fc18fc18001000c0001efc18fc1831a4
  117.623 1e10000000091200010000000000000001000000000000000086dd
  117.623 1e10000000090260
  117.685 1e1000140003060000000000008c5f
  117.685 1e1000140003c263
  117.730 1e040000001673ab
  117.793 1e042c00e700e200bd00d50085008601010000ffff000000320000000000000000000001e0000000000000001800219dbf
  117.885 1e04001e00061261
  117.915 1e040c000000000000000000000000cabf
  117.976 0617afc8000cafdc00050a00200000000000000010c3b7
  118.085 0f03070800064450
  118.116 0f030c0000000000000000000000001d74
  118.578 0217a7f8000fa80c00070e004000000020003c000affff00007cae
  118.623 02171e0018fc18fc1800370029fc18fc18fc18fc18fc18001000c0001efc18fc1831a4
  118.730 0f1007d000132600180017ff9c00370029ff9cff9cff9cff9cff9c001000c0001e004000000020003c000a000049e3
  118.730 0f1007d000138067
  119.615 0217a7f8000fa80c00070e004000000020003c000affff00007cae
  119.678 02171e0018fc18fc1800370029fc18fc18fc18fc18fc18001000c0001efc18fc1831a4
  119.756 1e10000000091200010000000000000001000000000000000086dd
  119.756 1e10000000090260
  119.834 1e1000140003060000000000008c5f
  119.834 1e1000140003c263
  119.865 1e040000001673ab
  119.927 1e042c00e700e200bd00d50085008601010000ffff000000320000000000000000000001e0000000000000001800219dbf
  120.020 1e04001e00061261
  120.051 1e040c000000000000000000000000cabf
  120.712 0217a7f8000fa80c00070e004000000020003c000affff00007cae
  120.759 02171e0018fc18fc1800370029fc18fc18fc18fc18fc18001000c0001efc18fc1831a4
  120.820 0a17b3b00003b3c4000306001000140000e590
  120.958 0f1007e4001122000d00000000001009060709096705790000000000000000000000000000000000001294
  121.005 0f1007e400114068
  121.745 0217a7f8000fa80c00070e004000000020003c000affff00007cae
  121.808 02171e0018fc18fc1800370029fc18fc18fc18fc18fc18001000c0001efc18fc1831a4
  121.884 1e10000000091200010000000000000001000000000000000086dd
  121.884 1e10000000090260
  121.961 1e1000140003060000000000008c5f
  121.961 1e1000140003c263
  121.992 1e040000001673ab
  122.069 1e042c00e700e200bd00d50085008601010000ffff000000320000000000000000000001e0000000000000001800219dbf
  122.145 1e04001e00061261
  122.176 1e040c000000000000000000000000cabf
  122.239 0617afc8000cafdc00050a00200000000000000010c3b7
  122.348 0f03070800064450
  122.379 0f030c0000000000000000000000001d74
  122.829 0217a7f8000fa80c00070e004000000020003c000affff00007cae
  122.892 02171e0018fc18fc1800370029fc18fc18fc18fc18fc18001000c0001efc18fc1831a4
  122.987 0f1007f8001122000000000000000000000000000000000000000000000000000000000000000000006fb5
  122.987 0f1007f8001181ae
  123.883 0217a7f8000fa80c00070e004000000020003c000affff00007cae
  123.944 02171e0018fc18fc1800370029fc18fc18fc18fc18fc18001000c0001efc18fc1831a4
  124.022 1e10000000091200010000000000000001000000000000000086dd
  124.022 1e10000000090260
  124.086 1e1000140003060000000000008c5f
  124.086 1e1000140003c263
  124.133 1e040000001673ab
  124.196 1e042c00e700e200bd00d50085008601010000ffff000000320000000000000000000001e0000000000000001800219dbf
  124.320 1e04001e00061261
  124.320 1e040c000000000000000000000000cabf
  124.962 0217a7f8000fa80c00070e004000000020003c000affff00007cae
  125.024 02171e0018fc18fc1800370029fc18fc18fc18fc18fc18001000c0001efc18fc1831a4
  125.073 0a17b3b00003b3c4000306001000140000e590
  125.245 0f10080c00122400c800000000000000000000000000000000000000000000000000140020000000000000b5e0
  125.245 0f10080c00128349
  126.014 0217a7f8000fa80c00070e004000000020003c000affff00007cae
  126.062 02171e0018fc18fc1800370029fc18fc18fc18fc18fc18001000c0001efc18fc1831a4
  126.155 1e10000000091200010000000000000001000000000000000086dd
  126.155 1e10000000090260
  126.218 1e1000140003060000000000008c5f
  126.218 1e1000140003c263
  126.264 1e040000001673ab
  126.327 1e042c00e700e200bd00d50085008601010000ffff000000320000000000000000000001e0000000000000001800219dbf
  126.436 1e04001e00061261
  126.436 1e040c000000000000000000000000cabf
  126.500 0617afc8000cafdc00050a00200000000000000010c3b7
  126.610 0f03070800064450
  126.640 0f030c0000000000000000000000001d74
  127.092 0217a7f8000fa80c00070e004000000020003c000affff00007cae
  127.155 02171e0018fc18fc1800370029fc18fc18fc18fc18fc18001000c0001efc18fc1831a4
  127.251 0f10082000122400e700e200bd00d500850086010100320000000000000000000001e000180021096705791fc6
  127.251 0f10082000124280
  128.144 0217a7f8000fa80c00070e004000000020003c000affff00007cae
  128.207 02171e0018fc18fc1800370029fc18fc18fc18fc18fc18001000c0001efc18fc1831a4
  128.285 1e10000000091200010000000000000001000000000000000086dd
  128.285 1e10000000090260
  128.348 1e1000140003060000000000008c5f
  128.348 1e1000140003c263
  128.379 1e040000001673ab
  128.458 1e042c00e700e200bd00d50085008601010000ffff000000320000000000000000000001e0000000000000001800219dbf
  128.536 1e04001e00061261
  128.567 1e040c000000000000000000000000cabf
  129.227 0217a7f8000fa80c00070e004000000020003c000affff00007cae
  129.274 02171e0018fc18fc1800370029fc18fc18fc18fc18fc18001000c0001efc18fc1831a4
  129.321 0a17b3b00003b3c4000306001000140000e590
  129.494 0f1008340012240000000000000000000000000000000000800000000000000000015e015e00000000000055c5
  129.494 0f10083400120284
  130.279 0217a7f8000fa80c00070e004000000000003c000affff0000e56f
  130.326 02171e0018fc18fc1800370029fc18fc18fc18fc18fc18001000c0001efc18fc1831a4
  130.404 1e10000000091200010000000000000001000000000000000086dd
  130.404 1e10000000090260
  130.483 1e1000140003060000000000008c5f
  130.483 1e1000140003c263
  130.513 1e040000001673ab
  130.591 1e042c00e700e200bd00d50085008601010000ffff000000320000000000000000000001e0000000000000001800219dbf
  130.670 1e04001e00061261
  130.701 1e040c000000000000000000000000cabf
  130.763 0617afc8000cafdc00050a000000000000000000105a76
  130.871 0f03070800064450
  130.901 0f030c0000000000000000000000001d74
  131.364 0217a7f8000fa80c00070e004000000000003c000affff0000e56f
  131.411 02171e0018fc18fc1800370029fc18fc18fc18fc18fc18001000c0001efc18fc1831a4
  131.504 0f10084800172effbf0015001500160016000000000000000000320000000000000032000a0000000b00360013001a0009001a00052b9b
  131.551 0f1008480017035f
  132.404 0217a7f8000fa80c00070e004000000000003c000affff0000e56f
  132.465 02171e0018fc18fc1800370029fc18fc18fc18fc18fc18001000c0001efc18fc1831a4
  132.542 1e10000000091200010000000000000001000000000000000086dd
  132.542 1e10000000090260
  132.604 1e1000140003060000000000008c5f
  132.604 1e1000140003c263
  132.649 1e040000001673ab
  132.711 1e042c00e700e200bd00d50085008601010000ffff000000320000000000000000000001e0000000000000001800219dbf
  132.802 1e04001e00061261
  132.833 1e040c000000000000000000000000cabf
  133.482 0217a7f8000fa80c00070e004000000000003c000affff0000e56f
  133.544 02171e0018fc18fc1800370029fc18fc18fc18fc18fc18001000c0001efc18fc1831a4
  133.590 0a17b3b00003b3c4000306001000140000e590
  133.730 0f10086400040800000000000000e85637
  133.730 0f1008640004835b
  134.522 0217a7f8000fa80c00070e004000000000003c000affff0000e56f
  134.585 02171e0018fc18fc1800370029fc18fc18fc18fc18fc18001000c0001efc18fc1831a4
  134.662 1e10000000091200010000000000000001000000000000000086dd
  134.662 1e10000000090260
  134.739 1e1000140003060000000000008c5f
  134.739 1e1000140003c263
  134.770 1e040000001673ab
  134.848 1e042c00e700e200bd00d50085008601010000ffff000000320000000000000000000001e0000000000000001800219dbf
  134.925 1e04001e00061261
  134.956 1e040c000000000000000000000000cabf
  135.018 0617afc8000cafdc00050a000000000000000000105a76
  135.126 0f03070800064450
  135.158 0f030c0000000000000000000000001d74
  135.610 0217a7f8000fa80c00070e004000000000003c000affff0000e56f
  135.673 02171e0018fc18fc1800370029fc18fc18fc18fc18fc18001000c0001efc18fc1831a4
  135.766 0f100870001122046b000001f501a701b501a700c90000000000000000012a05c378090000000000006f99
  135.766 0f10087000110290
  136.665 0217a7f8000fa80c00070e004000000000003c000affff0000e56f
  136.710 02171e0018fc18fc1800370029fc18fc18fc18fc18fc18001000c0001efc18fc1831a4
  136.804 1e10000000091200010000000000000001000000000000000086dd
  136.804 1e10000000090260
  136.866 1e1000140003060000000000008c5f
  136.866 1e1000140003c263
  136.912 1e040000001673ab
  136.973 1e042c00e700e200bd00d50085008601010000ffff000000320000000000000000000001e0000000000000001800219dbf
  137.097 1e04001e00061261
  137.097 1e040c000000000000000000000000cabf
  137.746 0217a7f8000fa80c00070e004000000000003c000affff0000e56f
  137.807 02171e0018fc18fc1800370029fc18fc18fc18fc18fc18001000c0001efc18fc1831a4
  137.853 0a17b3b00003b3c4000306001000140000e590
  138.948 0217a7f8000fa80c00070e004000000000003c000affff0000e56f
  138.948 02171e0018fc18fc1800370029fc18fc18fc18fc18fc18001000c0001efc18fc1831a4
  138.948 1e10000000091200010000000000000001000000000000000086dd
  138.948 1e10000000090260
  139.010 1e1000140003060000000000008c5f
  139.010 1e1000140003c263
  139.056 1e040000001673ab
  139.119 1e042c00e700e200bd00d50085008601010000ffff000000320000000000000000000001e0000000000000001800219dbf
  139.198 1e04001e00061261
  139.229 1e040c000000000000000000000000cabf
  139.292 0617afc8000cafdc00050a000000000000000000105a76
  139.402 0f03070800064450
  139.433 0f030c0000000000000000000000001d74
  139.888 0217a7f8000fa80c00070e004000000000003c000affff0000e56f
  139.952 02171e0018fc18fc1800370029fc18fc18fc18fc18fc18001000c0001efc18fc1831a4
  140.123 0f100884003c78002c0000002d000e001a0009001a002c00000020000900170009001a002c00000000000a000b0009001a002c00000000000b00040009001a002c000000000007001d0008001a14000000002c0010000f0008001a0172000000000009000e0008001a001900000000000c001b0006001a000000000000000f5240
  140.171 0f100884003c837f
  140.938 0217a7f8000fa80c00070e004000000000003c000affff0000e56f
  140.985 02171e0018fc18fc1800370029fc18fc18fc18fc18fc18001000c0001efc18fc1831a4
  141.079 1e10000000091200010000000000000001000000000000000086dd
  141.079 1e10000000090260
  141.142 1e1000140003060000000000008c5f
  141.142 1e1000140003c263
  141.173 1e040000001673ab
  141.250 1e042c00e700e200bd00d20085008601010000ffff000000320000000000000000000001e000000000000000180021cc8f
  141.330 1e04001e00061261
  141.362 1e040c000000000000000000000000cabf
  142.016 0217a7f8000fa80c00070e004000000000003c000affff0000e56f
  142.063 02171e0018fc18fc1800370029fc18fc18fc18fc18fc18001000c0001efc18fc1831a4
  142.124 0a17b3b00003b3c4000306001000140000e590
  143.066 0217a7f8000fa80c00070e004000000000003c000affff0000e56f
  143.112 02171e0018fc18fc1800370029fc18fc18fc18fc18fc18001000c0001efc18fc1831a4
  143.190 1e10000000091200010000000000000001000000000000000086dd
  143.190 1e10000000090260
  143.269 1e1000140003060000000000008c5f
  143.269 1e1000140003c263
  143.300 1e040000001673ab
  143.378 1e042c00e700e200bd00d20085008601010000ffff000000320000000000000000000001e000000000000000180021cc8f
  143.455 1e04001e00061261
  143.485 1e040c000000000000000000000000cabf
  143.548 0617afc8000cafdc00050a000000000000000000105a76
  143.657 0f03070800064450
  143.689 0f030c0000000000000000000000001d74
  144.139 0217a7f8000fa80c00070e004000000000003c000affff0000e56f
  144.200 02171e0018fc18fc1800370029fc18fc18fc18fc18fc18001000c0001efc18fc1831a4
  144.308 0f1007d000132600180017ff9c00370029ff9cff9cff9cff9cff9c001000c0001e004000000000003c000a00006821
  144.308 0f1007d000138067
  145.191 0217a7f8000fa80c00070e004000000000003c000affff0000e56f
  145.254 02171e0018fc18fc1800370029fc18fc18fc18fc18fc18001000c0001efc18fc1831a4
  145.330 1e10000000091200010000000000000001000000000000000086dd
  145.330 1e10000000090260
  145.407 1e1000140003060000000000008c5f
  145.407 1e1000140003c263
  145.437 1e040000001673ab
  145.515 1e042c00e700e200bd00d20085008601010000ffff000000320000000000000000000001e000000000000000180021cc8f
  145.593 1e04001e00061261
  145.624 1e040c000000000000000000000000cabf
  146.287 0217a7f8000fa80c00070e004000000000003c000affff0000e56f
  146.333 02171e0018fc18fc1800370029fc18fc18fc18fc18fc18001000c0001efc18fc1831a4
  146.395 0a17b3b00003b3c4000306001000140000e590
  146.533 0f1007e4001122000d00000000001009060709096705790000000000000000000000000000000000001294
  146.564 0f1007e400114068
  147.326 0217a7f8000fa80c00070e004000000000003c000affff0000e56f
  147.387 02171e0018fc18fc1800370029fc18fc18fc18fc18fc18001000c0001efc18fc1831a4
  147.450 1e10000000091200010000000000000001000000000000000086dd
  147.450 1e10000000090260
  147.528 1e1000140003060000000000008c5f
  147.528 1e1000140003c263
  147.575 1e040000001673ab
  147.636 1e042c00e700e200bd00d20085008601010000ffff000000320000000000000000000001e000000000000000180021cc8f
  147.714 1e04001e00061261
  147.744 1e040c000000000000000000000000cabf
  147.808 0617afc8000cafdc00050a000000000000000000105a76
  147.915 0f03070800064450
  147.948 0f030c0000000000000000000000001d74
  183.462 1e04001600081267
  183.493 1e041000000000000000000000000009060709e751
  183.678 0f1004ba00162c001400000000000000000019002800040007000a001e0001001e0001001e0001000100000000000000280037b494
  184.184 0217a7f8000fa80c00070e00400000000000050005ffff0000186d
  184.230 02171e0017fc18fc1800360028fc18fc18fc18fc18fc18001000c0001efc18fc18ace2
  184.277 c803232800025e1e
  184.385 1e030000000d8660
  184.431 1e031a00000000000000000001000000000000000000000000000100021244
  184.493 0617afc8000cafdc00050a0000000000000000003c5bab
  184.661 0f1707300008071c0008100c9133dcf175491c6aacd8cb80f0a842ccae
  184.814 0f1004ba00162c001400000000000000000019002800040007000a001e0001001e0001001e0001000100000000000000280037b494
  185.230 0217a7f8000fa80c00070e004000000008003c0005ffff0000d6ae
  185.277 02171e0017fc18fc1800360028fc18fc18fc18fc18fc18001000c0001efc18fc18ace2
  185.323 c803232800025e1e
  185.492 0f1004ba00162c001400000000000000000019002800040007000a001e0001001e0001001e0001000100000000000000280037b494
  185.616 0f10085f00050a0000000000000000000032c2
  186.280 0217a7f8000fa80c00070e004000000008003c0005ffff0000d6ae
  186.327 02171e0017fc18fc1800360028fc18fc18fc18fc18fc18001000c0001efc18fc18ace2
  186.374 c803232800025e1e
  186.527 1e10000000091200010000000000000001000000000000000086dd
  186.527 1e10000000090260
  186.605 1e1000140003060000000000008c5f
  186.605 1e1000140003c263
  186.636 1e04001600081267
  186.682 1e041000000000000000000000000009060709e751
  186.712 1e040000001673ab
  186.789 1e042c00000000000000000000000000000000000000000032000000000000000000000000000000000000001000212f4f
  186.867 1e04001e00061261
  186.897 1e040c000000000000000000000000cabf
  186.990 0f1004ba00162c001400000000000000000019002800040007000a001e0001001e0001001e0001000100000000000000280037b494
  187.313 0217a7f8000fa80c00070e004000000008003c0005ffff0000d6ae
  187.375 02171e0017fc18fc1800360028fc18fc18fc18fc18fc18001000c0001efc18fc18ace2
  187.406 c803232800025e1e
  187.530 0a17b3b00003b3c4000306001000140000e590
  187.685 0f1004a6000d1a00000000000000000000000000000000000000004a2000000000ca30
  187.809 0f10085f00050a0000000000000000000032c2
  188.400 0217a7f8000fa80c00070e004000000008003c0005ffff0000d6ae
  188.460 02171e0017fc18fc1800360028fc18fc18fc18fc18fc18001000c0001efc18fc18ace2
  188.506 c803232800025e1e
  188.660 1e10000000091200010000000000000001000000000000000086dd
  188.660 1e10000000090260
  188.721 1e1000140003060000000000008c5f
  188.721 1e1000140003c263
  188.765 1e04001600081267
  188.796 1e041000000000000000000000000009060709e751
  188.842 1e040000001673ab
  188.903 1e042c00000000000000000000000000000000000000000032000000000000000000000000000000000000001000212f4f
  188.995 1e04001e00061261
  189.026 1e040c000000000000000000000000cabf
  189.088 0617afc8000cafdc00050a000000000000000000105a76
  189.241 0f1707300008071c000810ed5f342e354137b5ce28d1e77ba44bc985de
  189.537 0217a7f8000fa80c00070e004000000008003c0005ffff0000d6ae
  189.596 02171e0017fc18fc1800360028fc18fc18fc18fc18fc18001000c0001efc18fc18ace2
  189.627 c803232800025e1e
  189.781 0f1004a6000d1a00000000000000000000000000000000000000004a2000000000ca30
  189.905 0f10085f00050a0000000000000000000032c2
  190.493 0217a7f8000fa80c00070e004000000008003c0005ffff0000d6ae
  190.555 02171e0017fc18fc1800360028fc18fc18fc18fc18fc18001000c0001efc18fc18ace2
  190.585 c803232800025e1e
  190.753 1e10000000091200010000000000000001000000000000000086dd
  190.753 1e10000000090260
  190.815 1e1000140003060000000000008c5f
  190.815 1e1000140003c263
  190.846 1e04001600081267
  190.877 1e041000000000000000000000000009060709e751
  190.923 1e040000001673ab
  190.987 1e042c00000000000000000000000000000000000000000032000000000000000000000000000000000000001000212f4f
  191.080 1e04001e00061261
  191.110 1e040c000000000000000000000000cabf
  191.173 0f1004a6000d1a00000000000000000000000000000000000000004a2000000000ca30
  191.545 0217a7f8000fa80c00070e004000000008003c0005ffff0000d6ae
  191.605 02171e0017fc18fc1800360028fc18fc18fc18fc18fc18001000c0001efc18fc18ace2
  191.636 c803232800025e1e
  191.759 0a17b3b00003b3c4000306001000140000e590
  191.914 0f1004a6000d1a00000000000000000000000000000000000000004a2000000000ca30
  192.039 0f10085f00050a0000000000000000000032c2
  192.628 0217a7f8000fa80c00070e004000000008003c0005ffff0000d6ae
  192.690 02171e0017fc18fc1800360028fc18fc18fc18fc18fc18001000c0001efc18fc18ace2
  192.722 c803232800025e1e
  192.877 1e10000000091200010000000000000001000000000000000086dd
  192.877 1e10000000090260
  192.956 1e1000140003060000000000008c5f
  192.956 1e1000140003c263
  192.987 1e04001600081267
  193.018 1e041000000000000000000000000009060709e751
  193.064 1e040000001673ab
  193.140 1e042c00000000000000000000000000000000000000000032000000000000000000000000000000000000001000212f4f
  193.216 1e04001e00061261
  193.247 1e040c000000000000000000000000cabf
  193.308 0617afc8000cafdc00050a000000000000000000105a76
  193.476 0f1707300008071c000810c953ecfd92b93a9fa02be8cbb3c10bd16606
  193.754 0217a7f8000fa80c00070e004000000008003c0005ffff0000d6ae
  193.816 02171e0017fc18fc1800360028fc18fc18fc18fc18fc18001000c0001efc18fc18ace2
  193.863 c803232800025e1e
  194.001 0f1004a6000d1a00000000000000000000000000000000000000004a2000000000ca30
  194.124 0f10085f00050a0000000000000000000032c2
  194.726 0217a7f8000fa80c00070e004000000008003c000affff000082af
  194.787 02171e0017fc18fc1800360028fc18fc18fc18fc18fc18001000c0001efc18fc18ace2
  194.819 c803232800025e1e
  194.973 1e10000000091200010000000000000001000000000000000086dd
  194.973 1e10000000090260
  195.052 1e1000140003060000000000008c5f
  195.052 1e1000140003c263
  195.082 1e04001600081267
  195.113 1e041000000000000000000000000009060709e751
  195.159 1e040000001673ab
  195.222 1e042c00000000000000000000000000000000000000000032000000000000000000000000000000000000001000212f4f
  195.346 1e04001e00061261
  195.346 1e040c000000000000000000000000cabf
  195.408 0f1004a6000d1a00000000000000000000000000000000000000004a2000000000ca30
  195.769 0217a7f8000fa80c00070e004000000008003c000affff000082af
  195.815 02171e0017fc18fc1800360028fc18fc18fc18fc18fc18001000c0001efc18fc18ace2
  195.861 c803232800025e1e
  195.986 0a17b3b00003b3c4000306001000140000e590
  196.126 0f1004a6000d1a00000000000000000000000000000000000000004a2000000000ca30
  196.252 0f10085f00050a0000000000000000000032c2
  196.849 0217a7f8000fa80c00070e004000000008003c000affff000082af
  196.897 02171e0017fc18fc1800360028fc18fc18fc18fc18fc18001000c0001efc18fc18ace2
  196.944 c803232800025e1e
  197.085 1e10000000091200010000000000000001000000000000000086dd
  197.085 1e10000000090260
  197.164 1e1000140003060000000000008c5f
  197.164 1e1000140003c263
  197.196 1e04001600081267
  197.243 1e041000000000000000000000000009060709e751
  197.275 1e040000001673ab
  197.339 1e042c00000000000000000000000000000000000000000032000000000000000000000000000000000000001000212f4f
  197.463 1e04001e00061261
  197.463 1e040c000000000000000000000000cabf
  197.511 0617afc8000cafdc00050a000000000000000000105a76
  197.683 0f1707300008071c000810b500311cc18e2edfa3c22eaa9843aa0ea165
  197.967 0217a7f8000fa80c00070e004000000008003c000affff000082af
  198.030 02171e0017fc18fc1800360028fc18fc18fc18fc18fc18001000c0001efc18fc18ace2
  198.061 c803232800025e1e
  198.204 0f1004a6000d1a00000000000000000000000000000000000000004a2000000000ca30
  198.330 0f10085f00050a0000000000000000000032c2
  198.942 0217a7f8000fa80c00070e004000000008003c000affff000082af
  198.988 02171e0017fc18fc1800360028fc18fc18fc18fc18fc18001000c0001efc18fc18ace2
  199.035 c803232800025e1e
  199.189 1e10000000091200010000000000000001000000000000000086dd
  199.189 1e10000000090260
  199.251 1e1000140003060000000000008c5f
  199.251 1e1000140003c263
  199.297 1e04001600081267
  199.329 1e041000000000000000000000000009060709e751
  199.374 1e040000001673ab
  199.436 1e042c00000000000000000000000000000000000000000032000000000000000000000000000000000000001000212f4f
  199.559 1e04001e00061261
  199.559 1e040c000000000000000000000000cabf
  199.620 0f1004a6000d1a00000000000000000000000000000000000000004a2000000000ca30
  199.989 0217a7f8000fa80c00070e004000000008003c000affff000082af
  200.036 02171e0017fc18fc1800360028fc18fc18fc18fc18fc18001000c0001efc18fc18ace2
  200.082 c803232800025e1e
  200.204 0a17b3b00003b3c4000306001000140000e590
  200.344 0f1004a6000d1a00000000000000000000000000000000000000004a2000000000ca30
  200.467 0f10085f00050a0000000000000000000032c2
  201.070 0217a7f8000fa80c00070e004000000008003c000affff000082af
  201.117 02171e0017fc18fc1800360028fc18fc18fc18fc18fc18001000c0001efc18fc18ace2
  201.163 c803232800025e1e
  201.319 1e10000000091200010000000000000001000000000000000086dd
  201.319 1e10000000090260
  201.381 1e1000140003060000000000008c5f
  201.381 1e1000140003c263
  201.427 1e04001600081267
  201.457 1e041000000000000000000000000009060709e751
  201.503 1e040000001673ab
  201.566 1e042c00000000000000000000000000000000000000000032000000000000000000000000000000000000001000212f4f
  201.688 1e04001e00061261
  201.688 1e040c000000000000000000000000cabf
  201.735 0617afc8000cafdc00050a000000000000000000105a76
  201.905 0f1707300008071c000810f18669bbe2dc1e2655138f5505b69f204c37
  202.200 0217a7f8000fa80c00070e004000000008003c000affff000082af
  202.246 02171e0017fc18fc1800360028fc18fc18fc18fc18fc18001000c0001efc18fc18ace2
  202.292 c803232800025e1e
  202.430 0f1004a6000d1a00000000000000000000000000000000000000004a2000000000ca30
  202.553 0f10085f00050a0000000000000000000032c2
  203.159 0217a7f8000fa80c00070e004000000008003c000affff000082af
  203.206 02171e0017fc18fc1800360028fc18fc18fc18fc18fc18001000c0001efc18fc18ace2
  203.253 c803232800025e1e
  203.409 1e10000000091200010000000000000001000000000000000086dd
  203.409 1e10000000090260
  203.472 1e1000140003060000000000008c5f
  203.472 1e1000140003c263
  203.519 1e04001600081267
  203.550 1e041000000000000000000000000009060709e751
  203.597 1e040000001673ab
  203.660 1e042c0000000000000000000000000000000000000000003200000000000000000000000000000000000000180021ae8d
  203.739 1e04001e00061261
  203.769 1e040c000000000000000000000000cabf
  203.848 0f1004a6000d1a00000000000000000000000000000000000000004a2000000000ca30
  204.205 0217a7f8000fa80c00070e004000000008003c000affff000082af
  204.251 02171e0017fc18fc1800360028fc18fc18fc18fc18fc18001000c0001efc18fc18ace2
  204.298 c803232800025e1e
  204.423 0a17b3b00003b3c4000306001000140000e590
  204.562 0f1004a6000d1a00000000000000000000000000000000000000004a2000000000ca30
  204.688 0f10085f00050a0000000000000000000032c2
  205.282 0217a7f8000fa80c00070e004000000008003c000affff000082af
  205.344 02171e0017fc18fc1800360028fc18fc18fc18fc18fc18001000c0001efc18fc18ace2
  205.422 1e10000000091200010000000000000001000000000000000086dd
  205.422 1e10000000090260
  205.499 1e1000140003060000000000008c5f
  205.499 1e1000140003c263
  205.530 1e04001600081267
  205.561 1e04100000000003e80065000000000906070909a4
  205.608 1e040000001673ab
  205.669 1e042c00e600e200bc00d50083008601010000ffff000000320000000000000000000001e000000000000000180021b952
  205.794 1e04001e00061261
  205.794 1e040c000000000000000000000000cabf
  205.841 0617afc8000cafdc00050a000000000000000000105a76
  206.014 0f1707300008071c000810f2a60f1d8e297856cebb60613267330f633c
  206.155 0f1004a6000d1a00000000000000000000000000000000000000004a2000000000ca30
  206.436 0217a7f8000fa80c00070e004000000008003c000affff000082af
  206.498 02171e0017fc18fc1800360028fc18fc18fc18fc18fc18001000c0001efc18fc18ace2
  206.575 0f1004a6000d1a00000000000000000000000000000000000000004a2000000000ca30
  206.684 0f10085f00050a0000000000000000000032c2
  207.411 0217a7f8000fa80c00070e004000000008003c000affff000082af
  207.473 02171e0017fc18fc1800360028fc18fc18fc18fc18fc18001000c0001efc18fc18ace2
  207.550 1e10000000091200010000000000000001000000000000000086dd
  207.550 1e10000000090260
  207.612 1e1000140003060000000000008c5f
  207.612 1e1000140003c263
  207.659 1e04001600081267
  207.689 1e04100000000003e80065000000000906070909a4
  207.735 1e040000001673ab
  207.798 1e042c00e600e200bc00d50083008601010000ffff000000320000000000000000000001e000000000000000180021b952
  207.921 1e04001e00061261
  207.921 1e040c000000000000000000000000cabf
  207.982 0f1004a6000d1a00000000000000000000000000000000000000004a2000000000ca30
  208.465 0217a7f8000fa80c00070e004000000008003c000affff000082af
  208.512 02171e0017fc18fc1800360028fc18fc18fc18fc18fc18001000c0001efc18fc18ace2
  208.573 0a17b3b00003b3c4000306001000140000e590
  208.711 0f1004a6000d1a00000000000000000000000000000000000000004a2000000000ca30
  208.834 0f10085f00050a0000000000000000000032c2
  209.514 0217a7f8000fa80c00070e004000000008003c000affff000082af
  209.561 02171e0017fc18fc1800360028fc18fc18fc18fc18fc18001000c0001efc18fc18ace2
  209.654 1e10000000091200010000000000000001000000000000000086dd
  209.654 1e10000000090260
  209.716 1e1000140003060000000000008c5f
  209.716 1e1000140003c263
  209.747 1e04001600081267
  209.779 1e04100000000003e80065000000000906070909a4
  209.825 1e040000001673ab
  209.888 1e042c00e600e200bc00d50083008601010000ffff000000320000000000000000000001e000000000000000180021b952
  210.013 1e04001e00061261
  210.013 1e040c000000000000000000000000cabf
  210.060 0617afc8000cafdc00050a000000000000000000105a76
  210.230 0f1707300008071c0008105918834e38734c29c5059caa150106ef770c
  210.369 0f1004a6000d1a00000000000000000000000000000000000000004a2000000000ca30
  210.660 0217a7f8000fa80c00070e004000000008003c000affff000082af
  210.722 02171e0017fc18fc1800360028fc18fc18fc18fc18fc18001000c0001efc18fc18ace2
  210.798 0f1004a6000d1a00000000000000000000000000000000000000004a2000000000ca30
  210.922 0f10085f00050a0000000000000000000032c2
  211.633 0217a7f8000fa80c00070e004000000008003c000affff000082af
  211.693 02171e0017fc18fc1800360028fc18fc18fc18fc18fc18001000c0001efc18fc18ace2
  211.771 1e10000000091200010000000000000001000000000000000086dd
  211.771 1e10000000090260
  211.849 1e1000140003060000000000008c5f
  211.849 1e1000140003c263
  211.879 1e04001600081267
  211.927 1e04100000000003e80065000000000906070909a4
  211.958 1e040000001673ab
  212.020 1e042c00e600e200bc00d50083008601010000ffff000000320000000000000000000001e000000000000000180021b952
  212.113 1e04001e00061261
  212.144 1e040c000000000000000000000000cabf
  212.222 0f1004a6000d1a00000000000000000000000000000000000000004a2000000000ca30
  212.685 0217a7f8000fa80c00070e004000000008003c000affff000082af
  212.732 02171e0017fc18fc1800360028fc18fc18fc18fc18fc18001000c0001efc18fc18ace2
  212.794 0a17b3b00003b3c4000306001000140000e590
  212.931 0f1004a6000d1a00000000000000000000000000000000000000004a2000000000ca30
  213.055 0f10085f00050a0000000000000000000032c2
  213.735 0217a7f8000fa80c00070e004000000008003c000affff000082af
  213.781 02171e0017fc18fc1800360028fc18fc18fc18fc18fc18001000c0001efc18fc18ace2
  213.874 1e10000000091200010000000000000001000000000000000086dd
  213.874 1e10000000090260
  213.936 1e1000140003060000000000008c5f
  213.936 1e1000140003c263
  213.981 1e04001600081267
  214.013 1e04100000000003e80065000000000906070909a4
  214.060 1e040000001673ab
  214.122 1e042c00e600e200bc00d50083008601010000ffff000000320000000000000000000001e000000000000000180021b952
  214.244 1e04001e00061261
  214.244 1e040c000000000000000000000000cabf
  214.291 0617afc8000cafdc00050a000000000000000000105a76
  214.462 0f1707300008071c000810e6b79d0d78d78b331dc7b293c906fd84a155
  214.602 0f1004a6000d1a00000000000000000000000000000000000000004a2000000000ca30
  214.899 0217a7f8000fa80c00070e004000000008003c000affff000082af
  214.945 02171e0017fc18fc1800360028fc18fc18fc18fc18fc18001000c0001efc18fc18ace2
  215.008 0f1004a6000d1a00000000000000000000000000000000000000004a2000000000ca30
  215.146 0f10085f00050a0000000000000000000032c2
  215.855 0217a7f8000fa80c00070e004000000008003c000affff000082af
  215.917 02171e0017fc18fc1800360028fc18fc18fc18fc18fc18001000c0001efc18fc18ace2
  215.994 1e10000000091200010000000000000001000000000000000086dd
  215.994 1e10000000090260
  216.056 1e1000140003060000000000008c5f
  216.056 1e1000140003c263
  216.102 1e04001600081267
  216.133 1e04100000000003e80065000000000906070909a4
  216.178 1e040000001673ab
  216.239 1e042c00e700e200bc00d20082008601010000ffff000000320000000000000000000001e00000000000000018002106e3
  216.363 1e04001e00061261
  216.363 1e040c000000000000000000000000cabf
  216.425 0f1004a6000d1a00000000000000000000000000000000000000004a2000000000ca30
  216.905 0217a7f8000fa80c00070e004000000008003c000affff000082af
  216.967 02171e0017fc18fc1800360028fc18fc18fc18fc18fc18001000c0001efc18fc18ace2
  217.013 0a17b3b00003b3c4000306001000140000e590
  217.152 0f1004a6000d1a00000000000000000000000000000000000000004a2000000000ca30
  217.277 0f10085f00050a0000000000000000000032c2
  217.956 0217a7f8000fa80c00070e004000000008003c000affff000082af
  218.017 02171e0017fc18fc1800360028fc18fc18fc18fc18fc18001000c0001efc18fc18ace2
  218.094 1e10000000091200010000000000000001000000000000000086dd
  218.094 1e10000000090260
  218.172 1e1000140003060000000000008c5f
  218.172 1e1000140003c263
  218.203 1e04001600081267
  218.234 1e04100000000003e80065000000000906070909a4
  218.281 1e040000001673ab
  218.344 1e042c00e700e200bc00d20082008601010000ffff000000320000000000000000000001e00000000000000018002106e3
  218.437 1e04001e00061261
  218.467 1e040c000000000000000000000000cabf
  218.514 0617afc8000cafdc00050a000000000000000000105a76
  218.685 0f1707300008071c0008105841b86fc161c88d1ed4d7991ffbce7857f9
  218.824 0f1004a6000d1a00000000000000000000000000000000000000004a2000000000ca30
  219.116 0217a7f8000fa80c00070e004000000008003c000affff000082af
  219.177 02171e0017fc18fc1800360028fc18fc18fc18fc18fc18001000c0001efc18fc18ace2
  219.238 0f1004a6000d1a00000000000000000000000000000000000000004a2000000000ca30
  219.363 0f10085f00050a0000000000000000000032c2
  220.084 0217a7f8000fa80c00070e004000000008003c000affff000082af
  220.146 02171e0017fc18fc1800360028fc18fc18fc18fc18fc18001000c0001efc18fc18ace2
  220.223 1e10000000091200010000000000000001000000000000000086dd
  220.223 1e10000000090260
  220.301 1e1000140003060000000000008c5f
  220.301 1e1000140003c263
  220.332 1e04001600081267
  220.378 1e04100000000003e80065000000000906070909a4
  220.408 1e040000001673ab
  220.486 1e042c00e700e200bc00d20082008601010000ffff000000320000000000000000000001e00000000000000018002106e3
  220.563 1e04001e00061261
  220.594 1e040c000000000000000000000000cabf
  220.673 0f1004a6000d1a00000000000000000000000000000000000000004a2000000000ca30
  221.138 0217a7f8000fa80c00070e004000000008003c000affff000082af
  221.184 02171e0017fc18fc1800360028fc18fc18fc18fc18fc18001000c0001efc18fc18ace2
  221.247 0a17b3b00003b3c4000306001000140000e590
  221.386 0f1004a6000d1a00000000000000000000000000000000000000004a2000000000ca30
  221.508 0f10085f00050a0000000000000000000032c2
  222.189 0217a7f8000fa80c00070e004000000008003c000affff000082af
  222.236 02171e0017fc18fc1800360028fc18fc18fc18fc18fc18001000c0001efc18fc18ace2
  222.329 1e10000000091200010000000000000001000000000000000086dd
  222.329 1e10000000090260
  222.391 1e1000140003060000000000008c5f
  222.391 1e1000140003c263
  222.438 1e04001600081267
  222.469 1e04100000000003e80065000000000906070909a4
  222.516 1e040000001673ab
  222.576 1e042c00e700e200bc00d20082008601010000ffff000000320000000000000000000001e00000000000000018002106e3
  222.701 1e04001e00061261
  222.701 1e040c000000000000000000000000cabf
  222.746 0617afc8000cafdc00050a000000000000000000105a76
  222.916 0f1707300008071c000810d31924a5f11617d646db758d109652b78eda
  223.053 0f1004a6000d1a00000000000000000000000000000000000000004a2000000000ca30
  223.346 0217a7f8000fa80c00070e004000000008003c000affff000082af
  223.407 02171e0017fc18fc1800360028fc18fc18fc18fc18fc18001000c0001efc18fc18ace2
  223.469 0f1004a6000d1a00000000000000000000000000000000000000004a2000000000ca30
  223.592 0f10085f00050a0000000000000000000032c2
  224.321 0217a7f8000fa80c00070e004000000008003c000affff000082af
  224.383 02171e0017fc18fc1800360028fc18fc18fc18fc18fc18001000c0001efc18fc18ace2
  224.459 1e10000000091200010000000000000001000000000000000086dd
  224.459 1e10000000090260
  224.520 1e1000140003060000000000008c5f
  224.520 1e1000140003c263
  224.566 1e04001600081267
  224.598 1e04100000000003e80065000000000906070909a4
  224.645 1e040000001673ab
  224.706 1e042c00e700e200bc00d20082008601010000ffff000000320000000000000000000001e00000000000000018002106e3
  224.831 1e04001e00061261
  224.831 1e040c000000000000000000000000cabf
  224.893 0f1004a6000d1a00000000000000000000000000000000000000004a2000000000ca30
  225.371 0217a7f8000fa80c00070e004000000008003c000affff000082af
  225.418 02171e0017fc18fc1800360028fc18fc18fc18fc18fc18001000c0001efc18fc18ace2
  225.479 0a17b3b00003b3c4000306001000140000e590
  225.617 0f1004a6000d1a00000000000000000000000000000000000000004a2000000000ca30
  225.739 0f10085f00050a0000000000000000000032c2
  226.415 0217a7f8000fa80c00070e004000000008003c000affff000082af
  226.476 02171e0017fc18fc1800360028fc18fc18fc18fc18fc18001000c0001efc18fc18ace2
  226.553 1e10000000091200010000000000000001000000000000000086dd
  226.553 1e10000000090260
  226.614 1e1000140003060000000000008c5f
  226.614 1e1000140003c263
  226.661 1e04001600081267
  226.692 1e04100000000003e80065000000000906070909a4
  226.738 1e040000001673ab
  226.800 1e042c00e700e200bc00d20082008601010000ffff000000320000000000000000000001e00000000000000018002106e3
  226.922 1e04001e00061261
  226.922 1e040c000000000000000000000000cabf
  226.968 0617afc8000cafdc00050a000000000000000000105a76
  227.137 0f1707300008071c00081098f546808d50985ec04b4936f3d5f6deaab5
  227.274 0f1004a6000d1a00000000000000000000000000000000000000004a2000000000ca30
  227.569 0217a7f8000fa80c00070e004000000008003c000affff000082af
  227.630 02171e0017fc18fc1800360028fc18fc18fc18fc18fc18001000c0001efc18fc18ace2
  227.691 0f1004a6000d1a00000000000000000000000000000000000000004a2000000000ca30
  227.814 0f10085f00050a0000000000000000000032c2
  228.540 0217a7f8000fa80c00070e004000000008003c000affff000082af
  228.602 02171e0017fc18fc1800360028fc18fc18fc18fc18fc18001000c0001efc18fc18ace2
  228.679 1e10000000091200010000000000000001000000000000000086dd
  228.679 1e10000000090260
  228.758 1e1000140003060000000000008c5f
  228.758 1e1000140003c263
  228.789 1e04001600081267
  228.820 1e04100000000003e80065000000000906070909a4
  228.867 1e040000001673ab
  228.928 1e042c00e700e200bc00d20082008601010000ffff000000320000000000000000000001e00000000000000018002106e3
  229.021 1e04001e00061261
  229.052 1e040c000000000000000000000000cabf
  229.129 0f1004a6000d1a00000000000000000000000000000000000000004a2000000000ca30
  229.594 0217a7f8000fa80c00070e004000000008003c000affff000082af
  229.639 02171e0017fc18fc1800360028fc18fc18fc18fc18fc18001000c0001efc18fc18ace2
  229.702 0a17b3b00003b3c4000306001000140000e590
  229.840 0f1004a6000d1a00000000000000000000000000000000000000004a2000000000ca30
  229.964 0f10085f00050a0000000000000000000032c2
  230.646 0217a7f8000fa80c00070e004000000008003c000affff000082af
  230.693 02171e0017fc18fc1800360028fc18fc18fc18fc18fc18001000c0001efc18fc18ace2
  230.773 1e10000000091200010000000000000001000000000000000086dd
  230.773 1e10000000090260
  230.849 1e1000140003060000000000008c5f
  230.849 1e1000140003c263
  230.880 1e04001600081267
  230.911 1e04100000000003e80065000000000906070909a4
  230.957 1e040000001673ab
  231.019 1e042c00e700e200bc00d20082008601010000ffff000000320000000000000000000001e00000000000000018002106e3
  231.111 1e04001e00061261
  231.142 1e040c000000000000000000000000cabf
  231.204 0617afc8000cafdc00050a000000000000000000105a76
  231.358 0f1707300008071c0008101f327c872187c780a6189f561e1f7d81b9d9
  231.497 0f1004a6000d1a00000000000000000000000000000000000000004a2000000000ca30
  231.790 0217a7f8000fa80c00070e004000000008003c000affff000082af
  231.852 02171e0017fc18fc1800360028fc18fc18fc18fc18fc18001000c0001efc18fc18ace2
  231.915 0f1004a6000d1a00000000000000000000000000000000000000004a2000000000ca30
  232.039 0f10085f00050a0000000000000000000032c2
  232.765 0217a7f8000fa80c00070e004000000008003c000affff000082af
  232.826 02171e0017fc18fc1800360028fc18fc18fc18fc18fc18001000c0001efc18fc18ace2
  232.902 1e10000000091200010000000000000001000000000000000086dd
  232.902 1e10000000090260
  232.979 1e1000140003060000000000008c5f
  232.979 1e1000140003c263
  233.010 1e04001600081267
  233.041 1e04100000000003e80065000000000906070909a4
  233.087 1e040000001673ab
  233.149 1e042c00e700e200bc00d20082008601010000ffff000000320000000000000000000001e00000000000000018002106e3
  233.273 1e04001e00061261
  233.273 1e040c000000000000000000000000cabf
  233.335 0f1004a6000d1a00000000000000000000000000000000000000004a2000000000ca30
  233.815 0217a7f8000fa80c00070e004000000008003c000affff000082af
  233.862 02171e0017fc18fc1800360028fc18fc18fc18fc18fc18001000c0001efc18fc18ace2
  233.926 0a17b3b00003b3c4000306001000140000e590
  234.066 0f1004a6000d1a00000000000000000000000000000000000000004a2000000000ca30
  234.191 0f10085f00050a0000000000000000000032c2
  234.858 0217a7f8000fa80c00070e004000000008003c000affff000082af
  234.919 02171e0017fc18fc1800360028fc18fc18fc18fc18fc18001000c0001efc18fc18ace2
  234.997 1e10000000091200010000000000000001000000000000000086dd
  234.997 1e10000000090260
  235.074 1e1000140003060000000000008c5f
  235.074 1e1000140003c263
  235.104 1e04001600081267
  235.134 1e04100000000003e80065000000000906070909a4
  235.180 1e040000001673ab
  235.241 1e042c00e700e200bc00d20082008601010000ffff000000320000000000000000000001e00000000000000018002106e3
  235.335 1e04001e00061261
  235.367 1e040c000000000000000000000000cabf
  235.414 0617afc8000cafdc00050a000000000000000000105a76
  235.584 0f1707300008071c000810569a3544424716e417452a2cfd99f07d2bcd
  235.722 0f1004a6000d1a00000000000000000000000000000000000000004a2000000000ca30
  236.016 0217a7f8000fa80c00070e004000000008003c000affff000082af
  236.063 02171e0017fc18fc1800360028fc18fc18fc18fc18fc18001000c0001efc18fc18ace2
  236.141 0f1004a6000d1a00000000000000000000000000000000000000004a2000000000ca30
  236.265 0f10085f00050a0000000000000000000032c2
  236.990 0217a7f8000fa80c00070e004000000008003c000affff000082af
  237.050 02171e0017fc18fc1800360028fc18fc18fc18fc18fc18001000c0001efc18fc18ace2
  237.129 1e10000000091200010000000000000001000000000000000086dd
  237.129 1e10000000090260
  237.191 1e1000140003060000000000008c5f
  237.191 1e1000140003c263
  237.237 1e04001600081267
  237.269 1e04100967057903e80065077003e90906070922e1
  237.315 1e040000001673ab
  237.377 1e042c00e700e200bc00d20082008601040000ffff000000320000000000000000000001e000000000000000180021d6e1
  237.454 1e04001e00061261
  237.485 1e040c000000000000000000000000cabf
  237.562 0f1004a6000d1a00000000000000000000000000000000000000004a2000000000ca30
  238.041 0217a7f8000fa80c00070e004000000008003c000affff000082af
  238.087 02171e0017fc18fc1800360028fc18fc18fc18fc18fc18001000c0001efc18fc18ace2
  238.149 0a17b3b00003b3c4000306001000140000e590
  238.288 0f1004a6000d1a00000000000000000000000000000000000000004a2000000000ca30
  238.413 0f10085f00050a0000000000000000000032c2
  239.093 0217a7f8000fa80c00070e004000000008003c000affff000082af
  239.140 02171e0017fc18fc1800360028fc18fc18fc18fc18fc18001000c0001efc18fc18ace2
  239.218 1e10000000091200010000000000000001000000000000000086dd
  239.218 1e10000000090260
  239.296 1e1000140003060000000000008c5f
  239.296 1e1000140003c263
  239.327 1e040000001673ab
  239.406 1e042c00e700e200bc00d20082008601040000ffff000000320000000000000000000001e000000000000000180021d6e1
  239.484 1e04001e00061261
  239.515 1e040c000000000000000000000000cabf
  239.576 0617afc8000cafdc00050a000000000000000000105a76
  239.733 0f1707300008071c00081090a8e53f8eb0e2c2769e4f988de2001038e2
  239.873 0f1004a6000d1a00000000000000000000000000000000000000004a2000000000ca30
  240.169 0217a7f8000fa80c00070e004000000008003c000affff000082af
  240.230 02171e0017fc18fc1800360028fc18fc18fc18fc18fc18001000c0001efc18fc18ace2
  240.305 0f1004a6000d1a00000000000000000000000000000000000000004a2000000000ca30
  240.429 0f10085f00050a0000000000000000000032c2
  241.182 0217a7f8000fa80c00070e004000000008003c000affff000082af
  241.244 02171e0017fc18fc1800360028fc18fc18fc18fc18fc18001000c0001efc18fc18ace2
  241.320 1e10000000091200010000000000000001000000000000000086dd
  241.320 1e10000000090260
  241.398 1e1000140003060000000000008c5f
  241.398 1e1000140003c263
  241.428 1e040000001673ab
  241.507 1e042c00e700e200bc00d20082008601040000ffff000000320000000000000000000001e000000000000000180021d6e1
  241.584 1e04001e00061261
  241.615 1e040c000000000000000000000000cabf
  241.694 0f1004a6000d1a00000000000000000000000000000000000000004a2000000000ca30
  242.236 0217a7f8000fa80c00070e004000000008003c000affff000082af
  242.282 02171e0017fc18fc1800360028fc18fc18fc18fc18fc18001000c0001efc18fc18ace2
  242.344 0a17b3b00003b3c4000306001000140000e590
  242.484 0f1004a6000d1a00000000000000000000000000000000000000004a2000000000ca30
  242.609 0f10085f00050a0000000000000000000032c2
  243.278 0217a7f8000fa80c00070e004000000008003c000affff000082af
  243.338 02171e0017fc18fc1800360028fc18fc18fc18fc18fc18001000c0001efc18fc18ace2
  243.416 1e10000000091200010000000000000001000000000000000086dd
  243.416 1e10000000090260
  243.493 1e1000140003060000000000008c5f
  243.493 1e1000140003c263
  243.524 1e040000001673ab
  243.588 1e042c00e700e200bc00d20082008601040000ffff000000320000000000000000000001e000000000000000180021d6e1
  243.713 1e04001e00061261
  243.713 1e040c000000000000000000000000cabf
  243.760 0617afc8000cafdc00050a000000000000000000105a76
  243.930 0f1707300008071c000810320789206efe63dfbe7fb4fae3d83038709e
  244.069 0f1004a6000d1a00000000000000000000000000000000000000004a2000000000ca30
  244.360 0217a7f8000fa80c00070e004000000008003c000affff000082af
  244.422 02171e0017fc18fc1800360028fc18fc18fc18fc18fc18001000c0001efc18fc18ace2
  244.483 0f1004a6000d1a00000000000000000000000000000000000000004a2000000000ca30
  244.622 0f10085f00050a0000000000000000000032c2
  245.374 0217a7f8000fa80c00070e004000000008003c000affff000082af
  245.437 02171e0017fc18fc1800360028fc18fc18fc18fc18fc18001000c0001efc18fc18ace2
  245.517 1e10000000091200010000000000000001000000000000000086dd
  245.517 1e10000000090260
  245.580 1e1000140003060000000000008c5f
  245.580 1e1000140003c263
  245.627 1e040000001673ab
  245.691 1e042c00e700e200bc00d20082008601040000ffff000000320000000000000000000001e000000000000000180021d6e1
  245.798 1e04001e00061261
  245.798 1e040c000000000000000000000000cabf
  245.876 0f1004a6000d1a00000000000000000000000000000000000000004a2000000000ca30
  246.408 0217a7f8000fa80c00070e004000000008003c000affff000082af
  246.455 02171e0017fc18fc1800360028fc18fc18fc18fc18fc18001000c0001efc18fc18ace2
  246.515 0a17b3b00003b3c4000306001000140000e590
  246.655 0f1004a6000d1a00000000000000000000000000000000000000004a2000000000ca30
  246.778 0f10085f00050a0000000000000000000032c2
  247.443 0217a7f8000fa80c00070e004000000028003c000affff00001b6e
  247.505 02171e0017fc18fc1800360028fc18fc18fc18fc18fc18001000c0001efc18fc18ace2
  247.582 1e10000000091200010000000000000001000000000000000086dd
  247.582 1e10000000090260
  247.659 1e1000140003060000000000008c5f
  247.659 1e1000140003c263
  247.690 1e040000001673ab
  247.767 1e042c00e700e200bc00d20082008601040000ffff000000320000000000000000000001e000000000000000180021d6e1
  247.846 1e04001e00061261
  247.877 1e040c000000000000000000000000cabf
  247.940 0617afc8000cafdc00050a00200000000000000010c3b7
  248.094 0f1707300008071c00081098a74f54ef79d1c230662c7d71c1c1d2b686
  248.249 0f1004a6000d1a00000000000000000000000000000000000000004a2000000000ca30
  248.543 0217a7f8000fa80c00070e004000000028003c000affff00001b6e
  248.590 02171e0017fc18fc1800360028fc18fc18fc18fc18fc18001000c0001efc18fc18ace2
  248.666 0f1004a6000d1a00000000000000000000000000000000000000004a2000000000ca30
  248.789 0f10085f00050a0000000000000000000032c2
  249.585 0217a7f8000fa80c00070e004000000028003c000affff00001b6e
  249.647 02171e0017fc18fc1800360028fc18fc18fc18fc18fc18001000c0001efc18fc18ace2
  249.724 1e10000000091200010000000000000001000000000000000086dd
  249.724 1e10000000090260
  249.800 1e1000140003060000000000008c5f
  249.800 1e1000140003c263
  249.847 1e040000001673ab
  249.910 1e042c00e700e200bc00d20082008601010000ffff000000320000000000000000000001e00000000000000018002106e3
  249.987 1e04001e00061261
  250.018 1e040c000000000000000000000000cabf
  250.097 0f1004a6000d1a00000000000000000000000000000000000000004a2000000000ca30
  250.671 0217a7f8000fa80c00070e004000000028003c000affff00001b6e
  250.731 02171e0017fc18fc1800360028fc18fc18fc18fc18fc18001000c0001efc18fc18ace2
  250.794 0a17b3b00003b3c4000306001000140000e590
  250.931 0f1004a6000d1a00000000000000000000000000000000000000004a2000000000ca30
  251.056 0f10085f00050a0000000000000000000032c2
  251.723 0217a7f8000fa80c00070e004000000028003c000affff00001b6e
  251.786 02171e0017fc18fc1800360028fc18fc18fc18fc18fc18001000c0001efc18fc18ace2
  251.863 1e10000000091200010000000000000001000000000000000086dd
  251.863 1e10000000090260
  251.924 1e1000140003060000000000008c5f
  251.924 1e1000140003c263
  251.971 1e040000001673ab
  252.032 1e042c00e700e200bc00d20082008601010000ffff000000320000000000000000000001e00000000000000018002106e3
  252.124 1e04001e00061261
  252.155 1e040c000000000000000000000000cabf
  252.217 0617afc8000cafdc00050a00200000000000000010c3b7
  252.371 0f1707300008071c000810f7d09209015b2920ad3e2ace9c1a3c28ec68
  252.510 0f1004a6000d1a00000000000000000000000000000000000000004a2000000000ca30
  252.802 0217a7f8000fa80c00070e004000000028003c000affff00001b6e
  252.864 02171e0017fc18fc1800360028fc18fc18fc18fc18fc18001000c0001efc18fc18ace2
  252.941 0f1004a6000d1a00000000000000000000000000000000000000004a2000000000ca30
  253.065 0f10085f00050a0000000000000000000032c2
  253.856 0217a7f8000fa80c00070e004000000028003c000affff00001b6e
  253.918 02171e0017fc18fc1800360028fc18fc18fc18fc18fc18001000c0001efc18fc18ace2
  253.996 1e10000000091200010000000000000001000000000000000086dd
  253.996 1e10000000090260
  254.058 1e1000140003060000000000008c5f
  254.058 1e1000140003c263
  254.105 1e040000001673ab
  254.167 1e042c00e700e200bc00d20082008601010000ffff000000320000000000000000000001e00000000000000018002106e3
  254.292 1e04001e00061261
  254.292 1e040c000000000000000000000000cabf
  254.355 0f1004a6000d1a00000000000000000000000000000000000000004a2000000000ca30
  254.941 0217a7f8000fa80c00070e004000000028003c000affff00001b6e
  254.987 02171e0017fc18fc1800360028fc18fc18fc18fc18fc18001000c0001efc18fc18ace2
  255.049 0a17b3b00003b3c4000306001000140000e590
  255.188 0f1004a6000d1a00000000000000000000000000000000000000004a2000000000ca30
  255.313 0f10085f00050a0000000000000000000032c2
  255.982 0217a7f8000fa80c00070e004000000028003c000affff00001b6e
  256.043 02171e0017fc18fc1800360028fc18fc18fc18fc18fc18001000c0001efc18fc18ace2
  256.121 1e10000000091200010000000000000001000000000000000086dd
  256.121 1e10000000090260
  256.198 1e1000140003060000000000008c5f
  256.198 1e1000140003c263
  256.230 1e040000001673ab
  256.308 1e042c00e700e200bc00d20082008601010000ffff000000320000000000000000000001e00000000000000018002106e3
  256.385 1e04001e00061261
  256.415 1e040c000000000000000000000000cabf
  256.477 0617afc8000cafdc00050a00200000000000000010c3b7
  256.646 0f1707300008071c0008107f6c430f61ba4e363da0cc1dd8c081b8c895
  256.787 0f1004a6000d1a00000000000000000000000000000000000000004a2000000000ca30
  257.065 0217a7f8000fa80c00070e004000000028003c000affff00001b6e
  257.127 02171e0017fc18fc1800360028fc18fc18fc18fc18fc18001000c0001efc18fc18ace2
  257.204 0f1004a6000d1a00000000000000000000000000000000000000004a2000000000ca30
  257.329 0f10085f00050a0000000000000000000032c2
  258.119 0217a7f8000fa80c00070e004000000028003c000affff00001b6e
  258.166 02171e0017fc18fc1800360028fc18fc18fc18fc18fc18001000c0001efc18fc18ace2
  258.257 1e10000000091200010000000000000001000000000000000086dd
  258.257 1e10000000090260
  258.319 1e1000140003060000000000008c5f
  258.319 1e1000140003c263
  258.351 1e040000001673ab
  258.429 1e042c00e700e200bc00d20082008601010000ffff000000320000000000000000000001e00000000000000018002106e3
  258.506 1e04001e00061261
  258.537 1e040c000000000000000000000000cabf
  258.615 0f1004a6000d1a00000000000000000000000000000000000000004a2000000000ca30
  259.201 0217a7f8000fa80c00070e004000000028003c000affff00001b6e
  259.247 02171e0017fc18fc1800360028fc18fc18fc18fc18fc18001000c0001efc18fc18ace2
  259.308 0a17b3b00003b3c4000306001000140000e590
  259.447 0f1004a6000d1a00000000000000000000000000000000000000004a2000000000ca30
  259.570 0f10085f00050a0000000000000000000032c2
  260.250 0217a7f8000fa80c00070e004000000028003c000affff00001b6e
  260.296 02171e0017fc18fc1800360028fc18fc18fc18fc18fc18001000c0001efc18fc18ace2
  260.388 1e10000000091200010000000000000001000000000000000086dd
  260.388 1e10000000090260
  260.451 1e1000140003060000000000008c5f
  260.451 1e1000140003c263
  260.497 1e040000001673ab
  260.558 1e042c00e600e200bc00d20082008601010000ffff000000320000000000000000000001e000000000000000180021c4a2
  260.681 1e04001e00061261
  260.681 1e040c000000000000000000000000cabf
  260.727 0617afc8000cafdc00050a00200000000000000010c3b7
  260.896 0f1707300008071c0008105682cebbf2bd644e55600d42435d39cc3565
  261.034 0f1004a6000d1a00000000000000000000000000000000000000004a2000000000ca30
  261.326 0217a7f8000fa80c00070e004000000028003c000affff00001b6e
  261.387 02171e0017fc18fc1800360028fc18fc18fc18fc18fc18001000c0001efc18fc18ace2
  261.464 0f1004a6000d1a00000000000000000000000000000000000000004a2000000000ca30
  261.587 0f10085f00050a0000000000000000000032c2
  262.373 0217a7f8000fa80c00070e004000000028003c000affff00001b6e
  262.435 02171e0017fc18fc1800360028fc18fc18fc18fc18fc18001000c0001efc18fc18ace2
  262.514 1e10000000091200010000000000000001000000000000000086dd
  262.514 1e10000000090260
  262.589 1e1000140003060000000000008c5f
  262.589 1e1000140003c263
  262.620 1e040000001673ab
  262.682 1e042c00e600e200bc00d20082008601010000ffff000000320000000000000000000001e000000000000000180021c4a2
  262.775 1e04001e00061261
  262.805 1e040c000000000000000000000000cabf
  262.868 0f1004a6000d1a00000000000000000000000000000000000000004a2000000000ca30
  263.456 0217a7f8000fa80c00070e004000000028003c000affff00001b6e
  263.519 02171e0017fc18fc1800360028fc18fc18fc18fc18fc18001000c0001efc18fc18ace2
  263.565 0a17b3b00003b3c4000306001000140000e590
  263.703 0f1004a6000d1a00000000000000000000000000000000000000004a2000000000ca30
  263.827 0f10085f00050a0000000000000000000032c2
  264.511 0217a7f8000fa80c00070e004000000008003c000affff000082af
  264.557 02171e0017fc18fc1800360028fc18fc18fc18fc18fc18001000c0001efc18fc18ace2
  264.650 1e10000000091200010000000000000001000000000000000086dd
  264.650 1e10000000090260
  264.712 1e1000140003060000000000008c5f
  264.712 1e1000140003c263
  264.757 1e040000001673ab
  264.818 1e042c00e600e200bc00d20082008601010000ffff000000320000000000000000000001e000000000000000180021c4a2
  264.942 1e04001e00061261
  264.942 1e040c000000000000000000000000cabf
  264.988 0617afc8000cafdc00050a000000000000000000105a76
  265.159 0f1707300008071c000810f23ac2866783939aae05908795b751c36bb1
  265.298 0f1004a6000d1a00000000000000000000000000000000000000004a2000000000ca30
  265.591 0217a7f8000fa80c00070e004000000008003c000affff000082af
  265.652 02171e0017fc18fc1800360028fc18fc18fc18fc18fc18001000c0001efc18fc18ace2
  265.728 0f1004a6000d1a00000000000000000000000000000000000000004a2000000000ca30
  265.851 0f10085f00050a0000000000000000000032c2
  266.641 0217a7f8000fa80c00070e004000000008003c000affff000082af
  266.688 02171e0017fc18fc1800360028fc18fc18fc18fc18fc18001000c0001efc18fc18ace2
  266.780 1e10000000091200010000000000000001000000000000000086dd
  266.780 1e10000000090260
  266.841 1e1000140003060000000000008c5f
  266.841 1e1000140003c263
  266.886 1e040000001673ab
  266.948 1e042c00e600e200bc00d20082008601010000ffff000000320000000000000000000001e000000000000000180021c4a2
  267.072 1e04001e00061261
  267.072 1e040c000000000000000000000000cabf
  267.134 0f1004a6000d1a00000000000000000000000000000000000000004a2000000000ca30
  267.721 0217a7f8000fa80c00070e004000000008003c000affff000082af
  267.782 02171e0017fc18fc1800360028fc18fc18fc18fc18fc18001000c0001efc18fc18ace2
  267.828 0a17b3b00003b3c4000306001000140000e590
  267.968 0f1004a6000d1a00000000000000000000000000000000000000004a2000000000ca30
  268.091 0f10085f00050a0000000000000000000032c2
  268.767 0217a7f8000fa80c00070e004000000008003c000affff000082af
  268.830 02171e0017fc18fc1800360028fc18fc18fc18fc18fc18001000c0001efc18fc18ace2
  268.907 1e10000000091200010000000000000001000000000000000086dd
  268.907 1e10000000090260
  268.984 1e1000140003060000000000008c5f
  268.984 1e1000140003c263
  269.014 1e040000001673ab
  269.092 1e042c00e600e200bc00d20082008601010000ffff000000320000000000000000000001e000000000000000180021c4a2
  269.169 1e04001e00061261
  269.200 1e040c000000000000000000000000cabf
  269.262 0617afc8000cafdc00050a000000000000000000105a76
  269.415 0f1707300008071c0008101a36fceada6280b13c98dfd1471f1e002f67
  269.571 0f1004a6000d1a00000000000000000000000000000000000000004a2000000000ca30
  269.864 0217a7f8000fa80c00070e004000000008003c000affff000082af
  269.910 02171e0017fc18fc1800360028fc18fc18fc18fc18fc18001000c0001efc18fc18ace2
  269.987 0f1004a6000d1a00000000000000000000000000000000000000004a2000000000ca30
  270.111 0f10085f00050a0000000000000000000032c2
  270.912 0217a7f8000fa80c00070e004000000008003c000affff000082af
  270.958 02171e0017fc18fc1800360028fc18fc18fc18fc18fc18001000c0001efc18fc18ace2
  271.049 1e10000000091200010000000000000001000000000000000086dd
  271.049 1e10000000090260
  271.109 1e1000140003060000000000008c5f
  271.109 1e1000140003c263
  271.156 1e040000001673ab
  271.219 1e042c00e600e200bc00d20083008600ff0000ffff000000320000000000000000000001e000000000000000180021087e
  271.340 1e04001e00061261
  271.340 1e040c000000000000000000000000cabf
  271.401 0f1004a6000d1a00000000000000000000000000000000000000004a2000000000ca30
  271.987 0217a7f8000fa80c00070e004000000008003c000affff000082af
  272.049 02171e0017fc18fc1800360028fc18fc18fc18fc18fc18001000c0001efc18fc18ace2
  272.095 0a17b3b00003b3c4000306001000140000e590
  272.248 0f1004a6000d1a00000000000000000000000000000000000000004a2000000000ca30
  272.371 0f10085f00050a0000000000000000000032c2
  273.035 0217a7f8000fa80c00070e004000000008003c000affff000082af
  273.096 02171e0017fc18fc1800360028fc18fc18fc18fc18fc18001000c0001efc18fc18ace2
  273.174 1e10000000091200010000000000000001000000000000000086dd
  273.174 1e10000000090260
  273.251 1e1000140003060000000000008c5f
  273.251 1e1000140003c263
  273.282 1e040000001673ab
  273.359 1e042c00e600e200bc00d20083008600ff0000ffff000000320000000000000000000001e000000000000000180021087e
  273.438 1e04001e00061261
  273.469 1e040c000000000000000000000000cabf
  273.532 0617afc8000cafdc00050a000000000000000000105a76
  273.686 0f1707300008071c0008102984b900d2246a2f221b19e09d30d8de825c
  273.825 0f1004a6000d1a00000000000000000000000000000000000000004a2000000000ca30
  274.133 0217a7f8000fa80c00070e004000000008003c000affff000082af
  274.180 02171e0017fc18fc1800360028fc18fc18fc18fc18fc18001000c0001efc18fc18ace2
  274.257 0f1004a6000d1a00000000000000000000000000000000000000004a2000000000ca30
  274.380 0f10085f00050a0000000000000000000032c2
  275.168 0217a7f8000fa80c00070e004000000008003c000affff000082af
  275.230 02171e0017fc18fc1800360028fc18fc18fc18fc18fc18001000c0001efc18fc18ace2
  275.307 1e10000000091200010000000000000001000000000000000086dd
  275.307 1e10000000090260
  275.385 1e1000140003060000000000008c5f
  275.385 1e1000140003c263
  275.415 1e040000001673ab
  275.493 1e042c00e600e200bc00d20083008600ff0000ffff000000320000000000000000000001e000000000000000180021087e
  275.570 1e04001e00061261
  275.600 1e040c000000000000000000000000cabf
  275.676 0f1004a6000d1a00000000000000000000000000000000000000004a2000000000ca30
  276.259 0217a7f8000fa80c00070e004000000008003c000affff000082af
  276.321 02171e0017fc18fc1800360028fc18fc18fc18fc18fc18001000c0001efc18fc18ace2
  276.367 0a17b3b00003b3c4000306001000140000e590
  276.506 0f1004a6000d1a00000000000000000000000000000000000000004a2000000000ca30
  276.629 0f10085f00050a0000000000000000000032c2
  277.311 0217a7f8000fa80c00070e004000000008003c000affff000082af
  277.358 02171e0017fc18fc1800360028fc18fc18fc18fc18fc18001000c0001efc18fc18ace2
  277.451 1e10000000091200010000000000000001000000000000000086dd
  277.451 1e10000000090260
  277.511 1e1000140003060000000000008c5f
  277.511 1e1000140003c263
  277.542 1e040000001673ab
  277.619 1e042c00e600e200bc00d20083008600ff0000ffff000000320000000000000000000001e000000000000000180021087e
  277.697 1e04001e00061261
  277.728 1e040c000000000000000000000000cabf
  277.790 0617afc8000cafdc00050a000000000000000000105a76
  277.960 0f1707300008071c000810bc8af86c64e38ac89dd8a60ba8e609ba00c6
  278.101 0f1004a6000d1a00000000000000000000000000000000000000004a2000000000ca30
  278.393 0217a7f8000fa80c00070e004000000008003c000affff000082af
  278.439 02171e0017fc18fc1800360028fc18fc18fc18fc18fc18001000c0001efc18fc18ace2
  278.517 0f1004a6000d1a00000000000000000000000000000000000000004a2000000000ca30
  278.640 0f10085f00050a0000000000000000000032c2
  279.443 0217a7f8000fa80c00070e004000000008003c000affff000082af
  279.490 02171e0017fc18fc1800360028fc18fc18fc18fc18fc18001000c0001efc18fc18ace2
  279.584 1e10000000091200010000000000000001000000000000000086dd
  279.584 1e10000000090260
  279.646 1e1000140003060000000000008c5f
  279.646 1e1000140003c263
  279.693 1e040000001673ab
  279.755 1e042c00e600e200bc00d20083008600ff0000ffff000000320000000000000000000001e000000000000000180021087e
  279.833 1e04001e00061261
  279.864 1e040c000000000000000000000000cabf
  279.942 0f1004a6000d1a00000000000000000000000000000000000000004a2000000000ca30
  280.523 0217a7f8000fa80c00070e004000000008003c000affff000082af
  280.584 02171e0017fc18fc1800360028fc18fc18fc18fc18fc18001000c0001efc18fc18ace2
  280.631 0a17b3b00003b3c4000306001000140000e590
  280.769 0f1004a6000d1a00000000000000000000000000000000000000004a2000000000ca30
  280.892 0f10085f00050a0000000000000000000032c2
  281.570 0217a7f8000fa80c00070e004000000008003c000affff000082af
  281.633 02171e0017fc18fc1800360028fc18fc18fc18fc18fc18001000c0001efc18fc18ace2
  281.709 1e10000000091200010000000000000001000000000000000086dd
  281.709 1e10000000090260
  281.770 1e1000140003060000000000008c5f
  281.770 1e1000140003c263
  281.817 1e040000001673ab
  281.878 1e042c00e600e200bc00d20083008601010000ffff000000320000000000000000000001e000000000000000180021e862
  282.001 1e04001e00061261
  282.001 1e040c000000000000000000000000cabf
  282.047 0617afc8000cafdc00050a000000000000000000105a76
  282.217 0f1707300008071c0008108439f4c2317ebc5bac123431243db12fac91
  282.356 0f1004a6000d1a00000000000000000000000000000000000000004a2000000000ca30
  282.649 0217a7f8000fa80c00070e004000000008003c000affff000082af
  282.711 02171e0017fc18fc1800360028fc18fc18fc18fc18fc18001000c0001efc18fc18ace2
  282.788 0f1004a6000d1a00000000000000000000000000000000000000004a2000000000ca30
  282.912 0f10085f00050a0000000000000000000032c2
  283.698 0217a7f8000fa80c00070e004000000008003c000affff000082af
  283.758 02171e0017fc18fc1800360028fc18fc18fc18fc18fc18001000c0001efc18fc18ace2
  283.835 1e10000000091200010000000000000001000000000000000086dd
  283.835 1e10000000090260
  283.912 1e1000140003060000000000008c5f
  283.912 1e1000140003c263
  283.942 1e040000001673ab
  284.020 1e042c00e600e200bc00d20083008601010000ffff000000320000000000000000000001e000000000000000180021e862
  284.096 1e04001e00061261
  284.128 1e040c000000000000000000000000cabf
  284.204 0f1004a6000d1a00000000000000000000000000000000000000004a2000000000ca30
  284.794 0217a7f8000fa80c00070e004000000008003c000affff000082af
  284.840 02171e0017fc18fc1800360028fc18fc18fc18fc18fc18001000c0001efc18fc18ace2
  284.902 0a17b3b00003b3c4000306001000140000e590
  285.041 0f1004a6000d1a00000000000000000000000000000000000000004a2000000000ca30
  285.164 0f10085f00050a0000000000000000000032c2
  285.841 0217a7f8000fa80c00070e004000000008003c000affff000082af
  285.887 02171e0017fc18fc1800360028fc18fc18fc18fc18fc18001000c0001efc18fc18ace2
  285.980 1e10000000091200010000000000000001000000000000000086dd
  285.980 1e10000000090260
  286.041 1e1000140003060000000000008c5f
  286.041 1e1000140003c263
  286.088 1e040000001673ab
  286.150 1e042c00e600e200bc00d20083008601010000ffff000000320000000000000000000001e000000000000000180021e862
  286.259 1e04001e00061261
  286.259 1e040c000000000000000000000000cabf
  286.320 0617afc8000cafdc00050a000000000000000000105a76
  286.491 0f1707300008071c000810872f53924d21e61f5b8d3e4da3b94f2845b5
  286.630 0f1004a6000d1a00000000000000000000000000000000000000004a2000000000ca30
  286.922 0217a7f8000fa80c00070e004000000008003c000affff000082af
  286.984 02171e0017fc18fc1800360028fc18fc18fc18fc18fc18001000c0001efc18fc18ace2
  287.046 0f1004a6000d1a00000000000000000000000000000000000000004a2000000000ca30
  287.170 0f10085f00050a0000000000000000000032c2
  287.969 0217a7f8000fa80c00070e004000000008003c000affff000082af
  288.031 02171e0017fc18fc1800360028fc18fc18fc18fc18fc18001000c0001efc18fc18ace2
  288.109 1e10000000091200010000000000000001000000000000000086dd
  288.109 1e10000000090260
  288.171 1e1000140003060000000000008c5f
  288.171 1e1000140003c263
  288.218 1e040000001673ab
  288.281 1e042c00e600e200bc00d20083008601010000ffff000000320000000000000000000001e000000000000000180021e862
  288.360 1e04001e00061261
  288.391 1e040c000000000000000000000000cabf
  288.469 0f1004a6000d1a00000000000000000000000000000000000000004a2000000000ca30
  289.046 0217a7f8000fa80c00070e004000000008003c000affff000082af
  289.107 02171e0017fc18fc1800360028fc18fc18fc18fc18fc18001000c0001efc18fc18ace2
  289.153 0a17b3b00003b3c4000306001000140000e590
  289.293 0f1004a6000d1a00000000000000000000000000000000000000004a2000000000ca30
  289.416 0f10085f00050a0000000000000000000032c2
  290.124 0217a7f8000fa80c00070e004000000008003c000affff000082af
  290.171 02171e0017fc18fc1800360028fc18fc18fc18fc18fc18001000c0001efc18fc18ace2
  290.265 1e10000000091200010000000000000001000000000000000086dd
  290.265 1e10000000090260
  290.327 1e1000140003060000000000008c5f
  290.327 1e1000140003c263
  290.359 1e040000001673ab
  290.436 1e042c00e600e200bc00d20083008601010000ffff000000320000000000000000000001e000000000000000180021e862
  290.512 1e04001e00061261
  290.544 1e040c000000000000000000000000cabf
  290.606 0617afc8000cafdc00050a000000000000000000105a76
  290.760 0f1707300008071c0008104bc4d699df5d0783bd03ed7c1f6ac18dd99c
  290.916 0f1004a6000d1a00000000000000000000000000000000000000004a2000000000ca30
  291.212 0217a7f8000fa80c00070e004000000008003c000affff000082af
  291.257 02171e0017fc18fc1800360028fc18fc18fc18fc18fc18001000c0001efc18fc18ace2
  291.335 0f1004a6000d1a00000000000000000000000000000000000000004a2000000000ca30
  291.459 0f10085f00050a0000000000000000000032c2
  292.246 0217a7f8000fa80c00070e004000000008003c000affff000082af
  292.307 02171e0017fc18fc1800360028fc18fc18fc18fc18fc18001000c0001efc18fc18ace2
  292.385 1e10000000091200010000000000000001000000000000000086dd
  292.385 1e10000000090260
  292.462 1e1000140003060000000000008c5f
  292.462 1e1000140003c263
  292.492 1e040000001673ab
  292.554 1e042c00e600e200bc00d20083008601010000ffff000000320000000000000000000001e000000000000000180021e862
  292.646 1e04001e00061261
  292.677 1e040c000000000000000000000000cabf
  292.753 0f1004a6000d1a00000000000000000000000000000000000000004a2000000000ca30
  293.326 0217a7f8000fa80c00070e004000000008003c000affff000082af
  293.388 02171e0017fc18fc1800360028fc18fc18fc18fc18fc18001000c0001efc18fc18ace2
  293.435 0a17b3b00003b3c4000306001000140000e590
  293.576 0f1004a6000d1a00000000000000000000000000000000000000004a2000000000ca30
  293.700 0f10085f00050a0000000000000000000032c2
  294.378 0217a7f8000fa80c00070e004000000008003c000affff000082af
  294.425 02171e0017fc18fc1800360028fc18fc18fc18fc18fc18001000c0001efc18fc18ace2
  294.518 1e10000000091200010000000000000001000000000000000086dd
  294.518 1e10000000090260
  294.579 1e1000140003060000000000008c5f
  294.579 1e1000140003c263
  294.624 1e040000001673ab
  294.685 1e042c00e600e200bc00d20083008601010000ffff000000320000000000000000000001e000000000000000180021e862
  294.779 1e04001e00061261
  294.810 1e040c000000000000000000000000cabf
  294.871 0617afc8000cafdc00050a000000000000000000105a76
  295.025 0f1707300008071c000810155a8ef718b896969fbb0659e115e1861d96
  295.177 0f1004a6000d1a00000000000000000000000000000000000000004a2000000000ca30
  295.469 0217a7f8000fa80c00070e004000000008003c000affff000082af
  295.516 02171e0017fc18fc1800360028fc18fc18fc18fc18fc18001000c0001efc18fc18ace2
  295.593 0f1004a6000d1a00000000000000000000000000000000000000004a2000000000ca30
  295.715 0f10085f00050a0000000000000000000032c2
  296.519 0217a7f8000fa80c00070e004000000008003c000affff000082af
  296.565 02171e0017fc18fc1800360028fc18fc18fc18fc18fc18001000c0001efc18fc18ace2
  296.657 1e10000000091200010000000000000001000000000000000086dd
  296.657 1e10000000090260
  296.719 1e1000140003060000000000008c5f
  296.719 1e1000140003c263
  296.749 1e040000001673ab
  296.827 1e042c00e600e200bc00d20083008601010000ffff000000320000000000000000000001e000000000000000180021e862
  296.904 1e04001e00061261
  296.934 1e040c000000000000000000000000cabf
  297.012 0f1004a6000d1a00000000000000000000000000000000000000004a2000000000ca30
  297.597 0217a7f8000fa80c00070e004000000008003c000affff000082af
  297.644 02171e0017fc18fc1800360028fc18fc18fc18fc18fc18001000c0001efc18fc18ace2
  297.706 0a17b3b00003b3c4000306001000140000e590
  297.846 0f1004a6000d1a00000000000000000000000000000000000000004a2000000000ca30
  297.970 0f10085f00050a0000000000000000000032c2
  298.648 0217a7f8000fa80c00070e004000000008003c000affff000082af
  298.695 02171e0017fc18fc1800360028fc18fc18fc18fc18fc18001000c0001efc18fc18ace2
  298.773 1e10000000091200010000000000000001000000000000000086dd
  298.773 1e10000000090260
  298.851 1e1000140003060000000000008c5f
  298.851 1e1000140003c263
  298.881 1e040000001673ab
  298.960 1e042c00e600e200bc00d20083008601010000ffff000000320000000000000000000001e000000000000000180021e862
  299.036 1e04001e00061261
  299.067 1e040c000000000000000000000000cabf
  299.130 0617afc8000cafdc00050a000000000000000000105a76
  299.299 0f1707300008071c000810b53784256c9bd182751495f56e13c98beb76
  299.439 0f1004a6000d1a00000000000000000000000000000000000000004a2000000000ca30
  299.736 0217a7f8000fa80c00070e004000000008003c000affff000082af
  299.781 02171e0017fc18fc1800360028fc18fc18fc18fc18fc18001000c0001efc18fc18ace2
  299.859 0f1004a6000d1a00000000000000000000000000000000000000004a2000000000ca30
  299.984 0f10085f00050a0000000000000000000032c2
  300.782 0217a7f8000fa80c00070e004000000008003c000affff000082af
  300.828 02171e0017fc18fc1800360028fc18fc18fc18fc18fc18001000c0001efc18fc18ace2
  300.920 1e10000000091200010000000000000001000000000000000086dd
  300.920 1e10000000090260
  300.981 1e1000140003060000000000008c5f
  300.981 1e1000140003c263
  301.027 1e040000001673ab
  301.089 1e042c00e600e200bc00d20083008601010000ffff000000320000000000000000000001e000000000000000180021e862
  301.213 1e04001e00061261
  301.213 1e040c000000000000000000000000cabf
  301.274 0f1004a6000d1a00000000000000000000000000000000000000004a2000000000ca30
  301.862 0217a7f8000fa80c00070e004000000008003c000affff000082af
  301.925 02171e0017fc18fc1800360028fc18fc18fc18fc18fc18001000c0001efc18fc18ace2
  301.971 0a17b3b00003b3c4000306001000140000e590
  302.110 0f1004a6000d1a00000000000000000000000000000000000000004a2000000000ca30
  302.141 0f1004a6000de1f1
  302.217 0f10085f00050a0000000000000000000032c2
  302.217 0f10085f00053356
  302.908 0217a7f8000fa80c00070e004000000008003c000affff000082af
  302.969 02171e0017fc18fc1800360028fc18fc18fc18fc18fc18001000c0001efc18fc18ace2
  303.045 1e10000000091200010000000000000001000000000000000086dd
  303.045 1e10000000090260
  303.121 1e1000140003060000000000008c5f
  303.121 1e1000140003c263
  303.152 1e040000001673ab
  303.213 1e042c00e600e200bc00d20083008601010000ffff000000320000000000000000000001e000000000000000180021e862
  303.305 1e04001e00061261
  303.336 1e040c000000000000000000000000cabf
  303.383 0617afc8000cafdc00050a000000000000000000105a76
  303.554 0f1707300008071c00081063cefb32c6f41382087992370caceeba403d
  303.615 0f17101691a5f3f8e8d58738924416e8e6a3d5e227
  303.707 0f1003e8000e1c0019001300280000000000000015001300020028001e000100140002e77e
  303.752 0f1003e8000ec093
  303.986 0217a7f8000fa80c00070e004000000008003c000affff000082af
  304.048 02171e0017fc18fc1800360028fc18fc18fc18fc18fc18001000c0001efc18fc18ace2
  304.125 0f1003fc000b160028000a0037000000000000000200120028001e003c369e
  304.125 0f1003fc000b4094
  305.041 0217a7f8000fa80c00070e004000000008003c000affff000082af
  305.087 02171e0017fc18fc1800360028fc18fc18fc18fc18fc18001000c0001efc18fc18ace2
  305.180 1e10000000091200010000000000000001000000000000000086dd
  305.180 1e10000000090260
  305.241 1e1000140003060000000000008c5f
  305.241 1e1000140003c263
  305.287 1e040000001673ab
  305.348 1e042c00e600e200bc00d20083008601010000ffff000000320000000000000000000001e000000000000000180021e862
  305.472 1e04001e00061261
  305.472 1e040c000000000000000000000000cabf
  305.565 0f10041000162c0028000a0037000000000000000200120028001e003c001200140027002800070001003e000d000600390000c568
  305.595 0f1004100016401c
  306.118 0217a7f8000fa80c00070e004000000008003c000affff000082af
  306.179 02171e0017fc18fc1800360028fc18fc18fc18fc18fc18001000c0001efc18fc18ace2
  306.226 0a17b3b00003b3c4000306001000140000e590
  306.412 0f10042e000f1e0001000100000014fff6000500280000002d000000000000000000000000cc17
  306.412 0f10042e000fe01a
  307.168 0217a7f8000fa80c00070e004000000008003c000affff000082af
  307.216 02171e0017fc18fc1800360028fc18fc18fc18fc18fc18001000c0001efc18fc18ace2
  307.308 1e10000000091200010000000000000001000000000000000086dd
  307.308 1e10000000090260
  307.370 1e1000140003060000000000008c5f
  307.370 1e1000140003c263
  307.401 1e040000001673ab
  307.477 1e042c00e600e200bc00d20083008601010000ffff000000320000000000000000000001e000000000000000180021e862
  307.555 1e04001e00061261
  307.585 1e040c000000000000000000000000cabf
  307.647 0617afc8000cafdc00050a000000000000000000105a76
  307.784 0f100442000d1a000100130000001c0000fff800050028000000000000000a000a244d
  307.815 0f100442000da1c6
  308.247 0217a7f8000fa80c00070e004000000008003c000affff000082af
  308.294 02171e0017fc18fc1800360028fc18fc18fc18fc18fc18001000c0001efc18fc18ace2
  308.386 0f100456000c18000000060014001e00000006ffffffff00000000000000010aef
  308.386 0f100456000c2002
  309.295 0217a7f8000fa80c00070e004000000008003c000affff000082af
  309.341 02171e0017fc18fc1800360028fc18fc18fc18fc18fc18001000c0001efc18fc18ace2
  309.434 1e10000000091200010000000000000001000000000000000086dd
  309.434 1e10000000090260
  309.496 1e1000140003060000000000008c5f
  309.496 1e1000140003c263
  309.527 1e040000001673ab
  309.604 1e042c00e600e200bc00d20083008601010000ffff000000320000000000000000000001e000000000000000180021e862
  309.711 1e04001e00061261
  309.711 1e040c000000000000000000000000cabf
  309.819 0f10046a001224000000000000000000000000000000000000000000000000000000000000000000000000874b
  309.819 0f10046a00126006
  310.377 0217a7f8000fa80c00070e004000000008003c000affff000082af
  310.424 02171e0017fc18fc1800360028fc18fc18fc18fc18fc18001000c0001efc18fc18ace2
  310.486 0a17b3b00003b3c4000306001000140000e590
  310.671 0f10047e0013260000000000000000000000000000000000000000000000000000000000000000000000000000b93d
  310.671 0f10047e0013e1c2
  311.414 0217a7f8000fa80c00070e004000000028003c000affff00001b6e
  311.476 02171e0017fc18fc1800360028fc18fc18fc18fc18fc18001000c0001efc18fc18ace2
  311.554 1e10000000091200010000000000000001000000000000000086dd
  311.554 1e10000000090260
  311.631 1e1000140003060000000000008c5f
  311.631 1e1000140003c263
  311.661 1e040000001673ab
  311.738 1e042c00e600e200bc00d20083008601010000ffff000000320000000000000000000001e000000000000000180021e862
  311.815 1e04001e00061261
  311.845 1e040c000000000000000000000000cabf
  311.907 0617afc8000cafdc00050a00200000000000000010c3b7
  312.076 0f100492000b160050003c005a000a00500050005000500032002d0005473c
  312.076 0f100492000b203d
  312.509 0217a7f8000fa80c00070e004000000028003c000affff00001b6e
  312.556 02171e0017fc18fc1800360028fc18fc18fc18fc18fc18001000c0001efc18fc18ace2
  312.648 0f1004a6000d1a00000000000000000000000000000000000000004a2000000000ca30
  312.648 0f1004a6000de1f1
  313.559 0217a7f8000fa80c00070e004000000028003c000affff00001b6e
  313.606 02171e0017fc18fc1800360028fc18fc18fc18fc18fc18000f00c0001efc18fc1820d2
  313.699 1e10000000091200010000000000000001000000000000000086dd
  313.699 1e10000000090260
  313.761 1e1000140003060000000000008c5f
  313.761 1e1000140003c263
  313.792 1e040000001673ab
  313.870 1e042c00e600e200bc00d20083008600ff0000ffff000000320000000000000000000001e000000000000000180021087e
  313.947 1e04001e00061261
  313.978 1e040c000000000000000000000000cabf
  314.086 0f1004ba00162c001400000000000000000019002800040007000a001e0001001e0001001e0001000100000000000000280037b494
  314.086 0f1004ba0016603c
  314.630 0217a7f8000fa80c00070e004000000028003c000affff00001b6e
  314.692 02171e0017fc18fc1800360028fc18fc18fc18fc18fc18000f00c0001efc18fc1820d2
  314.739 0a17b3b00003b3c4000306000f001400007052
  314.939 0f1004d8001b360006000200190000000c0002000a00010014000200190003001e000400230005002800060028000700230008001e00090019000a00141a6e
  315.817 0217a7f8000fa80c00070e004000000028003c000affff00001b6e
  315.817 02171e0017fc18fc1800360028fc18fc18fc18fc18fc18000f00c0001efc18fc1820d2
  315.817 1e10000000091200010000000000000001000000000000000086dd
  315.817 1e10000000090260
  315.879 1e1000140003060000000000008c5f
  315.879 1e1000140003c263
  315.924 1e040000001673ab
  315.986 1e042c00e600e200bc00d20083008600ff0000ffff000000320000000000000000000001e000000000000000180021087e
  316.079 1e04001e00061261
  316.110 1e040c000000000000000000000000cabf
  316.171 0617afc8000cafdc00050a0020000000000000000f827f
  316.372 0f1004d8001b360006000200190000000c0002000a00010014000200190003001e000400230005002800060028000700230008001e00090019000a00141a6e
  316.372 0f1004d8001b0027
  316.760 0217a7f8000fa80c00070e004000000028003c000affff00001b6e
  316.821 02171e0017fc18fc1800360028fc18fc18fc18fc18fc18000f00c0001efc18fc1820d2
  316.913 0f1004f6000e1c000000000000000000000000000000000000000000000000000000005dcd
  316.913 0f1004f6000ea1e1
  317.798 0217a7f8000fa80c00070e004000000028003c000affff00001b6e
  317.861 02171e0017fc18fc1800360028fc18fc18fc18fc18fc18000f00c0001efc18fc1820d2
  317.938 1e10000000091200010000000000000001000000000000000086dd
  317.938 1e10000000090260
  318.016 1e1000140003060000000000008c5f
  318.016 1e1000140003c263
  318.047 1e040000001673ab
  318.110 1e042c00e600e200bc00d20083008600ff0000ffff000000320000000000000000000001e000000000000000180021087e
  318.202 1e04001e00061261
  318.233 1e040c000000000000000000000000cabf
  318.338 0f10050a0013260000000000000000000000000000000000000000000000000000000000000000000000000000bfb8
  318.338 0f10050a0013a024
  318.885 0217a7f8000fa80c00070e004000000028003c000affff00001b6e
  318.931 02171e0017fc18fc1800360028fc18fc18fc18fc18fc18000f00c0001efc18fc1820d2
  318.992 0a17b3b00003b3c4000306000f001400007052
  319.149 0f10051e000a1400000000000000000000000000000000000000006e7b
  319.149 0f10051e000a21ea
  319.930 0217a7f8000fa80c00070e004000000028003c000affff00001b6e
  319.977 02171e0017fc18fc1800360028fc18fc18fc18fc18fc18000f00c0001efc18fc1820d2
  320.072 1e10000000091200010000000000000001000000000000000086dd
  320.072 1e10000000090260
  320.134 1e1000140003060000000000008c5f
  320.134 1e1000140003c263
  320.180 1e040000001673ab
  320.243 1e042c00e600e200bc00d20083008600ff0000ffff000000320000000000000000000001e000000000000000180021087e
  320.369 1e04001e00061261
  320.369 1e040c000000000000000000000000cabf
  320.416 0617afc8000cafdc00050a0020000000000000000f827f
  320.603 0f1005320012240002000000000000000000010000000100010000000000000000000000000000000000000096
  320.603 0f1005320012e029
  321.025 0217a7f8000fa80c00070e004000000028003c000affff00001b6e
  321.072 02171e0017fc18fc1800360028fc18fc18fc18fc18fc18000f00c0001efc18fc1820d2
  321.182 0f1005460014280005000100020000000000000000000000000002000000000000000200000000000000000000000094fd
  321.182 0f10054600142031
  322.061 0217a7f8000fa80c00070e004000000028003c000affff00001b6e
  322.125 02171e0017fc18fc1800360028fc18fc18fc18fc18fc18000f00c0001efc18fc1820d2
  322.202 1e10000000091200010000000000000001000000000000000086dd
  322.202 1e10000000090260
  322.266 1e1000140003060000000000008c5f
  322.266 1e1000140003c263
  322.312 1e040000001673ab
  322.374 1e042c00e600e200bc00d20083008600ff0000ffff000000320000000000000000000001e000000000000000180021087e
  322.466 1e04001e00061261
  322.496 1e040c000000000000000000000000cabf
  322.634 0f10055a002142000100000000001f000c000000000000001f000c0000007f000100000015001f000c0000003b0017001f000c0000007f000000000000001f000c000000000000001faa1c
  322.634 0f10055a002121e0
  323.159 0217a7f8000fa80c00070e004000000028003c000affff00001b6e
  323.206 02171e0017fc18fc1800360028fc18fc18fc18fc18fc18000f00c0001efc18fc1820d2
  323.267 0a17b3b00003b3c4000306000f001400007052
  323.468 0f10057b002142000c00000000000000000000001f000c000000000000001f000c00000000000000000000001f000c000000000000001f000c00000000000000000000001f000c00009d7a
  324.335 0217a7f8000fa80c00070e004000000028003c000affff00001b6e
  324.335 02171e0017fc18fc1800360028fc18fc18fc18fc18fc18000f00c0001efc18fc1820d2
  324.335 1e10000000091200010000000000000001000000000000000086dd
  324.335 1e10000000090260
  324.397 1e1000140003060000000000008c5f
  324.397 1e1000140003c263
  324.444 1e040000001673ab
  324.507 1e042c00e600e200bc00d20083008601010000ffff000000320000000000000000000001e000000000000000180021e862
  324.599 1e04001e00061261
  324.631 1e040c000000000000000000000000cabf
  324.692 0617afc8000cafdc00050a0020000000000000000f827f
  324.908 0f10057b002142000c00000000000000000000001f000c000000000000001f000c00000000000000000000001f000c000000000000001f000c00000000000000000000001f000c00009d7a
  324.908 0f10057b002171ea
  325.276 0217a7f8000fa80c00070e004000000028003c000affff00001b6e
  325.338 02171e0017fc18fc1800360028fc18fc18fc18fc18fc18000f00c0001efc18fc1820d2
  325.476 0f10059c00214200000000001f000c00000000000000000000001f000c000000000000001f000c00000000000000000000001f000c000000000000001f000c000000000003000000000a3c
  325.476 0f10059c0021c1dd
  326.327 0217a7f8000fa80c00070e004000000028003c000affff00001b6e
  326.387 02171e0017fc18fc1800360028fc18fc18fc18fc18fc18000f00c0001efc18fc1820d2
  326.465 1e10000000091200010000000000000001000000000000000086dd
  326.465 1e10000000090260
  326.573 1e1000140003060000000000008c5f
  326.573 1e1000140003c263
  326.573 1e040000001673ab
  326.635 1e042c00e600e200bc00d20083008601010000ffff000000320000000000000000000001e000000000000000180021e862
  326.758 1e04001e00061261
  326.758 1e040c000000000000000000000000cabf
  326.897 0f1005bd00214200000000001f000c000000000000001f000c00000000000000000000001f000c000000000000001f000c00000000000000000000001f000c000000000000001f000c9373
  326.897 0f1005bd002191d7
  327.407 0217a7f8000fa80c00070e004000000028003c000affff00001b6e
  327.453 02171e0017fc18fc1800360028fc18fc18fc18fc18fc18000f00c0001efc18fc1820d2
  327.515 0a17b3b00003b3c4000306000f001400007052
  327.702 0f1005de00214200000000000000000000001f000c000000000000001f000c00000000000000000000001f000c000000000000001f000c00000000000000000000001f000c0000000078fc
  327.733 0f1005de002161c9
  328.455 0217a7f8000fa80c00070e004000000008003c000affff000082af
  328.516 02171e0017fc18fc1800360028fc18fc18fc18fc18fc18000f00c0001efc18fc1820d2
  328.593 1e10000000091200010000000000000001000000000000000086dd
  328.593 1e10000000090260
  328.655 1e1000140003060000000000008c5f
  328.655 1e1000140003c263
  328.700 1e040000001673ab
  328.777 1e042c00e600e200bc00d20083008601010000ffff000000320000000000000000000001e000000000000000180021e862
  328.854 1e04001e00061261
  328.885 1e040c000000000000000000000000cabf
  328.946 0617afc8000cafdc00050a0000000000000000000f1bbe
  329.148 0f1005ff0021420000001f000c00000000000000000000001f000c000000000000001f000c00000000000000000000001f000c000000000000001f000c0000000000000000000100000baf
  329.148 0f1005ff002131c3
  329.536 0217a7f8000fa80c00070e004000000008003c000affff000082af
  329.600 02171e0017fc18fc1800360028fc18fc18fc18fc18fc18000f00c0001efc18fc1820d2
  329.740 0f1006200021420000001f000c000000000000001f000c00000000000000000000001f000c000000000000001f000c00000000000000000000001f000c000000000000001f000c000041fc
  329.740 0f1006200021007d
  330.588 0217a7f8000fa80c00070e004000000008003c000affff000082af
  330.636 02171e0017fc18fc1800360028fc18fc18fc18fc18fc18000f00c0001efc18fc1820d2
  330.729 1e10000000091200010000000000000001000000000000000086dd
  330.729 1e10000000090260
  330.792 1e1000140003060000000000008c5f
  330.792 1e1000140003c263
  330.839 1e040000001673ab
  330.901 1e042c00e600e200bc00d20083008601010000ffff000000320000000000000000000001e000000000000000180021e862
  330.981 1e04001e00061261
  331.012 1e040c000000000000000000000000cabf
  331.153 0f1006410021420000000000000000001f000c000000000000001f000c00000000000000000000001f000c000000000000001f000c00000000000000000000001f000c00000000000091ef
  331.153 0f100641002151a3
  331.669 0217a7f8000fa80c00070e004000000008003c000affff000082af
  331.731 02171e0017fc18fc1800360028fc18fc18fc18fc18fc18000f00c0001efc18fc1820d2
  331.777 0a17b3b00003b3c4000306000f001400007052
  331.966 0f100662002142001f000c00000000000000000000001f000c000000000000001f000c00000000000000000000001f000c000000000000001f000c00000000000000000001000000008290
  332.718 0217a7f8000fa80c00070e004000000008003c000affff000082af
  332.764 02171e0017fc18fc1800360028fc18fc18fc18fc18fc18000f00c0001efc18fc1820d2
  332.857 1e10000000091200010000000000000001000000000000000086dd
  332.857 1e10000000090260
  332.920 1e1000140003060000000000008c5f
  332.920 1e1000140003c263
  332.965 1e040000001673ab
  333.028 1e042c00e600e200bc00d20083008601010000ffff000000320000000000000000000001e000000000000000180021e862
  333.136 1e04001e00061261
  333.136 1e040c000000000000000000000000cabf
  333.197 0617afc8000cafdc00050a0000000000000000000f1bbe
  333.383 0f100662002142001f000c00000000000000000000001f000c000000000000001f000c00000000000000000000001f000c000000000000001f000c00000000000000000001000000008290
  333.413 0f1006620021a069
  333.798 0217a7f8000fa80c00070e004000000008003c000affff000082af
  333.845 02171e0017fc18fc1800360028fc18fc18fc18fc18fc18000f00c0001efc18fc1820d2
  333.998 0f100683002142001f000c000000000000001f000c0000007f000100000014001f000c0000003b0017001f000c0000007f000000000000001f000c000000000000001f000c00000000b920
  333.998 0f1006830021f05f
  334.850 0217a7f8000fa80c00070e004000000008003c000affff000082af
  334.896 02171e0017fc18fc1800360028fc18fc18fc18fc18fc18000f00c0001efc18fc1820d2
  334.972 1e10000000091200010000000000000001000000000000000086dd
  334.972 1e10000000090260
  335.050 1e1000140003060000000000008c5f
  335.050 1e1000140003c263
  335.081 1e040000001673ab
  335.159 1e042c00e600e200bc00d20084008600ff0000ffff000000320000000000000000000001e000000000000000180021cabe
  335.236 1e04001e00061261
  335.267 1e040c000000000000000000000000cabf
  335.406 0f1006a4002142000000000000001f000c000000000000001f000c00000000000000000000001f000c000000000000001f000c00000000000000000000001f000c000000000000001f24e7
  335.406 0f1006a400214054
  335.932 0217a7f8000fa80c00070e004000000008003c000affff000082af
  335.978 02171e0017fc18fc1800360028fc18fc18fc18fc18fc18000f00c0001efc18fc1820d2
  336.039 0a17b3b00003b3c4000306000f001400007052
  336.256 0f1006c5002142000c00000000000000000000001f000c000000000000001f000c00000000000000000000001f000c000000000000001f000c0000000000030000006b00040000000078e0
  337.108 0217a7f8000fa80c00070e004000000008003c000affff000082af
  337.108 02171e0017fc18fc1800360028fc18fc18fc18fc18fc18000f00c0001efc18fc1820d2
  337.108 1e10000000091200010000000000000001000000000000000086dd
  337.108 1e10000000090260
  337.185 1e1000140003060000000000008c5f
  337.185 1e1000140003c263
  337.214 1e040000001673ab
  337.277 1e042c00e600e200bc00d20084008600ff0000ffff000000320000000000000000000001e000000000000000180021cabe
  337.371 1e04001e00061261
  337.402 1e040c000000000000000000000000cabf
  337.464 0617afc8000cafdc00050a0000000000000000000f1bbe
  337.665 0f1006c5002142000c00000000000000000000001f000c000000000000001f000c00000000000000000000001f000c000000000000001f000c0000000000030000006b00040000000078e0
  337.665 0f1006c50021118a
  338.053 0217a7f8000fa80c00070e004000000008003c000affff000082af
  338.114 02171e0017fc18fc1800360028fc18fc18fc18fc18fc18000f00c0001efc18fc1820d2
  338.191 0f1006ea00070e002600390013001a0009001a00058eeb
  338.191 0f1006ea0007a199
  339.101 0217a7f8000fa80c00070e004000000008003c000affff000082af
  339.162 02171e0017fc18fc1800360028fc18fc18fc18fc18fc18000f00c0001efc18fc1820d2
  339.240 1e10000000091200010000000000000001000000000000000086dd
  339.240 1e10000000090260
  339.302 1e1000140003060000000000008c5f
  339.302 1e1000140003c263
  339.348 1e040000001673ab
  339.409 1e042c00e600e200bc00d20084008600ff0000ffff000000320000000000000000000001e000000000000000180021cabe
  339.534 1e04001e00061261
  339.534 1e040c000000000000000000000000cabf
  339.595 0f1006f1000306ffff0172a41721b2
  339.595 0f1006f10003d05d
  340.180 0217a7f8000fa80c00070e004000000008003c000affff000082af
  340.242 02171e0017fc18fc1800360028fc18fc18fc18fc18fc18000f00c0001efc18fc1820d2
  340.289 0a17b3b00003b3c4000306000f001400007052
  340.442 0f1006f4001326004000000008003c000a00000000000000000000000000000000000000000000000000000000fd46
  340.474 0f1006f40013c190
  340.551 0f1007d000132600170017ff9c00360028ff9cff9cff9cff9cff9c000f00c0001e004000000008003c000a000036e6
  341.259 0217a7f8000fa80c00070e004000000008003c000affff000082af
  341.306 02171e0017fc18fc1800360028fc18fc18fc18fc18fc18000f00c0001efc18fc1820d2
  341.385 1e10000000091200010000000000000001000000000000000086dd
  341.385 1e10000000090260
  341.463 1e1000140003060000000000008c5f
  341.463 1e1000140003c263
  341.495 1e040000001673ab
  341.557 1e042c00e600e200bc00d20084008600ff0000ffff000000320000000000000000000001e000000000000000180021cabe
  341.651 1e04001e00061261
  341.683 1e040c000000000000000000000000cabf
  341.730 0617afc8000cafdc00050a0000000000000000000f1bbe
  341.855 0f03070800064450
  342.326 0217a7f8000fa80c00070e004000000008003c000affff000082af
  342.389 02171e0017fc18fc1800360028fc18fc18fc18fc18fc18000f00c0001efc18fc1820d2
  342.467 0f1007d000132600170017ff9c00360028ff9cff9cff9cff9cff9c000f00c0001e004000000008003c000a000036e6
  342.499 0f1007d000138067
  343.378 0217a7f8000fa80c00070e004000000008003c000affff000082af
  343.425 02171e0017fc18fc1800360028fc18fc18fc18fc18fc18000f00c0001efc18fc1820d2
  343.519 1e10000000091200010000000000000001000000000000000086dd
  343.519 1e10000000090260
  343.582 1e1000140003060000000000008c5f
  343.582 1e1000140003c263
  343.613 1e040000001673ab
  343.693 1e042c00e600e200bc00d20084008600ff0000ffff000000320000000000000000000001e000000000000000180021cabe
  343.771 1e04001e00061261
  343.802 1e040c000000000000000000000000cabf
  344.455 0217a7f8000fa80c00070e004000000008003c000affff000082af
  344.516 02171e0017fc18fc1800360028fc18fc18fc18fc18fc18000f00c0001efc18fc1820d2
  344.562 0a17b3b00003b3c4000306000f001400007052
  344.744 0f1007e4001122000d00000000000f0906070909670579000000000000000000000000000000000000ec20
  344.744 0f1007e400114068
  345.497 0217a7f8000fa80c00070e004000000008003c000affff000082af
  345.559 02171e0017fc18fc1800360028fc18fc18fc18fc18fc18000f00c0001efc18fc1820d2
  345.636 1e10000000091200010000000000000001000000000000000086dd
  345.636 1e10000000090260
  345.713 1e1000140003060000000000008c5f
  345.713 1e1000140003c263
  345.743 1e040000001673ab
  345.820 1e042c00e600e200bc00cf0084008601010000ffff000000320000000000000000000001e00000000000000018002172f3
  345.897 1e04001e00061261
  345.928 1e040c000000000000000000000000cabf
  345.990 0617afc8000cafdc00050a0000000000000000000f1bbe
  346.097 0f03070800064450
  346.127 0f030c0000000000000000010000001c88
  346.594 0217a7f8000fa80c00070e004000000008003c000affff000082af
  346.641 02171e0017fc18fc1800360028fc18fc18fc18fc18fc18000f00c0001efc18fc1820d2
  346.748 0f1007f8001122000000000000000000000000000000000000000000000000000000000000000000006fb5
  346.748 0f1007f8001181ae
  347.642 0217a7f8000fa80c00070e004000000008003c000affff000082af
  347.688 02171e0017fc18fc1800360028fc18fc18fc18fc18fc18000f00c0001efc18fc1820d2
  347.766 1e10000000091200010000000000000001000000000000000086dd
  347.766 1e10000000090260
  347.842 1e1000140003060000000000008c5f
  347.842 1e1000140003c263
  347.873 1e040000001673ab
  347.950 1e042c00e600e200bc00cf0084008601010000ffff000000320000000000000000000001e00000000000000018002172f3
  348.025 1e04001e00061261
  348.056 1e040c000000000000000000000000cabf
  348.718 0217a7f8000fa80c00070e004000000008003c000affff000082af
  348.764 02171e0017fc18fc1800360028fc18fc18fc18fc18fc18000f00c0001efc18fc1820d2
  348.825 0a17b3b00003b3c4000306000f001400007052
  348.993 0f10080c00122400c8000000000000000000000000000000000000000000000000001400000000000000009422
  348.993 0f10080c00128349
  349.763 0217a7f8000fa80c00070e004000000008003c000affff000082af
  349.809 02171e0017fc18fc1800360028fc18fc18fc18fc18fc18000f00c0001efc18fc1820d2
  349.900 1e10000000091200010000000000000001000000000000000086dd
  349.900 1e10000000090260
  349.963 1e1000140003060000000000008c5f
  349.963 1e1000140003c263
  350.008 1e040000001673ab
  350.069 1e042c00e600e200bc00cf0084008601010000ffff000000320000000000000000000001e00000000000000018002172f3
  350.193 1e04001e00061261
  350.193 1e040c000000000000000000000000cabf
  350.240 0617afc8000cafdc00050a0000000000000000000f1bbe
  350.378 0f03070800064450
  350.378 0f030c0000000000000000010000001c88
  350.844 0217a7f8000fa80c00070e004000000008003c000affff000082af
  350.905 02171e0017fc18fc1800360028fc18fc18fc18fc18fc18000f00c0001efc18fc1820d2
  351.014 0f10082000122400e600e200bc00cf00840086010100320000000000000000000001e00018002109670579dc55
  351.014 0f10082000124280
  351.888 0217a7f8000fa80c00070e004000000008003c000affff000082af
  351.935 02171e0017fc18fc1800360028fc18fc18fc18fc18fc18000f00c0001efc18fc1820d2
  352.028 1e10000000091200010000000000000001000000000000000086dd
  352.028 1e10000000090260
  352.091 1e1000140003060000000000008c5f
  352.091 1e1000140003c263
  352.138 1e040000001673ab
  352.201 1e042c00e600e200bc00cf0084008601010000ffff000000320000000000000000000001e00000000000000018002172f3
  352.326 1e04001e00061261
  352.326 1e040c000000000000000000000000cabf
  352.967 0217a7f8000fa80c00070e004000000008003c000affff000082af
  353.030 02171e0017fc18fc1800360028fc18fc18fc18fc18fc18000f00c0001efc18fc1820d2
  353.078 0a17b3b00003b3c4000306000f001400007052
  353.268 0f1008340012240000000000000000000000000000000000800000000000000000015e015e00000000000055c5
  353.268 0f10083400120284
  354.017 0217a7f8000fa80c00070e004000000008003c000affff000082af
  354.080 02171e0017fc18fc1800360028fc18fc18fc18fc18fc18000f00c0001efc18fc1820d2
  354.157 1e10000000091200010000000000000001000000000000000086dd
  354.157 1e10000000090260
  354.235 1e1000140003060000000000008c5f
  354.235 1e1000140003c263
  354.266 1e040000001673ab
  354.344 1e042c00e600e200bc00cf0084008601010000ffff000000320000000000000000000001e00000000000000018002172f3
  354.423 1e04001e00061261
  354.454 1e040c000000000000000000000000cabf
  354.516 0617afc8000cafdc00050a0000000000000000000f1bbe
  354.658 0f03070800064450
  354.658 0f030c0000000000000000010000001c88
  355.108 0217a7f8000fa80c00070e004000000008003c000affff000082af
  355.170 02171e0017fc18fc1800360028fc18fc18fc18fc18fc18000f00c0001efc18fc1820d2
  355.263 0f10084800172efff20015001500180018000000000000000000310000000000000032000a0000003700390013001a0009001a0005b92e
  355.294 0f1008480017035f
  356.159 0217a7f8000fa80c00070e004000000008003c000affff000082af
  356.221 02171e0017fc18fc1800360028fc18fc18fc18fc18fc18000f00c0001efc18fc1820d2
  356.268 1e10000000091200010000000000000001000000000000000086dd
  356.298 1e10000000090260
  356.360 1e1000140003060000000000008c5f
  356.360 1e1000140003c263
  356.407 1e040000001673ab
  356.469 1e042c00e600e200bc00d20085008601010000ffff000000320000000000000000000001e0000000000000001800210662
  356.593 1e04001e00061261
  356.593 1e040c000000000000000000000000cabf
  357.243 0217a7f8000fa80c00070e004000000008003c000affff000082af
  357.289 02171e0017fc18fc1800360028fc18fc18fc18fc18fc18000f00c0001efc18fc1820d2
  357.352 0a17b3b00003b3c4000306000f001400007052
  357.491 0f10086400040800000000000000e85637
  357.491 0f1008640004835b
  393.774 1e04001600081267
  393.821 1e041000000000000000000000000009060709e751
  394.007 0f1004ba00162c001400000000000000000019002800040007000a001e0001001e0001001e0001000100000000000000280037b494
  394.509 0217a7f8000fa80c00070e00400000000000050005ffff0000186d
  394.556 02171e0017fc18fc1800360028fc18fc18fc18fc18fc18000f00c0001efc18fc1820d2
  394.588 c803232800025e1e
  394.712 1e030000000d8660
  394.759 1e031a00000000000000000001000000000000000000000000000100021244
  394.805 0617afc8000cafdc00050a0000000000000000003c5bab
  394.976 0f1707300008071c0008105f80063c30da792103884afc4c11ef787d72
  395.147 0f1004ba00162c001400000000000000000019002800040007000a001e0001001e0001001e0001000100000000000000280037b494
  395.552 0217a7f8000fa80c00070e004000000008003c0005ffff0000d6ae
  395.614 02171e0017fc18fc1800360028fc18fc18fc18fc18fc18000f00c0001efc18fc1820d2
  395.646 c803232800025e1e
  395.816 0f1004ba00162c001400000000000000000019002800040007000a001e0001001e0001001e0001000100000000000000280037b494
  395.940 0f10085f00050a0000000000000000000032c2
  396.596 0217a7f8000fa80c00070e004000000008003c0005ffff0000d6ae
  396.657 02171e0017fc18fc1800360028fc18fc18fc18fc18fc18000f00c0001efc18fc1820d2
  396.705 c803232800025e1e
  396.860 1e10000000091200010000000000000001000000000000000086dd
  396.860 1e10000000090260
  396.922 1e1000140003060000000000008c5f
  396.922 1e1000140003c263
  396.969 1e04001600081267
  397.000 1e041000000000000000000000000009060709e751
  397.046 1e040000001673ab
  397.109 1e042c00000000000000000000000000000000000000000032000000000000000000000000000000000000001000212f4f
  397.188 1e04001e00061261
  397.219 1e040c000000000000000000000000cabf
  397.313 0f1004ba00162c001400000000000000000019002800040007000a001e0001001e0001001e0001000100000000000000280037b494
  397.642 0217a7f8000fa80c00070e004000000008003c0005ffff0000d6ae
  397.705 02171e0017fc18fc1800360028fc18fc18fc18fc18fc18000f00c0001efc18fc1820d2
  397.736 c803232800025e1e
  397.860 0a17b3b00003b3c4000306000f001400007052
  397.998 0f1004a6000d1a00000000000000000000000000000000000000004a2000000000ca30
  398.123 0f10085f00050a0000000000000000000032c2
  398.734 0217a7f8000fa80c00070e004000000008003c0005ffff0000d6ae
  398.781 02171e0017fc18fc1800360028fc18fc18fc18fc18fc18000f00c0001efc18fc1820d2
  398.829 c803232800025e1e
  398.982 1e10000000091200010000000000000001000000000000000086dd
  398.982 1e10000000090260
  399.043 1e1000140003060000000000008c5f
  399.043 1e1000140003c263
  399.074 1e04001600081267
  399.122 1e041000000000000000000000000009060709e751
  399.152 1e040000001673ab
  399.216 1e042c00000000000000000000000000000000000000000032000000000000000000000000000000000000001000212f4f
  399.309 1e04001e00061261
  399.340 1e040c000000000000000000000000cabf
  399.402 0617afc8000cafdc00050a0000000000000000000f1bbe
  399.558 0f1707300008071c000810d9985ae8aca56e25468202197342c7a4ee35
  399.855 0217a7f8000fa80c00070e004000000008003c0005ffff0000d6ae
  399.917 02171e0017fc18fc1800360028fc18fc18fc18fc18fc18000f00c0001efc18fc1820d2
  399.948 c803232800025e1e
  400.091 0f1004a6000d1a00000000000000000000000000000000000000004a2000000000ca30
  400.217 0f10085f00050a0000000000000000000032c2
  400.812 0217a7f8000fa80c00070e004000000008003c0005ffff0000d6ae
  400.874 02171e0017fc18fc1800360028fc18fc18fc18fc18fc18000f00c0001efc18fc1820d2
  400.921 c803232800025e1e
  401.061 1e10000000091200010000000000000001000000000000000086dd
  401.061 1e10000000090260
  401.139 1e1000140003060000000000008c5f
  401.139 1e1000140003c263
  401.171 1e04001600081267
  401.203 1e041000000000000000000000000009060709e751
  401.249 1e040000001673ab
  401.325 1e042c00000000000000000000000000000000000000000032000000000000000000000000000000000000001000212f4f
  401.404 1e04001e00061261
  401.435 1e040c000000000000000000000000cabf
  401.498 0f1004a6000d1a00000000000000000000000000000000000000004a2000000000ca30
  401.875 0217a7f8000fa80c00070e004000000008003c0005ffff0000d6ae
  401.922 02171e0017fc18fc1800360028fc18fc18fc18fc18fc18000f00c0001efc18fc1820d2
  401.970 c803232800025e1e
  402.093 0a17b3b00003b3c4000306000f001400007052
  402.232 0f1004a6000d1a00000000000000000000000000000000000000004a2000000000ca30
  402.356 0f10085f00050a0000000000000000000032c2
  402.951 0217a7f8000fa80c00070e004000000008003c0005ffff0000d6ae
  403.013 02171e0017fc18fc1800360028fc18fc18fc18fc18fc18000f00c0001efc18fc1820d2
  403.044 c803232800025e1e
  403.201 1e10000000091200010000000000000001000000000000000086dd
  403.201 1e10000000090260
  403.264 1e1000140003060000000000008c5f
  403.264 1e1000140003c263
  403.342 1e04001600081267
  403.342 1e041000000000000000000000000009060709e751
  403.373 1e040000001673ab
  403.451 1e042c00000000000000000000000000000000000000000032000000000000000000000000000000000000001000212f4f
  403.529 1e04001e00061261
  403.559 1e040c000000000000000000000000cabf
  403.622 0617afc8000cafdc00050a0000000000000000000f1bbe
  403.777 0f1707300008071c000810ccffe7f608120448d23dc5c72f00941f4fa0
  404.074 0217a7f8000fa80c00070e004000000008003c0005ffff0000d6ae
  404.136 02171e0017fc18fc1800360028fc18fc18fc18fc18fc18000f00c0001efc18fc1820d2
  404.167 c803232800025e1e
  404.309 0f1004a6000d1a00000000000000000000000000000000000000004a2000000000ca30
  404.433 0f10085f00050a0000000000000000000032c2
  405.041 0217a7f8000fa80c00070e004000000008003c000affff000082af
  405.104 02171e0017fc18fc1800360028fc18fc18fc18fc18fc18000f00c0001efc18fc1820d2
  405.136 c803232800025e1e
  405.289 1e10000000091200010000000000000001000000000000000086dd
  405.289 1e10000000090260
  405.368 1e1000140003060000000000008c5f
  405.368 1e1000140003c263
  405.399 1e04001600081267
  405.445 1e041000000000000000000000000009060709e751
  405.477 1e040000001673ab
  405.540 1e042c00000000000000000000000000000000000000000032000000000000000000000000000000000000001000212f4f
  405.633 1e04001e00061261
  405.664 1e040c000000000000000000000000cabf
  405.726 0f1004a6000d1a00000000000000000000000000000000000000004a2000000000ca30
  406.088 0217a7f8000fa80c00070e004000000008003c000affff000082af
  406.151 02171e0017fc18fc1800360028fc18fc18fc18fc18fc18000f00c0001efc18fc1820d2
  406.181 c803232800025e1e
  406.307 0a17b3b00003b3c4000306000f001400007052
  406.460 0f1004a6000d1a00000000000000000000000000000000000000004a2000000000ca30
  406.570 0f10085f00050a0000000000000000000032c2
  407.177 0217a7f8000fa80c00070e004000000008003c000affff000082af
  407.240 02171e0017fc18fc1800360028fc18fc18fc18fc18fc18000f00c0001efc18fc1820d2
  407.271 c803232800025e1e
  407.428 1e10000000091200010000000000000001000000000000000086dd
  407.428 1e10000000090260
  407.505 1e1000140003060000000000008c5f
  407.505 1e1000140003c263
  407.536 1e04001600081267
  407.567 1e041000000000000000000000000009060709e751
  407.614 1e040000001673ab
  407.677 1e042c00000000000000000000000000000000000000000032000000000000000000000000000000000000001000212f4f
  407.802 1e04001e00061261
  407.802 1e040c000000000000000000000000cabf
  407.847 0617afc8000cafdc00050a0000000000000000000f1bbe
  408.021 0f1707300008071c000810ce9e32f62fbf1e52227b0773e0ed0b8b2bf5
  408.318 0217a7f8000fa80c00070e004000000008003c000affff000082af
  408.365 02171e0017fc18fc1800360028fc18fc18fc18fc18fc18000f00c0001efc18fc1820d2
  408.397 c803232800025e1e
  408.554 0f1004a6000d1a00000000000000000000000000000000000000004a2000000000ca30
  408.678 0f10085f00050a0000000000000000000032c2
  409.269 0217a7f8000fa80c00070e004000000008003c000affff000082af
  409.332 02171e0017fc18fc1800360028fc18fc18fc18fc18fc18000f00c0001efc18fc1820d2
  409.362 c803232800025e1e
  409.518 1e10000000091200010000000000000001000000000000000086dd
  409.518 1e10000000090260
  409.581 1e1000140003060000000000008c5f
  409.581 1e1000140003c263
  409.628 1e04001600081267
  409.659 1e041000000000000000000000000009060709e751
  409.691 1e040000001673ab
  409.769 1e042c00000000000000000000000000000000000000000032000000000000000000000000000000000000001000212f4f
  409.846 1e04001e00061261
  409.877 1e040c000000000000000000000000cabf
  409.955 0f1004a6000d1a00000000000000000000000000000000000000004a2000000000ca30
  410.313 0217a7f8000fa80c00070e004000000008003c000affff000082af
  410.361 02171e0017fc18fc1800360028fc18fc18fc18fc18fc18000f00c0001efc18fc1820d2
  410.408 c803232800025e1e
  410.532 0a17b3b00003b3c4000306000f001400007052
  410.672 0f1004a6000d1a00000000000000000000000000000000000000004a2000000000ca30
  410.797 0f10085f00050a0000000000000000000032c2
  411.406 0217a7f8000fa80c00070e004000000008003c000affff000082af
  411.453 02171e0017fc18fc1800360028fc18fc18fc18fc18fc18000f00c0001efc18fc1820d2
  411.499 c803232800025e1e
  411.654 1e10000000091200010000000000000001000000000000000086dd
  411.654 1e10000000090260
  411.718 1e1000140003060000000000008c5f
  411.718 1e1000140003c263
  411.797 1e04001600081267
  411.797 1e041000000000000000000000000009060709e751
  411.827 1e040000001673ab
  411.906 1e042c00000000000000000000000000000000000000000032000000000000000000000000000000000000001000212f4f
  411.985 1e04001e00061261
  412.016 1e040c000000000000000000000000cabf
  412.077 0617afc8000cafdc00050a0000000000000000000f1bbe
  412.232 0f1707300008071c00081023b42209acff52eb8442739b45a1f3c6ae02
  412.527 0217a7f8000fa80c00070e004000000008003c000affff000082af
  412.589 02171e0017fc18fc1800360028fc18fc18fc18fc18fc18000f00c0001efc18fc1820d2
  412.620 c803232800025e1e
  412.761 0f1004a6000d1a00000000000000000000000000000000000000004a2000000000ca30
  412.886 0f10085f00050a0000000000000000000032c2
  413.494 0217a7f8000fa80c00070e004000000008003c000affff000082af
  413.541 02171e0017fc18fc1800360028fc18fc18fc18fc18fc18000f00c0001efc18fc1820d2
  413.587 c803232800025e1e
  413.745 1e10000000091200010000000000000001000000000000000086dd
  413.745 1e10000000090260
  413.808 1e1000140003060000000000008c5f
  413.808 1e1000140003c263
  413.855 1e04001600081267
  413.886 1e041000000000000000000000000009060709e751
  413.917 1e040000001673ab
  413.994 1e042c0000000000000000000000000000000000000000003200000000000000000000000000000000000000180021ae8d
  414.072 1e04001e00061261
  414.103 1e040c000000000000000000000000cabf
  414.181 0f1004a6000d1a00000000000000000000000000000000000000004a2000000000ca30
  414.539 0217a7f8000fa80c00070e004000000008003c000affff000082af
  414.586 02171e0017fc18fc1800360028fc18fc18fc18fc18fc18000f00c0001efc18fc1820d2
  414.633 c803232800025e1e
  414.759 0a17b3b00003b3c4000306000f001400007052
  414.900 0f1004a6000d1a00000000000000000000000000000000000000004a2000000000ca30
  415.023 0f10085f00050a0000000000000000000032c2
  415.617 0217a7f8000fa80c00070e004000000008003c000affff000082af
  415.680 02171e0017fc18fc1800360028fc18fc18fc18fc18fc18000f00c0001efc18fc1820d2
  415.759 1e10000000091200010000000000000001000000000000000086dd
  415.759 1e10000000090260
  415.820 1e1000140003060000000000008c5f
  415.820 1e1000140003c263
  415.867 1e04001600081267
  415.898 1e04100000000003e80065000000000906070909a4
  415.945 1e040000001673ab
  416.006 1e042c00e600e100bc00d20086008600ff0000ffff000000320000000000000000000001e0000000000000001800219bf9
  416.097 1e04001e00061261
  416.129 1e040c000000000000000000000000cabf
  416.176 0617afc8000cafdc00050a0000000000000000000f1bbe
  416.348 0f1707300008071c0008106724349276b6bc51793b9e27c87cfce2906f
  416.488 0f1004a6000d1a00000000000000000000000000000000000000004a2000000000ca30
  416.787 0217a7f8000fa80c00070e004000000008003c000affff000082af
  416.834 02171e0017fc18fc1800360028fc18fc18fc18fc18fc18000f00c0001efc18fc1820d2
  416.896 0f1004a6000d1a00000000000000000000000000000000000000004a2000000000ca30
  417.021 0f10085f00050a0000000000000000000032c2
  417.752 0217a7f8000fa80c00070e004000000008003c000affff000082af
  417.800 02171e0017fc18fc1800360028fc18fc18fc18fc18fc18000f00c0001efc18fc1820d2
  417.878 1e10000000091200010000000000000001000000000000000086dd
  417.878 1e10000000090260
  417.957 1e1000140003060000000000008c5f
  417.957 1e1000140003c263
  417.988 1e04001600081267
  418.019 1e04100000000003e80065000000000906070909a4
  418.067 1e040000001673ab
  418.127 1e042c00e600e100bc00d20086008600ff0000ffff000000320000000000000000000001e0000000000000001800219bf9
  418.220 1e04001e00061261
  418.252 1e040c000000000000000000000000cabf
  418.316 0f1004a6000d1a00000000000000000000000000000000000000004a2000000000ca30
  418.797 0217a7f8000fa80c00070e004000000008003c000affff000082af
  418.843 02171e0017fc18fc1800360028fc18fc18fc18fc18fc18000f00c0001efc18fc1820d2
  418.905 0a17b3b00003b3c4000306000f001400007052
  419.045 0f1004a6000d1a00000000000000000000000000000000000000004a2000000000ca30
  419.172 0f10085f00050a0000000000000000000032c2
  419.841 0217a7f8000fa80c00070e004000000008003c000affff000082af
  419.904 02171e0017fc18fc1800360028fc18fc18fc18fc18fc18000f00c0001efc18fc1820d2
  419.982 1e10000000091200010000000000000001000000000000000086dd
  419.982 1e10000000090260
  420.044 1e1000140003060000000000008c5f
  420.044 1e1000140003c263
  420.123 1e04001600081267
  420.123 1e04100000000003e80065000000000906070909a4
  420.155 1e040000001673ab
  420.233 1e042c00e600e100bc00d20086008600ff0000ffff000000320000000000000000000001e0000000000000001800219bf9
  420.311 1e04001e00061261
  420.342 1e040c000000000000000000000000cabf
  420.404 0617afc8000cafdc00050a0000000000000000000f1bbe
  420.563 0f1707300008071c00081088dcb97d25665159dfa1c11f0db4c1202cdb
  420.702 0f1004a6000d1a00000000000000000000000000000000000000004a2000000000ca30
  420.999 0217a7f8000fa80c00070e004000000008003c000affff000082af
  421.061 02171e0017fc18fc1800360028fc18fc18fc18fc18fc18000f00c0001efc18fc1820d2
  421.123 0f1004a6000d1a00000000000000000000000000000000000000004a2000000000ca30
  421.248 0f10085f00050a0000000000000000000032c2
  421.968 0217a7f8000fa80c00070e004000000008003c000affff000082af
  422.030 02171e0017fc18fc1800360028fc18fc18fc18fc18fc18000f00c0001efc18fc1820d2
  422.109 1e10000000091200010000000000000001000000000000000086dd
  422.109 1e10000000090260
  422.171 1e1000140003060000000000008c5f
  422.171 1e1000140003c263
  422.218 1e04001600081267
  422.249 1e04100000000003e80065000000000906070909a4
  422.296 1e040000001673ab
  422.359 1e042c00e600e100bc00d20086008600ff0000ffff000000320000000000000000000001e0000000000000001800219bf9
  422.484 1e04001e00061261
  422.484 1e040c000000000000000000000000cabf
  422.547 0f1004a6000d1a00000000000000000000000000000000000000004a2000000000ca30
  423.014 0217a7f8000fa80c00070e004000000008003c000affff000082af
  423.077 02171e0017fc18fc1800360028fc18fc18fc18fc18fc18000f00c0001efc18fc1820d2
  423.123 0a17b3b00003b3c4000306000f001400007052
  423.262 0f1004a6000d1a00000000000000000000000000000000000000004a2000000000ca30
  423.387 0f10085f00050a0000000000000000000032c2
  424.064 0217a7f8000fa80c00070e004000000008003c000affff000082af
  424.127 02171e0017fc18fc1800360028fc18fc18fc18fc18fc18000f00c0001efc18fc1820d2
  424.205 1e10000000091200010000000000000001000000000000000086dd
  424.205 1e10000000090260
  424.268 1e1000140003060000000000008c5f
  424.268 1e1000140003c263
  424.314 1e04001600081267
  424.346 1e04100000000003e80065000000000906070909a4
  424.394 1e040000001673ab
  424.455 1e042c00e600e100bc00d20086008600ff0000ffff000000320000000000000000000001e0000000000000001800219bf9
  424.580 1e04001e00061261
  424.580 1e040c000000000000000000000000cabf
  424.627 0617afc8000cafdc00050a0000000000000000000f1bbe
  424.786 0f1707300008071c0008109bd636cc831f22b404696b95fcd4c00c03a3
  424.942 0f1004a6000d1a00000000000000000000000000000000000000004a2000000000ca30
  425.222 0217a7f8000fa80c00070e004000000008003c000affff000082af
  425.285 02171e0017fc18fc1800360028fc18fc18fc18fc18fc18000f00c0001efc18fc1820d2
  425.349 0f1004a6000d1a00000000000000000000000000000000000000004a2000000000ca30
  425.474 0f10085f00050a0000000000000000000032c2
  426.193 0217a7f8000fa80c00070e004000000008003c000affff000082af
  426.256 02171e0017fc18fc1800360028fc18fc18fc18fc18fc18000f00c0001efc18fc1820d2
  426.334 1e10000000091200010000000000000001000000000000000086dd
  426.334 1e10000000090260
  426.413 1e1000140003060000000000008c5f
  426.413 1e1000140003c263
  426.444 1e04001600081267
  426.476 1e04100000000003e80065000000000906070909a4
  426.523 1e040000001673ab
  426.586 1e042c00e700e100bc00d20086008600ff0000ffff000000320000000000000000000001e00000000000000018002159b8
  426.711 1e04001e00061261
  426.711 1e040c000000000000000000000000cabf
  426.773 0f1004a6000d1a00000000000000000000000000000000000000004a2000000000ca30
  427.241 0217a7f8000fa80c00070e004000000008003c000affff000082af
  427.304 02171e0017fc18fc1800360028fc18fc18fc18fc18fc18000f00c0001efc18fc1820d2
  427.351 0a17b3b00003b3c4000306000f001400007052
  427.491 0f1004a6000d1a00000000000000000000000000000000000000004a2000000000ca30
  427.616 0f10085f00050a0000000000000000000032c2
  428.294 0217a7f8000fa80c00070e004000000008003c000affff000082af
  428.357 02171e0017fc18fc1800360028fc18fc18fc18fc18fc18000f00c0001efc18fc1820d2
  428.435 1e10000000091200010000000000000001000000000000000086dd
  428.435 1e10000000090260
  428.497 1e1000140003060000000000008c5f
  428.497 1e1000140003c263
  428.529 1e04001600081267
  428.575 1e04100000000003e80065000000000906070909a4
  428.605 1e040000001673ab
  428.683 1e042c00e700e100bc00d20086008600ff0000ffff000000320000000000000000000001e00000000000000018002159b8
  428.761 1e04001e00061261
  428.793 1e040c000000000000000000000000cabf
  428.856 0617afc8000cafdc00050a0000000000000000000f1bbe
  429.011 0f1707300008071c000810eec30ea5188e2c8725acf8d8d2958d5ee10e
  429.152 0f1004a6000d1a00000000000000000000000000000000000000004a2000000000ca30
  429.452 0217a7f8000fa80c00070e004000000008003c000affff000082af
  429.498 02171e0017fc18fc1800360028fc18fc18fc18fc18fc18000f00c0001efc18fc1820d2
  429.577 0f1004a6000d1a00000000000000000000000000000000000000004a2000000000ca30
  429.701 0f10085f00050a0000000000000000000032c2
  430.418 0217a7f8000fa80c00070e004000000008003c000affff000082af
  430.480 02171e0017fc18fc1800360028fc18fc18fc18fc18fc18000f00c0001efc18fc1820d2
  430.557 1e10000000091200010000000000000001000000000000000086dd
  430.557 1e10000000090260
  430.635 1e1000140003060000000000008c5f
  430.635 1e1000140003c263
  430.666 1e04001600081267
  430.697 1e04100000000003e80065000000000906070909a4
  430.744 1e040000001673ab
  430.806 1e042c00e700e100bc00d20086008600ff0000ffff000000320000000000000000000001e00000000000000018002159b8
  430.932 1e04001e00061261
  430.932 1e040c000000000000000000000000cabf
  430.994 0f1004a6000d1a00000000000000000000000000000000000000004a2000000000ca30
  431.462 0217a7f8000fa80c00070e004000000008003c000affff000082af
  431.525 02171e0017fc18fc1800360028fc18fc18fc18fc18fc18000f00c0001efc18fc1820d2
  431.572 0a17b3b00003b3c4000306000f001400007052
  431.712 0f1004a6000d1a00000000000000000000000000000000000000004a2000000000ca30
  431.837 0f10085f00050a0000000000000000000032c2
  432.509 0217a7f8000fa80c00070e004000000008003c000affff000082af
  432.572 02171e0017fc18fc1800360028fc18fc18fc18fc18fc18000f00c0001efc18fc1820d2
  432.649 1e10000000091200010000000000000001000000000000000086dd
  432.649 1e10000000090260
  432.713 1e1000140003060000000000008c5f
  432.713 1e1000140003c263
  432.760 1e04001600081267
  432.791 1e04100000000003e80065000000000906070909a4
  432.837 1e040000001673ab
  432.900 1e042c00e700e100bc00d20086008600ff0000ffff000000320000000000000000000001e00000000000000018002159b8
  433.024 1e04001e00061261
  433.024 1e040c000000000000000000000000cabf
  433.070 0617afc8000cafdc00050a0000000000000000000f1bbe
  433.241 0f1707300008071c000810b80c956d8238f22e066e3d534692dfc2857d
  433.383 0f1004a6000d1a00000000000000000000000000000000000000004a2000000000ca30
  433.680 0217a7f8000fa80c00070e004000000008003c000affff000082af
  433.727 02171e0017fc18fc1800360028fc18fc18fc18fc18fc18000f00c0001efc18fc1820d2
  433.806 0f1004a6000d1a00000000000000000000000000000000000000004a2000000000ca30
  433.916 0f10085f00050a0000000000000000000032c2
  434.649 0217a7f8000fa80c00070e004000000008003c000affff000082af
  434.696 02171e0017fc18fc1800360028fc18fc18fc18fc18fc18000f00c0001efc18fc1820d2
  434.790 1e10000000091200010000000000000001000000000000000086dd
  434.790 1e10000000090260
  434.851 1e1000140003060000000000008c5f
  434.851 1e1000140003c263
  434.931 1e04001600081267
  434.931 1e04100000000003e80065000000000906070909a4
  434.963 1e040000001673ab
  435.041 1e042c00e700e100bc00d20086008600ff0000ffff000000320000000000000000000001e00000000000000018002159b8
  435.118 1e04001e00061261
  435.149 1e040c000000000000000000000000cabf
  435.228 0f1004a6000d1a00000000000000000000000000000000000000004a2000000000ca30
  435.697 0217a7f8000fa80c00070e004000000008003c000affff000082af
  435.743 02171e0017fc18fc1800360028fc18fc18fc18fc18fc18000f00c0001efc18fc1820d2
  435.805 0a17b3b00003b3c4000306000f001400007052
  435.947 0f1004a6000d1a00000000000000000000000000000000000000004a2000000000ca30
  436.073 0f10085f00050a0000000000000000000032c2
  436.747 0217a7f8000fa80c00070e004000000008003c000affff000082af
  436.793 02171e0017fc18fc1800360028fc18fc18fc18fc18fc18000f00c0001efc18fc1820d2
  436.871 1e10000000091200010000000000000001000000000000000086dd
  436.871 1e10000000090260
  436.950 1e1000140003060000000000008c5f
  436.950 1e1000140003c263
  436.981 1e04001600081267
  437.012 1e04100000000003e80065000000000906070909a4
  437.060 1e040000001673ab
  437.121 1e042c00e700e200bc00d20086008600ff0000ffff000000320000000000000000000001e000000000000000180021533f
  437.247 1e04001e00061261
  437.247 1e040c000000000000000000000000cabf
  437.295 0617afc8000cafdc00050a0000000000000000000f1bbe
  437.467 0f1707300008071c0008100335d9ae9c0ce39789ab8973ed9503090590
  437.609 0f1004a6000d1a00000000000000000000000000000000000000004a2000000000ca30
  437.891 0217a7f8000fa80c00070e004000000008003c000affff000082af
  437.953 02171e0017fc18fc1800360028fc18fc18fc18fc18fc18000f00c0001efc18fc1820d2
  438.016 0f1004a6000d1a00000000000000000000000000000000000000004a2000000000ca30
  438.140 0f10085f00050a0000000000000000000032c2
  438.875 0217a7f8000fa80c00070e004000000008003c000affff000082af
  438.921 02171e0017fc18fc1800360028fc18fc18fc18fc18fc18000f00c0001efc18fc1820d2
  438.999 1e10000000091200010000000000000001000000000000000086dd
  438.999 1e10000000090260
  439.078 1e1000140003060000000000008c5f
  439.078 1e1000140003c263
  439.109 1e04001600081267
  439.140 1e04100000000003e80065000000000906070909a4
  439.186 1e040000001673ab
  439.248 1e042c00e700e200bc00d20086008600ff0000ffff000000320000000000000000000001e000000000000000180021533f
  439.374 1e04001e00061261
  439.374 1e040c000000000000000000000000cabf
  439.437 0f1004a6000d1a00000000000000000000000000000000000000004a2000000000ca30
  439.919 0217a7f8000fa80c00070e004000000008003c000affff000082af
  439.965 02171e0017fc18fc1800360028fc18fc18fc18fc18fc18000f00c0001efc18fc1820d2
  440.026 0a17b3b00003b3c4000306000f001400007052
  440.165 0f1004a6000d1a00000000000000000000000000000000000000004a2000000000ca30
  440.292 0f10085f00050a0000000000000000000032c2
  440.968 0217a7f8000fa80c00070e004000000008003c000affff000082af
  441.016 02171e0017fc18fc1800360028fc18fc18fc18fc18fc18000f00c0001efc18fc1820d2
  441.095 1e10000000091200010000000000000001000000000000000086dd
  441.095 1e10000000090260
  441.173 1e1000140003060000000000008c5f
  441.173 1e1000140003c263
  441.204 1e04001600081267
  441.251 1e04100000000003e80065000000000906070909a4
  441.282 1e040000001673ab
  441.360 1e042c00e700e200bc00d20086008600ff0000ffff000000320000000000000000000001e000000000000000180021533f
  441.440 1e04001e00061261
  441.471 1e040c000000000000000000000000cabf
  441.535 0617afc8000cafdc00050a0000000000000000000f1bbe
  441.692 0f1707300008071c000810ce191d0437b446bc71e5052100d3c05ac46e
  441.834 0f1004a6000d1a00000000000000000000000000000000000000004a2000000000ca30
  442.132 0217a7f8000fa80c00070e004000000008003c000affff000082af
  442.180 02171e0017fc18fc1800360028fc18fc18fc18fc18fc18000f00c0001efc18fc1820d2
  442.241 0f1004a6000d1a00000000000000000000000000000000000000004a2000000000ca30
  442.364 0f10085f00050a0000000000000000000032c2
  443.094 0217a7f8000fa80c00070e004000000008003c000affff000082af
  443.140 02171e0017fc18fc1800360028fc18fc18fc18fc18fc18000f00c0001efc18fc1820d2
  443.232 1e10000000091200010000000000000001000000000000000086dd
  443.232 1e10000000090260
  443.296 1e1000140003060000000000008c5f
  443.296 1e1000140003c263
  443.342 1e04001600081267
  443.373 1e04100000000003e80065000000000906070909a4
  443.419 1e040000001673ab
  443.481 1e042c00e700e200bc00d20086008600ff0000ffff000000320000000000000000000001e000000000000000180021533f
  443.607 1e04001e00061261
  443.607 1e040c000000000000000000000000cabf
  443.669 0f1004a6000d1a00000000000000000000000000000000000000004a2000000000ca30
  444.137 0217a7f8000fa80c00070e004000000008003c000affff000082af
  444.184 02171e0017fc18fc1800360028fc18fc18fc18fc18fc18000f00c0001efc18fc1820d2
  444.248 0a17b3b00003b3c4000306000f001400007052
  444.389 0f1004a6000d1a00000000000000000000000000000000000000004a2000000000ca30
  444.515 0f10085f00050a0000000000000000000032c2
  445.188 0217a7f8000fa80c00070e004000000008003c000affff000082af
  445.236 02171e0017fc18fc1800360028fc18fc18fc18fc18fc18000f00c0001efc18fc1820d2
  445.315 1e10000000091200010000000000000001000000000000000086dd
  445.315 1e10000000090260
  445.393 1e1000140003060000000000008c5f
  445.393 1e1000140003c263
  445.425 1e04001600081267
  445.472 1e04100000000003e80065000000000906070909a4
  445.504 1e040000001673ab
  445.567 1e042c00e700e200bc00d20086008600ff0000ffff000000320000000000000000000001e000000000000000180021533f
  445.661 1e04001e00061261
  445.693 1e040c000000000000000000000000cabf
  445.740 0617afc8000cafdc00050a0000000000000000000f1bbe
  445.913 0f1707300008071c000810b3cb3be944e7e551c6cf5f6a407edeec74fc
  446.053 0f1004a6000d1a00000000000000000000000000000000000000004a2000000000ca30
  446.348 0217a7f8000fa80c00070e004000000008003c000affff000082af
  446.395 02171e0017fc18fc1800360028fc18fc18fc18fc18fc18000f00c0001efc18fc1820d2
  446.472 0f1004a6000d1a00000000000000000000000000000000000000004a2000000000ca30
  446.597 0f10085f00050a0000000000000000000032c2
  447.313 0217a7f8000fa80c00070e004000000008003c000affff000082af
  447.377 02171e0017fc18fc1800360028fc18fc18fc18fc18fc18000f00c0001efc18fc1820d2
  447.456 1e10000000091200010000000000000001000000000000000086dd
  447.456 1e10000000090260
  447.517 1e1000140003060000000000008c5f
  447.517 1e1000140003c263
  447.563 1e04001600081267
  447.595 1e04100967057903e80065077003e90906070922e1
  447.641 1e040000001673ab
  447.704 1e042c00e700e200bc00cf0086008600ff0000ffff000000320000000000000000000001e0000000000000001800210b6e
  447.782 1e04001e00061261
  447.815 1e040c000000000000000000000000cabf
  447.893 0f1004a6000d1a00000000000000000000000000000000000000004a2000000000ca30
  448.360 0217a7f8000fa80c00070e004000000008003c000affff000082af
  448.420 02171e0017fc18fc1800360028fc18fc18fc18fc18fc18000f00c0001efc18fc1820d2
  448.468 0a17b3b00003b3c4000306000f001400007052
  448.607 0f1004a6000d1a00000000000000000000000000000000000000004a2000000000ca30
  448.732 0f10085f00050a0000000000000000000032c2
  449.405 0217a7f8000fa80c00070e004000000008003c000affff000082af
  449.469 02171e0017fc18fc1800360028fc18fc18fc18fc18fc18000f00c0001efc18fc1820d2
  449.548 1e10000000091200010000000000000001000000000000000086dd
  449.548 1e10000000090260
  449.625 1e1000140003060000000000008c5f
  449.625 1e1000140003c263
  449.656 1e040000001673ab
  449.733 1e042c00e700e200bc00cf0086008600ff0000ffff000000320000000000000000000001e0000000000000001800210b6e
  449.812 1e04001e00061261
  449.844 1e040c000000000000000000000000cabf
  449.905 0617afc8000cafdc00050a0000000000000000000f1bbe
  450.060 0f1707300008071c000810138a18e4fb4d0293b97084105a58503734a5
  450.201 0f1004a6000d1a00000000000000000000000000000000000000004a2000000000ca30
  450.499 0217a7f8000fa80c00070e004000000008003c000affff000082af
  450.545 02171e0017fc18fc1800360028fc18fc18fc18fc18fc18000f00c0001efc18fc1820d2
  450.625 0f1004a6000d1a00000000000000000000000000000000000000004a2000000000ca30
  450.751 0f10085f00050a0000000000000000000032c2
  451.515 0217a7f8000fa80c00070e004000000008003c000affff000082af
  451.563 02171e0017fc18fc1800360028fc18fc18fc18fc18fc18000f00c0001efc18fc1820d2
  451.657 1e10000000091200010000000000000001000000000000000086dd
  451.657 1e10000000090260
  451.719 1e1000140003060000000000008c5f
  451.719 1e1000140003c263
  451.751 1e040000001673ab
  451.814 1e042c00e700e200bc00cf0086008600ff0000ffff000000320000000000000000000001e0000000000000001800210b6e
  451.908 1e04001e00061261
  451.940 1e040c000000000000000000000000cabf
  452.002 0f1004a6000d1a00000000000000000000000000000000000000004a2000000000ca30
  452.567 0217a7f8000fa80c00070e004000000008003c000affff000082af
  452.614 02171e0017fc18fc1800360028fc18fc18fc18fc18fc18000f00c0001efc18fc1820d2
  452.678 0a17b3b00003b3c4000306000f001400007052
  452.820 0f1004a6000d1a00000000000000000000000000000000000000004a2000000000ca30
  452.929 0f10085f00050a0000000000000000000032c2
  453.616 0217a7f8000fa80c00070e004000000008003c000affff000082af
  453.663 02171e0017fc18fc1800360028fc18fc18fc18fc18fc18000f00c0001efc18fc1820d2
  453.742 1e10000000091200010000000000000001000000000000000086dd
  453.742 1e10000000090260
  453.821 1e1000140003060000000000008c5f
  453.821 1e1000140003c263
  453.852 1e040000001673ab
  453.929 1e042c00e700e200bc00cf0086008600ff0000ffff000000320000000000000000000001e0000000000000001800210b6e
  454.008 1e04001e00061261
  454.039 1e040c000000000000000000000000cabf
  454.102 0617afc8000cafdc00050a0000000000000000000f1bbe
  454.257 0f1707300008071c00081014ff3de72f04d5026601b377ae200ffc6985
  454.398 0f1004a6000d1a00000000000000000000000000000000000000004a2000000000ca30
  454.694 0217a7f8000fa80c00070e004000000008003c000affff000082af
  454.755 02171e0017fc18fc1800360028fc18fc18fc18fc18fc18000f00c0001efc18fc1820d2
  454.817 0f1004a6000d1a00000000000000000000000000000000000000004a2000000000ca30
  454.942 0f10085f00050a0000000000000000000032c2
  455.711 0217a7f8000fa80c00070e004000000008003c000affff000082af
  455.757 02171e0017fc18fc1800360028fc18fc18fc18fc18fc18000f00c0001efc18fc1820d2
  455.834 1e10000000091200010000000000000001000000000000000086dd
  455.834 1e10000000090260
  455.896 1e1000140003060000000000008c5f
  455.896 1e1000140003c263
  455.943 1e040000001673ab
  456.004 1e042c00e700e200bc00cf0086008600ff0000ffff000000320000000000000000000001e0000000000000001800210b6e
  456.128 1e04001e00061261
  456.128 1e040c000000000000000000000000cabf
  456.191 0f1004a6000d1a00000000000000000000000000000000000000004a2000000000ca30
  456.785 0217a7f8000fa80c00070e004000000008003c000affff000082af
  456.831 02171e0017fc18fc1800360028fc18fc18fc18fc18fc18000f00c0001efc18fc1820d2
  456.879 0a17b3b00003b3c4000306000f001400007052
  457.034 0f1004a6000d1a00000000000000000000000000000000000000004a2000000000ca30
  457.159 0f10085f00050a0000000000000000000032c2
  457.828 0217a7f8000fa80c00070e004000000028003c000affff00001b6e
  457.875 02171e0017fc18fc1800360028fc18fc18fc18fc18fc18000f00c0001efc18fc1820d2
  457.954 1e10000000091200010000000000000001000000000000000086dd
  457.954 1e10000000090260
  458.032 1e1000140003060000000000008c5f
  458.032 1e1000140003c263
  458.063 1e040000001673ab
  458.125 1e042c00e700e200bc00cf0086008600ff0000ffff000000320000000000000000000001e0000000000000001800210b6e
  458.218 1e04001e00061261
  458.249 1e040c000000000000000000000000cabf
  458.311 0617afc8000cafdc00050a0020000000000000000f827f
  458.467 0f1707300008071c000810e912ac35d952984f096503d4d782ea3fcd9e
  458.608 0f1004a6000d1a00000000000000000000000000000000000000004a2000000000ca30
  458.904 0217a7f8000fa80c00070e004000000028003c000affff00001b6e
  458.966 02171e0017fc18fc1800360028fc18fc18fc18fc18fc18000f00c0001efc18fc1820d2
  459.028 0f1004a6000d1a00000000000000000000000000000000000000004a2000000000ca30
  459.154 0f10085f00050a0000000000000000000032c2
  459.948 0217a7f8000fa80c00070e004000000028003c000affff00001b6e
  460.009 02171e0017fc18fc1800360028fc18fc18fc18fc18fc18000f00c0001efc18fc1820d2
  460.086 1e10000000091200010000000000000001000000000000000086dd
  460.086 1e10000000090260
  460.164 1e1000140003060000000000008c5f
  460.164 1e1000140003c263
  460.196 1e040000001673ab
  460.258 1e042c00e600e200bc00cf0086008600ff0000ffff000000320000000000000000000001e000000000000000180021c92f
  460.351 1e04001e00061261
  460.382 1e040c000000000000000000000000cabf
  460.444 0f1004a6000d1a00000000000000000000000000000000000000004a2000000000ca30
  461.038 0217a7f8000fa80c00070e004000000028003c000affff00001b6e
  461.085 02171e0017fc18fc1800360028fc18fc18fc18fc18fc18000f00c0001efc18fc1820d2
  461.148 0a17b3b00003b3c4000306000f001400007052
  461.290 0f1004a6000d1a00000000000000000000000000000000000000004a2000000000ca30
  461.399 0f10085f00050a0000000000000000000032c2
  462.087 0217a7f8000fa80c00070e004000000028003c000affff00001b6e
  462.134 02171e0017fc18fc1800360028fc18fc18fc18fc18fc18000f00c0001efc18fc1820d2
  462.212 1e10000000091200010000000000000001000000000000000086dd
  462.212 1e10000000090260
  462.274 1e1000140003060000000000008c5f
  462.274 1e1000140003c263
  462.321 1e040000001673ab
  462.384 1e042c00e600e200bc00cf0086008600ff0000ffff000000320000000000000000000001e000000000000000180021c92f
  462.477 1e04001e00061261
  462.508 1e040c000000000000000000000000cabf
  462.555 0617afc8000cafdc00050a0020000000000000000f827f
  462.725 0f1707300008071c0008101d0027b8b85d84cff6299365017ea2c3fe9b
  462.866 0f1004a6000d1a00000000000000000000000000000000000000004a2000000000ca30
  463.161 0217a7f8000fa80c00070e004000000028003c000affff00001b6e
  463.222 02171e0017fc18fc1800360028fc18fc18fc18fc18fc18000f00c0001efc18fc1820d2
  463.286 0f1004a6000d1a00000000000000000000000000000000000000004a2000000000ca30
  463.412 0f10085f00050a0000000000000000000032c2
  464.219 0217a7f8000fa80c00070e004000000028003c000affff00001b6e
  464.265 02171e0017fc18fc1800360028fc18fc18fc18fc18fc18000f00c0001efc18fc1820d2
  464.344 1e10000000091200010000000000000001000000000000000086dd
  464.344 1e10000000090260
  464.422 1e1000140003060000000000008c5f
  464.422 1e1000140003c263
  464.454 1e040000001673ab
  464.533 1e042c00e600e200bc00cf0086008600ff0000ffff000000320000000000000000000001e000000000000000180021c92f
  464.609 1e04001e00061261
  464.641 1e040c000000000000000000000000cabf
  464.718 0f1004a6000d1a00000000000000000000000000000000000000004a2000000000ca30
  465.294 0217a7f8000fa80c00070e004000000028003c000affff00001b6e
  465.356 02171e0017fc18fc1800360028fc18fc18fc18fc18fc18000f00c0001efc18fc1820d2
  465.403 0a17b3b00003b3c4000306000f001400007052
  465.544 0f1004a6000d1a00000000000000000000000000000000000000004a2000000000ca30
  465.668 0f10085f00050a0000000000000000000032c2
  466.372 0217a7f8000fa80c00070e004000000028003c000affff00001b6e
  466.419 02171e0017fc18fc1800360028fc18fc18fc18fc18fc18000f00c0001efc18fc1820d2
  466.512 1e10000000091200010000000000000001000000000000000086dd
  466.512 1e10000000090260
  466.576 1e1000140003060000000000008c5f
  466.576 1e1000140003c263
  466.623 1e040000001673ab
  466.686 1e042c00e600e200bc00cf0086008600ff0000ffff000000320000000000000000000001e000000000000000180021c92f
  466.765 1e04001e00061261
  466.796 1e040c000000000000000000000000cabf
  466.859 0617afc8000cafdc00050a0020000000000000000f827f
  467.015 0f1707300008071c0008107a01074a040cd617ca30bf15376a36d951ef
  467.157 0f1004a6000d1a00000000000000000000000000000000000000004a2000000000ca30
  467.457 0217a7f8000fa80c00070e004000000028003c000affff00001b6e
  467.504 02171e0017fc18fc1800360028fc18fc18fc18fc18fc18000f00c0001efc18fc1820d2
  467.584 0f1004a6000d1a00000000000000000000000000000000000000004a2000000000ca30
  467.708 0f10085f00050a0000000000000000000032c2
  468.501 0217a7f8000fa80c00070e004000000028003c000affff00001b6e
  468.562 02171e0017fc18fc1800360028fc18fc18fc18fc18fc18000f00c0001efc18fc1820d2
  468.641 1e10000000091200010000000000000001000000000000000086dd
  468.641 1e10000000090260
  468.703 1e1000140003060000000000008c5f
  468.703 1e1000140003c263
  468.750 1e040000001673ab
  468.812 1e042c00e600e200bc00cf0086008600ff0000ffff000000320000000000000000000001e000000000000000180021c92f
  468.938 1e04001e00061261
  468.938 1e040c000000000000000000000000cabf
  469.001 0f1004a6000d1a00000000000000000000000000000000000000004a2000000000ca30
  469.593 0217a7f8000fa80c00070e004000000028003c000affff00001b6e
  469.639 02171e0017fc18fc1800360028fc18fc18fc18fc18fc18000f00c0001efc18fc1820d2
  469.702 0a17b3b00003b3c4000306000f001400007052
  469.841 0f1004a6000d1a00000000000000000000000000000000000000004a2000000000ca30
  469.967 0f10085f00050a0000000000000000000032c2
  470.638 0217a7f8000fa80c00070e004000000028003c000affff00001b6e
  470.684 02171e0017fc18fc1800360028fc18fc18fc18fc18fc18000f00c0001efc18fc1820d2
  470.778 1e10000000091200010000000000000001000000000000000086dd
  470.778 1e10000000090260
  470.841 1e1000140003060000000000008c5f
  470.841 1e1000140003c263
  470.887 1e040000001673ab
  470.949 1e042c00e600e200bc00cf0086008500ff0000ffff000000320000000000000000000001e0000000000000001800217d2f
  471.074 1e04001e00061261
  471.074 1e040c000000000000000000000000cabf
  471.120 0617afc8000cafdc00050a0020000000000000000f827f
  471.292 0f1707300008071c000810a52787559c91588de8d194c693cf43e4315d
  471.434 0f1004a6000d1a00000000000000000000000000000000000000004a2000000000ca30
  471.728 0217a7f8000fa80c00070e004000000028003c000affff00001b6e
  471.775 02171e0017fc18fc1800360028fc18fc18fc18fc18fc18000f00c0001efc18fc1820d2
  471.852 0f1004a6000d1a00000000000000000000000000000000000000004a2000000000ca30
  471.977 0f10085f00050a0000000000000000000032c2
  472.766 0217a7f8000fa80c00070e004000000028003c000affff00001b6e
  472.829 02171e0017fc18fc1800360028fc18fc18fc18fc18fc18000f00c0001efc18fc1820d2
  472.909 1e10000000091200010000000000000001000000000000000086dd
  472.909 1e10000000090260
  472.971 1e1000140003060000000000008c5f
  472.971 1e1000140003c263
  473.018 1e040000001673ab
  473.080 1e042c00e600e200bc00cf0086008500ff0000ffff000000320000000000000000000001e0000000000000001800217d2f
  473.206 1e04001e00061261
  473.206 1e040c000000000000000000000000cabf
  473.268 0f1004a6000d1a00000000000000000000000000000000000000004a2000000000ca30
  473.859 0217a7f8000fa80c00070e004000000028003c000affff00001b6e
  473.906 02171e0017fc18fc1800360028fc18fc18fc18fc18fc18000f00c0001efc18fc1820d2
  473.968 0a17b3b00003b3c4000306000f001400007052
  474.108 0f1004a6000d1a00000000000000000000000000000000000000004a2000000000ca30
  474.233 0f10085f00050a0000000000000000000032c2
  474.900 0217a7f8000fa80c00070e004000000008003c000affff000082af
  474.962 02171e0017fc18fc1800360028fc18fc18fc18fc18fc18000f00c0001efc18fc1820d2
  475.040 1e10000000091200010000000000000001000000000000000086dd
  475.040 1e10000000090260
  475.102 1e1000140003060000000000008c5f
  475.102 1e1000140003c263
  475.148 1e040000001673ab
  475.210 1e042c00e600e200bc00cf0086008500ff0000ffff000000320000000000000000000001e0000000000000001800217d2f
  475.336 1e04001e00061261
  475.336 1e040c000000000000000000000000cabf
  475.383 0617afc8000cafdc00050a0000000000000000000f1bbe
  475.554 0f1707300008071c00081068c485ad5229e27a733d6eb1a4f7ac914eb3
  475.694 0f1004a6000d1a00000000000000000000000000000000000000004a2000000000ca30
  475.991 0217a7f8000fa80c00070e004000000008003c000affff000082af
  476.039 02171e0017fc18fc1800360028fc18fc18fc18fc18fc18000f00c0001efc18fc1820d2
  476.100 0f1004a6000d1a00000000000000000000000000000000000000004a2000000000ca30
  476.224 0f10085f00050a0000000000000000000032c2
  477.035 0217a7f8000fa80c00070e004000000008003c000affff000082af
  477.082 02171e0017fc18fc1800360028fc18fc18fc18fc18fc18000f00c0001efc18fc1820d2
  477.175 1e10000000091200010000000000000001000000000000000086dd
  477.175 1e10000000090260
  477.238 1e1000140003060000000000008c5f
  477.238 1e1000140003c263
  477.269 1e040000001673ab
  477.333 1e042c00e600e200bc00cf0086008500ff0000ffff000000320000000000000000000001e0000000000000001800217d2f
  477.426 1e04001e00061261
  477.457 1e040c000000000000000000000000cabf
  477.536 0f1004a6000d1a00000000000000000000000000000000000000004a2000000000ca30
  478.107 0217a7f8000fa80c00070e004000000008003c000affff000082af
  478.170 02171e0017fc18fc1800360028fc18fc18fc18fc18fc18000f00c0001efc18fc1820d2
  478.218 0a17b3b00003b3c4000306000f001400007052
  478.359 0f1004a6000d1a00000000000000000000000000000000000000004a2000000000ca30
  478.485 0f10085f00050a0000000000000000000032c2
  479.156 0217a7f8000fa80c00070e004000000008003c000affff000082af
  479.219 02171e0017fc18fc1800360028fc18fc18fc18fc18fc18000f00c0001efc18fc1820d2
  479.298 1e10000000091200010000000000000001000000000000000086dd
  479.298 1e10000000090260
  479.361 1e1000140003060000000000008c5f
  479.361 1e1000140003c263
  479.408 1e040000001673ab
  479.470 1e042c00e600e200bc00cf0086008500ff0000ffff000000320000000000000000000001e0000000000000001800217d2f
  479.562 1e04001e00061261
  479.594 1e040c000000000000000000000000cabf
  479.641 0617afc8000cafdc00050a0000000000000000000f1bbe
  479.814 0f1707300008071c00081015564f24ec1bdf9b6695d6d33620061176a4
  479.954 0f1004a6000d1a00000000000000000000000000000000000000004a2000000000ca30
  480.248 0217a7f8000fa80c00070e004000000008003c000affff000082af
  480.310 02171e0017fc18fc1800360028fc18fc18fc18fc18fc18000f00c0001efc18fc1820d2
  480.372 0f1004a6000d1a00000000000000000000000000000000000000004a2000000000ca30
  480.498 0f10085f00050a0000000000000000000032c2
  481.291 0217a7f8000fa80c00070e004000000008003c000affff000082af
  481.354 02171e0017fc18fc1800360028fc18fc18fc18fc18fc18000f00c0001efc18fc1820d2
  481.433 1e10000000091200010000000000000001000000000000000086dd
  481.433 1e10000000090260
  481.495 1e1000140003060000000000008c5f
  481.495 1e1000140003c263
  481.542 1e040000001673ab
  481.604 1e042c00e600e200bb00d20086008500ff0000ffff000000320000000000000000000001e00000000000000018002118fa
  481.730 1e04001e00061261
  481.730 1e040c000000000000000000000000cabf
  481.793 0f1004a6000d1a00000000000000000000000000000000000000004a2000000000ca30
  482.374 0217a7f8000fa80c00070e004000000008003c000affff000082af
  482.437 02171e0017fc18fc1800360028fc18fc18fc18fc18fc18000f00c0001efc18fc1820d2
  482.484 0a17b3b00003b3c4000306000f001400007052
  482.626 0f1004a6000d1a00440001000000000000000000000000000000004a2000000000045c
  482.750 0f10085f00050a0000000000000000000032c2
  483.421 0217a7f8000fa80c00070e004000000008003c000affff000082af
  483.483 02171e0017fc18fc1800360028fc18fc18fc18fc18fc18000f00c0001efc18fc1820d2
  483.562 1e10000000091200010000000000000001000000000000000086dd
  483.562 1e10000000090260
  483.625 1e1000140003060000000000008c5f
  483.625 1e1000140003c263
  483.672 1e040000001673ab
  483.733 1e042c00e600e200bb00d20086008500ff0000ffff000000320000000000000000000001e00000000000000018002118fa
  483.826 1e04001e00061261
  483.857 1e040c000000000000000000000000cabf
  483.903 0617afc8000cafdc00050a0000000000000000000f1bbe
  484.074 0f1707300008071c000810c1edbcb3ebcd43c75b9547c2b6191a50d49e
  484.213 0f1004a6000d1a00440001000000000000000000000000000000004a2000000000045c
  484.512 0217a7f8000fa80c00070e004000000008003c000affff000082af
  484.558 02171e0017fc18fc1800360028fc18fc18fc18fc18fc18000f00c0001efc18fc1820d2
  484.635 0f1004a6000d1a00440001000000000000000000000000000000004a2000000000045c
  484.760 0f10085f00050a0000000000000000000032c2
  485.557 0217a7f8000fa80c00070e004000000008003c000affff000082af
  485.618 02171e0017fc18fc1800360028fc18fc18fc18fc18fc18000f00c0001efc18fc1820d2
  485.696 1e10000000091200010000000000000001000000000000000086dd
  485.696 1e10000000090260
  485.758 1e1000140003060000000000008c5f
  485.758 1e1000140003c263
  485.804 1e040000001673ab
  485.866 1e042c00e600e200bb00d20086008500ff0000ffff000000320000000000000000000001e00000000000000018002118fa
  485.988 1e04001e00061261
  485.988 1e040c000000000000000000000000cabf
  486.050 0f1004a6000d1a00440001000000000000000000000000000000004a2000000000045c
  486.645 0217a7f8000fa80c00070e004000000008003c000affff000082af
  486.691 02171e0017fc18fc1800360028fc18fc18fc18fc18fc18000f00c0001efc18fc1820d2
  486.753 0a17b3b00003b3c4000306000f001400007052
  486.895 0f1004a6000d1a00440001000000000000000000000000000000004a2000000000045c
  487.021 0f10085f00050a0000000000000000000032c2
  487.692 0217a7f8000fa80c00070e004000000008003c000affff000082af
  487.739 02171e0017fc18fc1800360028fc18fc18fc18fc18fc18000f00c0001efc18fc1820d2
  487.832 1e10000000091200010000000000000001000000000000000086dd
  487.832 1e10000000090260
  487.893 1e1000140003060000000000008c5f
  487.893 1e1000140003c263
  487.924 1e040000001673ab
  488.002 1e042c00e600e200bb00d20086008500ff0000ffff000000320000000000000000000001e00000000000000018002118fa
  488.081 1e04001e00061261
  488.112 1e040c000000000000000000000000cabf
  488.175 0617afc8000cafdc00050a0000000000000000000f1bbe
  488.330 0f1707300008071c000810cd5eaa7f9a1899eab519ba21a1ec16e3869a
  488.470 0f1004a6000d1a00440001000000000000000000000000000000004a2000000000045c
  488.766 0217a7f8000fa80c00070e004000000008003c000affff000082af
  488.828 02171e0017fc18fc1800360028fc18fc18fc18fc18fc18000f00c0001efc18fc1820d2
  488.891 0f1004a6000d1a00440001000000000000000000000000000000004a2000000000045c
  489.016 0f10085f00050a0000000000000000000032c2
  489.824 0217a7f8000fa80c00070e004000000008003c000affff000082af
  489.870 02171e0017fc18fc1800360028fc18fc18fc18fc18fc18000f00c0001efc18fc1820d2
  489.962 1e10000000091200010000000000000001000000000000000086dd
  489.962 1e10000000090260
  490.025 1e1000140003060000000000008c5f
  490.025 1e1000140003c263
  490.071 1e040000001673ab
  490.133 1e042c00e600e200bb00d20086008500ff0000ffff000000320000000000000000000001e00000000000000018002118fa
  490.211 1e04001e00061261
  490.243 1e040c000000000000000000000000cabf
  490.321 0f1004a6000d1a00440001000000000000000000000000000000004a2000000000045c
  490.896 0217a7f8000fa80c00070e004000000008003c000affff000082af
  490.958 02171e0017fc18fc1800360028fc18fc18fc18fc18fc18000f00c0001efc18fc1820d2
  491.005 0a17b3b00003b3c4000306000f001400007052
  491.147 0f1004a6000d1a00440001000000000000000000000000000000004a2000000000045c
  491.273 0f10085f00050a0000000000000000000032c2
  491.956 0217a7f8000fa80c00070e004000000008003c000affff000082af
  492.002 02171e0017fc18fc1800360028fc18fc18fc18fc18fc18000f00c0001efc18fc1820d2
  492.096 1e10000000091200010000000000000001000000000000000086dd
  492.096 1e10000000090260
  492.158 1e1000140003060000000000008c5f
  492.158 1e1000140003c263
  492.189 1e040000001673ab
  492.253 1e042c00e600e200bc00cf0086008500ff0000ffff000000320000000000000000000001e0000000000000001800217d2f
  492.347 1e04001e00061261
  492.378 1e040c000000000000000000000000cabf
  492.425 0617afc8000cafdc00050a0000000000000000000f1bbe
  492.597 0f1707300008071c0008106a9c7330b6d4220baa978eaeb4c157c0b76e
  492.739 0f1004a6000d1a00440001000000000000000000000000000000004a2000000000045c
  493.037 0217a7f8000fa80c00070e004000000008003c000affff000082af
  493.084 02171e0017fc18fc1800360028fc18fc18fc18fc18fc18000f00c0001efc18fc1820d2
  493.162 0f1004a6000d1a00440001000000000000000000000000000000004a2000000000045c
  493.287 0f10085f00050a0000000000000000000032c2
  494.076 0217a7f8000fa80c00070e004000000008003c000affff000082af
  494.137 02171e0017fc18fc1800360028fc18fc18fc18fc18fc18000f00c0001efc18fc1820d2
  494.217 1e10000000091200010000000000000001000000000000000086dd
  494.217 1e10000000090260
  494.294 1e1000140003060000000000008c5f
  494.294 1e1000140003c263
  494.325 1e040000001673ab
  494.388 1e042c00e600e200bc00cf0086008500ff0000ffff000000320000000000000000000001e0000000000000001800217d2f
  494.481 1e04001e00061261
  494.512 1e040c000000000000000000000000cabf
  494.574 0f1004a6000d1a00440001000000000000000000000000000000004a2000000000045c
  495.168 0217a7f8000fa80c00070e004000000008003c000affff000082af
  495.215 02171e0017fc18fc1800360028fc18fc18fc18fc18fc18000f00c0001efc18fc1820d2
  495.277 0a17b3b00003b3c4000306000f001400007052
  495.417 0f1004a6000d1a00440001000000000000000000000000000000004a2000000000045c
  495.543 0f10085f00050a0000000000000000000032c2
  496.214 0217a7f8000fa80c00070e004000000008003c000affff000082af
  496.261 02171e0017fc18fc1800360028fc18fc18fc18fc18fc18000f00c0001efc18fc1820d2
  496.354 1e10000000091200010000000000000001000000000000000086dd
  496.354 1e10000000090260
  496.418 1e1000140003060000000000008c5f
  496.418 1e1000140003c263
  496.450 1e040000001673ab
  496.527 1e042c00e600e200bc00cf0086008500ff0000ffff000000320000000000000000000001e0000000000000001800217d2f
  496.605 1e04001e00061261
  496.637 1e040c000000000000000000000000cabf
  496.699 0617afc8000cafdc00050a0000000000000000000f1bbe
  496.856 0f1707300008071c0008103ca7a843432960a894db7234b7c137dac073
  496.994 0f1004a6000d1a00440001000000000000000000000000000000004a2000000000045c
  497.290 0217a7f8000fa80c00070e004000000008003c000affff000082af
  497.353 02171e0017fc18fc1800360028fc18fc18fc18fc18fc18000f00c0001efc18fc1820d2
  497.415 0f1004a6000d1a00440001000000000000000000000000000000004a2000000000045c
  497.540 0f10085f00050a0000000000000000000032c2
  498.344 0217a7f8000fa80c00070e004000000008003c000affff000082af
  498.391 02171e0017fc18fc1800360028fc18fc18fc18fc18fc18000f00c0001efc18fc1820d2
  498.483 1e10000000091200010000000000000001000000000000000086dd
  498.483 1e10000000090260
  498.545 1e1000140003060000000000008c5f
  498.545 1e1000140003c263
  498.592 1e040000001673ab
  498.655 1e042c00e600e200bc00cf0086008500ff0000ffff000000320000000000000000000001e0000000000000001800217d2f
  498.779 1e04001e00061261
  498.779 1e040c000000000000000000000000cabf
  498.842 0f1004a6000d1a00440001000000000000000000000000000000004a2000000000045c
  499.428 0217a7f8000fa80c00070e004000000008003c000affff000082af
  499.475 02171e0017fc18fc1800360028fc18fc18fc18fc18fc18000f00c0001efc18fc1820d2
  499.536 0a17b3b00003b3c4000306000f001400007052
  499.676 0f1004a6000d1a00440001000000000000000000000000000000004a2000000000045c
  499.801 0f10085f00050a0000000000000000000032c2
  500.471 0217a7f8000fa80c00070e004000000008003c000affff000082af
  500.532 02171e0017fc18fc1800360028fc18fc18fc18fc18fc18000f00c0001efc18fc1820d2
  500.611 1e10000000091200010000000000000001000000000000000086dd
  500.611 1e10000000090260
  500.674 1e1000140003060000000000008c5f
  500.674 1e1000140003c263
  500.721 1e040000001673ab
  500.784 1e042c00e600e200bc00cf0086008500ff0000ffff000000320000000000000000000001e0000000000000001800217d2f
  500.907 1e04001e00061261
  500.907 1e040c000000000000000000000000cabf
  500.955 0617afc8000cafdc00050a0000000000000000000f1bbe
  501.126 0f1707300008071c00081071f54b8565b275d2580f681ddcf4cd7ede7c
  501.267 0f1004a6000d1a00440001000000000000000000000000000000004a2000000000045c
  501.563 0217a7f8000fa80c00070e004000000008003c000affff000082af
  501.611 02171e0017fc18fc1800360028fc18fc18fc18fc18fc18000f00c0001efc18fc1820d2
  501.688 0f1004a6000d1a00440001000000000000000000000000000000004a2000000000045c
  501.812 0f10085f00050a0000000000000000000032c2
  502.608 0217a7f8000fa80c00070e004000000008003c000affff000082af
  502.654 02171e0017fc18fc1800360028fc18fc18fc18fc18fc18000f00c0001efc18fc1820d2
  502.746 1e10000000091200010000000000000001000000000000000086dd
  502.746 1e10000000090260
  502.809 1e1000140003060000000000008c5f
  502.809 1e1000140003c263
  502.856 1e040000001673ab
  502.918 1e042c00e600e200bb00cf0086008500ff0000ffff000000320000000000000000000001e00000000000000018002140ab
  503.044 1e04001e00061261
  503.044 1e040c000000000000000000000000cabf
  503.106 0f1004a6000d1a00440001000000000000000000000000000000004a2000000000045c
  503.695 0217a7f8000fa80c00070e004000000008003c000affff000082af
  503.742 02171e0017fc18fc1800360028fc18fc18fc18fc18fc18000f00c0001efc18fc1820d2
  503.804 0a17b3b00003b3c4000306000f001400007052
  503.944 0f1004a6000d1a00440001000000000000000000000000000000004a2000000000045c
  504.067 0f10085f00050a0000000000000000000032c2
  504.734 0217a7f8000fa80c00070e004000000008003c000affff000082af
  504.796 02171e0017fc18fc1800360028fc18fc18fc18fc18fc18000f00c0001efc18fc1820d2
  504.872 1e10000000091200010000000000000001000000000000000086dd
  504.872 1e10000000090260
  504.949 1e1000140003060000000000008c5f
  504.949 1e1000140003c263
  504.980 1e040000001673ab
  505.043 1e042c00e600e200bb00cf0086008500ff0000ffff000000320000000000000000000001e00000000000000018002140ab
  505.135 1e04001e00061261
  505.166 1e040c000000000000000000000000cabf
  505.212 0617afc8000cafdc00050a0000000000000000000f1bbe
  505.382 0f1707300008071c00081053a236ffc937629eb890575e0861d1ed341f
  505.521 0f1004a6000d1a00440001000000000000000000000000000000004a2000000000045c
  505.819 0217a7f8000fa80c00070e004000000008003c000affff000082af
  505.865 02171e0017fc18fc1800360028fc18fc18fc18fc18fc18000f00c0001efc18fc1820d2
  505.943 0f1004a6000d1a00440001000000000000000000000000000000004a2000000000045c
  506.067 0f10085f00050a0000000000000000000032c2
  506.859 0217a7f8000fa80c00070e004000000008003c000affff000082af
  506.921 02171e0017fc18fc1800360028fc18fc18fc18fc18fc18000f00c0001efc18fc1820d2
  506.999 1e10000000091200010000000000000001000000000000000086dd
  506.999 1e10000000090260
  507.061 1e1000140003060000000000008c5f
  507.061 1e1000140003c263
  507.108 1e040000001673ab
  507.170 1e042c00e600e200bb00cf0086008500ff0000ffff000000320000000000000000000001e00000000000000018002140ab
  507.263 1e04001e00061261
  507.294 1e040c000000000000000000000000cabf
  507.356 0f1004a6000d1a00440001000000000000000000000000000000004a2000000000045c
  507.943 0217a7f8000fa80c00070e004000000008003c000affff000082af
  508.005 02171e0017fc18fc1800360028fc18fc18fc18fc18fc18000f00c0001efc18fc1820d2
  508.053 0a17b3b00003b3c4000306000f001400007052
  508.192 0f1004a6000d1a00440001000000000000000000000000000000004a2000000000045c
  508.318 0f10085f00050a0000000000000000000032c2
  509.000 0217a7f8000fa80c00070e004000000008003c000affff000082af
  509.048 02171e0017fc18fc1800360028fc18fc18fc18fc18fc18000f00c0001efc18fc1820d2
  509.127 1e10000000091200010000000000000001000000000000000086dd
  509.127 1e10000000090260
  509.190 1e1000140003060000000000008c5f
  509.190 1e1000140003c263
  509.237 1e040000001673ab
  509.300 1e042c00e600e200bb00cf0086008500ff0000ffff000000320000000000000000000001e00000000000000018002140ab
  509.378 1e04001e00061261
  509.410 1e040c000000000000000000000000cabf
  509.473 0617afc8000cafdc00050a0000000000000000000f1bbe
  509.629 0f1707300008071c00081085d1a817724ce8c4ef799566cdbd24319cd4
  509.769 0f1004a6000d1a00440001000000000000000000000000000000004a2000000000045c
  510.067 0217a7f8000fa80c00070e004000000008003c000affff000082af
  510.114 02171e0017fc18fc1800360028fc18fc18fc18fc18fc18000f00c0001efc18fc1820d2
  510.192 0f1004a6000d1a00440001000000000000000000000000000000004a2000000000045c
  510.314 0f10085f00050a0000000000000000000032c2
  511.111 0217a7f8000fa80c00070e004000000008003c000affff000082af
  511.173 02171e0017fc18fc1800360028fc18fc18fc18fc18fc18000f00c0001efc18fc1820d2
  511.251 1e10000000091200010000000000000001000000000000000086dd
  511.251 1e10000000090260
  511.314 1e1000140003060000000000008c5f
  511.314 1e1000140003c263
  511.361 1e040000001673ab
  511.424 1e042c00e600e200bb00cf0086008500ff0000ffff000000320000000000000000000001e00000000000000018002140ab
  511.548 1e04001e00061261
  511.548 1e040c000000000000000000000000cabf
  511.609 0f1004a6000d1a00440001000000000000000000000000000000004a2000000000045c
  512.201 0217a7f8000fa80c00070e004000000008003c000affff000082af
  512.246 02171e0017fc18fc1800360028fc18fc18fc18fc18fc18000f00c0001efc18fc1820d2
  512.309 0a17b3b00003b3c4000306000f001400007052
  512.448 0f1004a6000d1a00440001000000000000000000000000000000004a2000000000045c
  512.572 0f10085f00050a0000000000000000000032c2
  513.240 0217a7f8000fa80c00070e004000000008003c000affff000082af
  513.301 02171e0017fc18fc1800360028fc18fc18fc18fc18fc18000f00c0001efc18fc1820d2
  513.380 1e10000000091200010000000000000001000000000000000086dd
  513.380 1e10000000090260
  513.456 1e1000140003060000000000008c5f
  513.456 1e1000140003c263
  513.488 1e040000001673ab
  513.551 1e042c00e600e200bb00d20086008600ff0000ffff000000320000000000000000000001e000000000000000180021acfa
  513.675 1e04001e00061261
  513.675 1e040c000000000000000000000000cabf
  513.722 0617afc8000cafdc00050a0000000000000000000f1bbe
  513.895 0f1707300008071c00081060693bf8de5905651c07827e52281210fa95
  514.034 0f1004a6000d1a00440001000000000000000000000000000000004a2000000000045c
  514.331 0217a7f8000fa80c00070e004000000008003c000affff000082af
  514.377 02171e0017fc18fc1800360028fc18fc18fc18fc18fc18000f00c0001efc18fc1820d2
  514.455 0f1004a6000d1a00440001000000000000000000000000000000004a2000000000045c
  514.581 0f10085f00050a0000000000000000000032c2
  515.379 0217a7f8000fa80c00070e004000000008003c000affff000082af
  515.425 02171e0017fc18fc1800360028fc18fc18fc18fc18fc18000f00c0001efc18fc1820d2
  515.517 1e10000000091200010000000000000001000000000000000086dd
  515.517 1e10000000090260
  515.579 1e1000140003060000000000008c5f
  515.579 1e1000140003c263
  515.625 1e040000001673ab
  515.687 1e042c00e600e200bb00d20086008600ff0000ffff000000320000000000000000000001e000000000000000180021acfa
  515.812 1e04001e00061261
  515.812 1e040c000000000000000000000000cabf
  515.874 0f1004a6000d1a00440001000000000000000000000000000000004a2000000000045c
  516.466 0217a7f8000fa80c00070e004000000008003c000affff000082af
  516.513 02171e0017fc18fc1800360028fc18fc18fc18fc18fc18000f00c0001efc18fc1820d2
  516.577 0a17b3b00003b3c4000306000f001400007052
  516.717 0f1004a6000d1a00440001000000000000000000000000000000004a2000000000045c
  516.842 0f10085f00050a0000000000000000000032c2
  517.509 0217a7f8000fa80c00070e004000000008003c000affff000082af
  517.571 02171e0017fc18fc1800360028fc18fc18fc18fc18fc18000f00c0001efc18fc1820d2
  517.648 1e10000000091200010000000000000001000000000000000086dd
  517.648 1e10000000090260
  517.711 1e1000140003060000000000008c5f
  517.711 1e1000140003c263
  517.757 1e040000001673ab
  517.818 1e042c00e600e200bb00d20086008600ff0000ffff000000320000000000000000000001e000000000000000180021acfa
  517.941 1e04001e00061261
  517.941 1e040c000000000000000000000000cabf
  517.987 0617afc8000cafdc00050a0000000000000000000f1bbe
  518.159 0f1707300008071c0008101438cc08081fb874de85fdd70f3cee5f0600
  518.297 0f1004a6000d1a00440001000000000000000000000000000000004a2000000000045c
  518.592 0217a7f8000fa80c00070e004000000008003c000affff000082af
  518.639 02171e0017fc18fc1800360028fc18fc18fc18fc18fc18000f00c0001efc18fc1820d2
  518.716 0f1004a6000d1a00440001000000000000000000000000000000004a2000000000045c
  518.841 0f10085f00050a0000000000000000000032c2
  519.644 0217a7f8000fa80c00070e004000000008003c000affff000082af
  519.692 02171e0017fc18fc1800360028fc18fc18fc18fc18fc18000f00c0001efc18fc1820d2
  519.785 1e10000000091200010000000000000001000000000000000086dd
  519.785 1e10000000090260
  519.847 1e1000140003060000000000008c5f
  519.847 1e1000140003c263
  519.893 1e040000001673ab
  519.955 1e042c00e600e200bb00d20086008600ff0000ffff000000320000000000000000000001e000000000000000180021acfa
  520.066 1e04001e00061261
  520.066 1e040c000000000000000000000000cabf
  520.144 0f1004a6000d1a00440001000000000000000000000000000000004a2000000000045c
  520.733 0217a7f8000fa80c00070e004000000008003c000affff000082af
  520.780 02171e0017fc18fc1800360028fc18fc18fc18fc18fc18000f00c0001efc18fc1820d2
  520.842 0a17b3b00003b3c4000306000f001400007052
  520.981 0f1004a6000d1a00440001000000000000000000000000000000004a2000000000045c
  521.107 0f10085f00050a0000000000000000000032c2
  521.777 0217a7f8000fa80c00070e004000000028003c000affff00001b6e
  521.823 02171e0017fc18fc1800360028fc18fc18fc18fc18fc18000f00c0001efc18fc1820d2
  521.916 1e10000000091200010000000000000001000000000000000086dd
  521.916 1e10000000090260
  521.979 1e1000140003060000000000008c5f
  521.979 1e1000140003c263
  522.010 1e040000001673ab
  522.088 1e042c00e600e200bb00d20086008600ff0000ffff000000320000000000000000000001e000000000000000180021acfa
  522.167 1e04001e00061261
  522.198 1e040c000000000000000000000000cabf
  522.261 0617afc8000cafdc00050a0020000000000000000f827f
  522.417 0f1707300008071c00081075040541c4960bc245758f988e7b25026d35
  522.557 0f1004a6000d1a00440001000000000000000000000000000000004a2000000000045c
  522.854 0217a7f8000fa80c00070e004000000028003c000affff00001b6e
  522.915 02171e0017fc18fc1800360028fc18fc18fc18fc18fc18000f00c0001efc18fc1820d2
  522.977 0f1004a6000d1a00440001000000000000000000000000000000004a2000000000045c
  523.101 0f10085f00050a0000000000000000000032c2
  523.910 0217a7f8000fa80c00070e004000000028003c000affff00001b6e
  523.956 02171e0017fc18fc1800360028fc18fc18fc18fc18fc18000f00c0001efc18fc1820d2
  524.048 1e10000000091200010000000000000001000000000000000086dd
  524.048 1e10000000090260
  524.111 1e1000140003060000000000008c5f
  524.111 1e1000140003c263
  524.157 1e040000001673ab
  524.219 1e042c00e600e200bb00d20087008600fc0000ffff000000320000000000000000000001e000000000000000180021303b
  524.344 1e04001e00061261
  524.344 1e040c000000000000000000000000cabf
  524.405 0f1004a6000d1a00440001000000000000000000000000000000004a2000000000045c
  524.992 0217a7f8000fa80c00070e004000000028003c000affff00001b6e
  525.038 02171e0017fc18fc1800360028fc18fc18fc18fc18fc18000f00c0001efc18fc1820d2
  525.102 0a17b3b00003b3c4000306000f001400007052
  525.241 0f1004a6000d1a00440001000000000000000000000000000000004a2000000000045c
  525.365 0f10085f00050a0000000000000000000032c2
  526.031 0217a7f8000fa80c00070e004000000028003c000affff00001b6e
  526.092 02171e0017fc18fc1800360028fc18fc18fc18fc18fc18000f00c0001efc18fc1820d2
  526.171 1e10000000091200010000000000000001000000000000000086dd
  526.171 1e10000000090260
  526.232 1e1000140003060000000000008c5f
  526.232 1e1000140003c263
  526.279 1e040000001673ab
  526.341 1e042c00e600e200bb00d20087008600fc0000ffff000000320000000000000000000001e000000000000000180021303b
  526.464 1e04001e00061261
  526.464 1e040c000000000000000000000000cabf
  526.511 0617afc8000cafdc00050a0020000000000000000f827f
  526.681 0f1707300008071c000810e944e14317909aeab7d1ebd931694dcfe2b9
  526.820 0f1004a6000d1a00440001000000000000000000000000000000004a2000000000045c
  527.115 0217a7f8000fa80c00070e004000000028003c000affff00001b6e
  527.162 02171e0017fc18fc1800360028fc18fc18fc18fc18fc18000f00c0001efc18fc1820d2
  527.241 0f1004a6000d1a00440001000000000000000000000000000000004a2000000000045c
  527.365 0f10085f00050a0000000000000000000032c2
  528.160 0217a7f8000fa80c00070e004000000028003c000affff00001b6e
  528.223 02171e0017fc18fc1800360028fc18fc18fc18fc18fc18000f00c0001efc18fc1820d2
  528.301 1e10000000091200010000000000000001000000000000000086dd
  528.301 1e10000000090260
  528.378 1e1000140003060000000000008c5f
  528.378 1e1000140003c263
  528.409 1e040000001673ab
  528.471 1e042c00e600e200bb00d20087008600fc0000ffff000000320000000000000000000001e000000000000000180021303b
  528.564 1e04001e00061261
  528.594 1e040c000000000000000000000000cabf
  528.672 0f1004a6000d1a00440001000000000000000000000000000000004a2000000000045c
  529.247 0217a7f8000fa80c00070e004000000028003c000affff00001b6e
  529.309 02171e0017fc18fc1800360028fc18fc18fc18fc18fc18000f00c0001efc18fc1820d2
  529.356 0a17b3b00003b3c4000306000f001400007052
  529.495 0f1004a6000d1a00440001000000000000000000000000000000004a2000000000045c
  529.617 0f10085f00050a0000000000000000000032c2
  530.300 0217a7f8000fa80c00070e004000000028003c000affff00001b6e
  530.347 02171e0017fc18fc1800360028fc18fc18fc18fc18fc18000f00c0001efc18fc1820d2
  530.441 1e10000000091200010000000000000001000000000000000086dd
  530.441 1e10000000090260
  530.503 1e1000140003060000000000008c5f
  530.503 1e1000140003c263
  530.534 1e040000001673ab
  530.612 1e042c00e600e200bb00d20087008600fc0000ffff000000320000000000000000000001e000000000000000180021303b
  530.689 1e04001e00061261
  530.720 1e040c000000000000000000000000cabf
  530.783 0617afc8000cafdc00050a0020000000000000000f827f
  530.941 0f1707300008071c00081064d4ef7a983dd21c426f2cb404321f3de9bd
  531.079 0f1004a6000d1a00440001000000000000000000000000000000004a2000000000045c
  531.373 0217a7f8000fa80c00070e004000000028003c000affff00001b6e
  531.434 02171e0017fc18fc1800360028fc18fc18fc18fc18fc18000f00c0001efc18fc1820d2
  531.496 0f1004a6000d1a00440001000000000000000000000000000000004a2000000000045c
  531.620 0f10085f00050a0000000000000000000032c2
  532.425 0217a7f8000fa80c00070e004000000028003c000affff00001b6e
  532.472 02171e0017fc18fc1800360028fc18fc18fc18fc18fc18000f00c0001efc18fc1820d2
  532.565 1e10000000091200010000000000000001000000000000000086dd
  532.565 1e10000000090260
  532.628 1e1000140003060000000000008c5f
  532.628 1e1000140003c263
  532.676 1e040000001673ab
  532.739 1e042c00e600e200bb00d20087008600fc0000ffff000000320000000000000000000001e000000000000000180021303b
  532.817 1e04001e00061261
  532.848 1e040c000000000000000000000000cabf
  532.926 0f1004a6000d1a00440001000000000000000000000000000000004a2000000000045c
  533.514 0217a7f8000fa80c00070e004000000028003c000affff00001b6e
  533.560 02171e0017fc18fc1800360028fc18fc18fc18fc18fc18000f00c0001efc18fc1820d2
  533.622 0a17b3b00003b3c4000306000f001400007052
  533.763 0f1004a6000d1a00440001000000000000000000000000000000004a2000000000045c
  533.888 0f10085f00050a0000000000000000000032c2
  534.556 0217a7f8000fa80c00070e004000000028003c000affff00001b6e
  534.603 02171e0017fc18fc1800360028fc18fc18fc18fc18fc18000f00c0001efc18fc1820d2
  534.698 1e10000000091200010000000000000001000000000000000086dd
  534.698 1e10000000090260
  534.760 1e1000140003060000000000008c5f
  534.760 1e1000140003c263
  534.790 1e040000001673ab
  534.868 1e042c00e600e200bb00cf0086008600ff0000ffff000000320000000000000000000001e000000000000000180021f4ab
  534.945 1e04001e00061261
  534.975 1e040c000000000000000000000000cabf
  535.037 0617afc8000cafdc00050a0020000000000000000f827f
  535.193 0f1707300008071c0008107b03e34b4c9464dd3cd9762f261a75c14000
  535.349 0f1004a6000d1a00440001000000000000000000000000000000004a2000000000045c
  535.630 0217a7f8000fa80c00070e004000000028003c000affff00001b6e
  535.692 02171e0017fc18fc1800360028fc18fc18fc18fc18fc18000f00c0001efc18fc1820d2
  535.769 0f1004a6000d1a00440001000000000000000000000000000000004a2000000000045c
  535.894 0f10085f00050a0000000000000000000032c2
  536.684 0217a7f8000fa80c00070e004000000028003c000affff00001b6e
  536.746 02171e0017fc18fc1800360028fc18fc18fc18fc18fc18000f00c0001efc18fc1820d2
  536.823 1e10000000091200010000000000000001000000000000000086dd
  536.823 1e10000000090260
  536.885 1e1000140003060000000000008c5f
  536.885 1e1000140003c263
  536.931 1e040000001673ab
  536.994 1e042c00e600e200bb00cf0086008600ff0000ffff000000320000000000000000000001e000000000000000180021f4ab
  537.086 1e04001e00061261
  537.117 1e040c000000000000000000000000cabf
  537.178 0f1004a6000d1a00440001000000000000000000000000000000004a2000000000045c
  537.767 0217a7f8000fa80c00070e004000000028003c000affff00001b6e
  537.829 02171e0017fc18fc1800360028fc18fc18fc18fc18fc18000f00c0001efc18fc1820d2
  537.876 0a17b3b00003b3c4000306000f001400007052
  538.015 0f1004a6000d1a00440001000000000000000000000000000000004a2000000000045c
  538.140 0f10085f00050a0000000000000000000032c2
  538.824 0217a7f8000fa80c00070e004000000008003c000affff000082af
  538.871 02171e0017fc18fc1800360028fc18fc18fc18fc18fc18000f00c0001efc18fc1820d2
  538.963 1e10000000091200010000000000000001000000000000000086dd
  538.963 1e10000000090260
  539.023 1e1000140003060000000000008c5f
  539.023 1e1000140003c263
  539.069 1e040000001673ab
  539.131 1e042c00e600e200bb00cf0086008600ff0000ffff000000320000000000000000000001e000000000000000180021f4ab
  539.242 1e04001e00061261
  539.242 1e040c000000000000000000000000cabf
  539.304 0617afc8000cafdc00050a0000000000000000000f1bbe
  539.462 0f1707300008071c000810ae27782ff3409322f3676b624a1698461866
  539.618 0f1004a6000d1a00440001000000000000000000000000000000004a2000000000045c
  539.915 0217a7f8000fa80c00070e004000000008003c000affff000082af
  539.962 02171e0017fc18fc1800360028fc18fc18fc18fc18fc18000f00c0001efc18fc1820d2
  540.039 0f1004a6000d1a00440001000000000000000000000000000000004a2000000000045c
  540.163 0f10085f00050a0000000000000000000032c2
  540.956 0217a7f8000fa80c00070e004000000008003c000affff000082af
  541.003 02171e0017fc18fc1800360028fc18fc18fc18fc18fc18000f00c0001efc18fc1820d2
  541.096 1e10000000091200010000000000000001000000000000000086dd
  541.096 1e10000000090260
  541.158 1e1000140003060000000000008c5f
  541.158 1e1000140003c263
  541.189 1e040000001673ab
  541.268 1e042c00e600e200bb00cf0086008600ff0000ffff000000320000000000000000000001e000000000000000180021f4ab
  541.346 1e04001e00061261
  541.377 1e040c000000000000000000000000cabf
  541.440 0f1004a6000d1a00440001000000000000000000000000000000004a2000000000045c
  542.032 0217a7f8000fa80c00070e004000000008003c000affff000082af
  542.079 02171e0017fc18fc1800360028fc18fc18fc18fc18fc18000f00c0001efc18fc1820d2
  542.142 0a17b3b00003b3c4000306000f001400007052
  542.282 0f1004a6000d1a00440001000000000000000000000000000000004a2000000000045c
  542.406 0f10085f00050a0000000000000000000032c2
  543.075 0217a7f8000fa80c00070e004000000008003c000affff000082af
  543.137 02171e0017fc18fc1800360028fc18fc18fc18fc18fc18000f00c0001efc18fc1820d2
  543.216 1e10000000091200010000000000000001000000000000000086dd
  543.216 1e10000000090260
  543.278 1e1000140003060000000000008c5f
  543.278 1e1000140003c263
  543.326 1e040000001673ab
  543.387 1e042c00e600e200bb00cf0086008600ff0000ffff000000320000000000000000000001e000000000000000180021f4ab
  543.511 1e04001e00061261
  543.511 1e040c000000000000000000000000cabf
  543.558 0617afc8000cafdc00050a0000000000000000000f1bbe
  543.728 0f1707300008071c000810760b26a44071caa242d6c81bf08ef4b1fd00
  543.868 0f1004a6000d1a00440001000000000000000000000000000000004a2000000000045c
  544.163 0217a7f8000fa80c00070e004000000008003c000affff000082af
  544.224 02171e0017fc18fc1800360028fc18fc18fc18fc18fc18000f00c0001efc18fc1820d2
  544.286 0f1004a6000d1a00440001000000000000000000000000000000004a2000000000045c
  544.411 0f10085f00050a0000000000000000000032c2
  545.204 0217a7f8000fa80c00070e004000000008003c000affff000082af
  545.268 02171e0017fc18fc1800360028fc18fc18fc18fc18fc18000f00c0001efc18fc1820d2
  545.344 1e10000000091200010000000000000001000000000000000086dd
  545.344 1e10000000090260
  545.392 1e1000140003060000000000008c5f
  545.516 1e040000001673ab
  545.579 1e042c00e600e200bb00cf0086008500fc0000ffff000000320000000000000000000001e000000000000000180021f0aa
  545.657 1e04001e00061261
  545.688 1e040c000000000000000000000000cabf
  545.766 0f1004a6000d1a00440001000000000000000000000000000000004a2000000000045c
  546.250 0217a7f8000fa80c00070e004000000008003c000affff000082af
  546.312 02171e0017fc18fc1800360028fc18fc18fc18fc18fc18000f00c0001efc18fc1820d2
  546.358 0a17b3b00003b3c4000306000f001400007052
  546.498 0f1004a6000d1a00440001000000000000000000000000000000004a2000000000045c
  546.620 0f10085f00050a0000000000000000000032c2
  547.305 0217a7f8000fa80c00070e004000000008003c000affff000082af
  547.352 02171e0017fc18fc1800360028fc18fc18fc18fc18fc18000f00c0001efc18fc1820d2
  547.446 1e10000000091200010000000000000001000000000000000086dd
  547.446 1e10000000090260
  547.509 1e1000140003060000000000008c5f
  547.509 1e1000140003c263
  547.555 1e040000001673ab
  547.617 1e042c00e600e200bb00cf0086008500fc0000ffff000000320000000000000000000001e000000000000000180021f0aa
  547.695 1e04001e00061261
  547.726 1e040c000000000000000000000000cabf
  547.789 0617afc8000cafdc00050a0000000000000000000f1bbe
  547.944 0f1707300008071c000810db12f8c6ed8521b92fbb6b277bc9294ac37a
  548.098 0f1004a6000d1a00440001000000000000000000000000000000004a2000000000045c
  548.392 0217a7f8000fa80c00070e004000000008003c000affff000082af
  548.439 02171e0017fc18fc1800360028fc18fc18fc18fc18fc18000f00c0001efc18fc1820d2
  548.515 0f1004a6000d1a00440001000000000000000000000000000000004a2000000000045c
  548.640 0f10085f00050a0000000000000000000032c2
  549.436 0217a7f8000fa80c00070e004000000008003c000affff000082af
  549.498 02171e0017fc18fc1800360028fc18fc18fc18fc18fc18000f00c0001efc18fc1820d2
  549.575 1e10000000091200010000000000000001000000000000000086dd
  549.575 1e10000000090260
  549.638 1e1000140003060000000000008c5f
  549.638 1e1000140003c263
  549.686 1e040000001673ab
  549.748 1e042c00e600e200bb00cf0086008500fc0000ffff000000320000000000000000000001e000000000000000180021f0aa
  549.826 1e04001e00061261
  549.857 1e040c000000000000000000000000cabf
  549.937 0f1004a6000d1a00440001000000000000000000000000000000004a2000000000045c
  550.510 0217a7f8000fa80c00070e004000000008003c000affff000082af
  550.571 02171e0017fc18fc1800360028fc18fc18fc18fc18fc18000f00c0001efc18fc1820d2
  550.633 0a17b3b00003b3c4000306000f001400007052
  550.774 0f1004a6000d1a00440001000000000000000000000000000000004a2000000000045c
  550.897 0f10085f00050a0000000000000000000032c2
  551.561 0217a7f8000fa80c00070e004000000008003c000affff000082af
  551.622 02171e0017fc18fc1800360028fc18fc18fc18fc18fc18000f00c0001efc18fc1820d2
  551.700 1e10000000091200010000000000000001000000000000000086dd
  551.700 1e10000000090260
  551.764 1e1000140003060000000000008c5f
  551.764 1e1000140003c263
  551.810 1e040000001673ab
  551.874 1e042c00e600e200bb00cf0086008500fc0000ffff000000320000000000000000000001e000000000000000180021f0aa
  551.998 1e04001e00061261
  551.998 1e040c000000000000000000000000cabf
  552.044 0617afc8000cafdc00050a0000000000000000000f1bbe
  552.216 0f1707300008071c000810ef81a9cb511d31ec84c81ee089170c21bcd3
  552.356 0f1004a6000d1a00440001000000000000000000000000000000004a2000000000045c
  552.653 0217a7f8000fa80c00070e004000000008003c000affff000082af
  552.699 02171e0017fc18fc1800360028fc18fc18fc18fc18fc18000f00c0001efc18fc1820d2
  552.778 0f1004a6000d1a00440001000000000000000000000000000000004a2000000000045c
  552.902 0f10085f00050a0000000000000000000032c2
  553.697 0217a7f8000fa80c00070e004000000008003c000affff000082af
  553.744 02171e0017fc18fc1800360028fc18fc18fc18fc18fc18000f00c0001efc18fc1820d2
  553.836 1e10000000091200010000000000000001000000000000000086dd
  553.836 1e10000000090260
  553.899 1e1000140003060000000000008c5f
  553.899 1e1000140003c263
  553.946 1e040000001673ab
  554.008 1e042c00e600e200bb00cf0086008500fc0000ffff000000320000000000000000000001e000000000000000180021f0aa
  554.132 1e04001e00061261
  554.132 1e040c000000000000000000000000cabf
  554.195 0f1004a6000d1a00440001000000000000000000000000000000004a2000000000045c
  554.785 0217a7f8000fa80c00070e004000000008003c000affff000082af
  554.832 02171e0017fc18fc1800360028fc18fc18fc18fc18fc18000f00c0001efc18fc1820d2
  554.893 0a17b3b00003b3c4000306000f001400007052
  555.033 0f1004a6000d1a00440001000000000000000000000000000000004a2000000000045c
  555.157 0f10085f00050a0000000000000000000032c2
  555.829 0217a7f8000fa80c00070e004000000008003c000affff000082af
  555.876 02171e0017fc18fc1800360028fc18fc18fc18fc18fc18000f00c0001efc18fc1820d2
  555.970 1e10000000091200010000000000000001000000000000000086dd
  555.970 1e10000000090260
  556.032 1e1000140003060000000000008c5f
  556.032 1e1000140003c263
  556.063 1e040000001673ab
  556.141 1e042c00e600e200bb00cf0086008500fc0000ffff000000320000000000000000000001e000000000000000180021f0aa
  556.219 1e04001e00061261
  556.249 1e040c000000000000000000000000cabf
  556.311 0617afc8000cafdc00050a0000000000000000000f1bbe
  556.466 0f1707300008071c000810828abe8216d23f82d19f6bbd25ee8d7dc665
  556.620 0f1004a6000d1a00440001000000000000000000000000000000004a2000000000045c
  556.916 0217a7f8000fa80c00070e004000000008003c000affff000082af
  556.963 02171e0017fc18fc1800360028fc18fc18fc18fc18fc18000f00c0001efc18fc1820d2
  557.025 0f1004a6000d1a00440001000000000000000000000000000000004a2000000000045c
  557.149 0f10085f00050a0000000000000000000032c2
  557.955 0217a7f8000fa80c00070e004000000008003c000affff000082af
  558.003 02171e0017fc18fc1800360028fc18fc18fc18fc18fc18000f00c0001efc18fc1820d2
  558.096 1e10000000091200010000000000000001000000000000000086dd
  558.096 1e10000000090260
  558.158 1e1000140003060000000000008c5f
  558.158 1e1000140003c263
  558.206 1e040000001673ab
  558.268 1e042c00e600e200bb00cf0086008500fc0000ffff000000320000000000000000000001e000000000000000180021f0aa
  558.360 1e04001e00061261
  558.390 1e040c000000000000000000000000cabf
  558.453 0f1004a6000d1a00440001000000000000000000000000000000004a2000000000045c
  559.043 0217a7f8000fa80c00070e004000000008003c000affff000082af
  559.106 02171e0017fc18fc1800360028fc18fc18fc18fc18fc18000f00c0001efc18fc1820d2
  559.153 0a17b3b00003b3c4000306000f001400007052
  559.294 0f1004a6000d1a00440001000000000000000000000000000000004a2000000000045c
  559.418 0f10085f00050a0000000000000000000032c2
  560.090 0217a7f8000fa80c00070e004000000008003c000affff000082af
  560.152 02171e0017fc18fc1800360028fc18fc18fc18fc18fc18000f00c0001efc18fc1820d2
  560.228 1e10000000091200010000000000000001000000000000000086dd
  560.228 1e10000000090260
  560.291 1e1000140003060000000000008c5f
  560.291 1e1000140003c263
  560.337 1e040000001673ab
  560.400 1e042c00e600e200bb00cf0086008500fc0000ffff000000320000000000000000000001e000000000000000180021f0aa
  560.525 1e04001e00061261
  560.525 1e040c000000000000000000000000cabf
  560.571 0617afc8000cafdc00050a0000000000000000000f1bbe
  560.742 0f1707300008071c000810409fac9145ef53a65861adf67d09710102e9
  560.881 0f1004a6000d1a00440001000000000000000000000000000000004a2000000000045c
  561.179 0217a7f8000fa80c00070e004000000008003c000affff000082af
  561.225 02171e0017fc18fc1800360028fc18fc18fc18fc18fc18000f00c0001efc18fc1820d2
  561.302 0f1004a6000d1a00440001000000000000000000000000000000004a2000000000045c
  561.426 0f10085f00050a0000000000000000000032c2
  562.222 0217a7f8000fa80c00070e004000000008003c000affff000082af
  562.285 02171e0017fc18fc1800360028fc18fc18fc18fc18fc18000f00c0001efc18fc1820d2
  562.363 1e10000000091200010000000000000001000000000000000086dd
  562.363 1e10000000090260
  562.425 1e1000140003060000000000008c5f
  562.425 1e1000140003c263
  562.472 1e040000001673ab
  562.533 1e042c00e600e200bb00cf0086008500fc0000ffff000000320000000000000000000001e000000000000000180021f0aa
  562.658 1e04001e00061261
  562.658 1e040c000000000000000000000000cabf
  562.721 0f1004a6000d1a00440001000000000000000000000000000000004a2000000000045c
  563.301 0217a7f8000fa80c00070e004000000008003c000affff000082af
  563.364 02171e0017fc18fc1800360028fc18fc18fc18fc18fc18000f00c0001efc18fc1820d2
  563.410 0a17b3b00003b3c4000306000f001400007052
  563.553 0f1004a6000d1a00440001000000000000000000000000000000004a2000000000045c
  563.679 0f10085f00050a0000000000000000000032c2
  564.350 0217a7f8000fa80c00070e004000000008003c000affff000082af
  564.413 02171e0017fc18fc1800360028fc18fc18fc18fc18fc18000f00c0001efc18fc1820d2
  564.490 1e10000000091200010000000000000001000000000000000086dd
  564.490 1e10000000090260
  564.552 1e1000140003060000000000008c5f
  564.552 1e1000140003c263
  564.598 1e040000001673ab
  564.660 1e042c00e600e200bb00cf0086008500fc0000ffff000000320000000000000000000001e000000000000000180021f0aa
  564.785 1e04001e00061261
  564.785 1e040c000000000000000000000000cabf
  564.833 0617afc8000cafdc00050a0000000000000000000f1bbe
  565.004 0f1707300008071c000810cd6294b4bd98f81ff7283ace9ed3c4a06412
  565.144 0f1004a6000d1a00440001000000000000000000000000000000004a2000000000045c
  565.438 0217a7f8000fa80c00070e004000000008003c000affff000082af
  565.500 02171e0017fc18fc1800360028fc18fc18fc18fc18fc18000f00c0001efc18fc1820d2
  565.562 0f1004a6000d1a00440001000000000000000000000000000000004a2000000000045c
  565.686 0f10085f00050a0000000000000000000032c2
  566.481 0217a7f8000fa80c00070e004000000008003c000affff000082af
  566.543 02171e0017fc18fc1800360028fc18fc18fc18fc18fc18000f00c0001efc18fc1820d2
  566.622 1e10000000091200010000000000000001000000000000000086dd
  566.622 1e10000000090260
  566.685 1e1000140003060000000000008c5f
  566.685 1e1000140003c263
  566.732 1e040000001673ab
  566.795 1e042c00e600e200bb00cf0086008500fc0000ffff000000320000000000000000000001e000000000000000180021f0aa
  566.920 1e04001e00061261
  566.920 1e040c000000000000000000000000cabf
  566.982 0f1004a6000d1a00440001000000000000000000000000000000004a2000000000045c
  567.561 0217a7f8000fa80c00070e004000000008003c000affff000082af
  567.626 02171e0017fc18fc1800360028fc18fc18fc18fc18fc18000f00c0001efc18fc1820d2
  567.672 0a17b3b00003b3c4000306000f001400007052
  567.812 0f1004a6000d1a00440001000000000000000000000000000000004a2000000000045c
  567.936 0f10085f00050a0000000000000000000032c2
  603.478 1e04001600081267
  603.509 1e041000000000000000000000000009060709e751
  603.696 0f1004ba00162c001400000000000000000019002800040007000a001e0001001e0001001e0001000100000000000000280037b494
  604.193 0217a7f8000fa80c00070e00400000000000050005ffff0000186d
  604.253 02171e0017fc18fc1800360028fc18fc18fc18fc18fc18000f00c0001efc18fc1820d2
  604.301 c803232800025e1e
  604.409 1e030000000d8660
  604.456 1e031a00000000000000000001000000000000000000000000000100021244
  604.519 0617afc8000cafdc00050a0000000000000000003c5bab
  604.688 0f1707300008071c000810e1f9f7d3cfc6c50294b9e3279938d612b69b
  604.841 0f1004ba00162c001400000000000000000019002800040007000a001e0001001e0001001e0001000100000000000000280037b494
  605.254 0217a7f8000fa80c00070e004000000008003c0005ffff0000d6ae
  605.300 02171e0017fc18fc1800360028fc18fc18fc18fc18fc18000f00c0001efc18fc1820d2
  605.346 c803232800025e1e
  605.501 0f1004ba00162c001400000000000000000019002800040007000a001e0001001e0001001e0001000100000000000000280037b494
  605.625 0f10085f00050a0000000000000000000032c2
  606.292 0217a7f8000fa80c00070e004000000008003c0005ffff0000d6ae
  606.354 02171e0017fc18fc1800360028fc18fc18fc18fc18fc18000f00c0001efc18fc1820d2
  606.385 c803232800025e1e
  606.541 1e10000000091200010000000000000001000000000000000086dd
  606.541 1e10000000090260
  606.603 1e1000140003060000000000008c5f
  606.603 1e1000140003c263
  606.649 1e04001600081267
  606.681 1e041000000000000000000000000009060709e751
  606.728 1e040000001673ab
  606.791 1e042c00000000000000000000000000000000000000000032000000000000000000000000000000000000001000212f4f
  606.900 1e04001e00061261
  606.900 1e040c000000000000000000000000cabf
  606.978 0f1004a6000d1a00440001000000000000000000000000000000004a0000000000859b
  607.334 0217a7f8000fa80c00070e004000000008003c0005ffff0000d6ae
  607.397 02171e0017fc18fc1800360028fc18fc18fc18fc18fc18000f00c0001efc18fc1820d2
  607.443 c803232800025e1e
  607.552 0a17b3b00003b3c4000306000f001400007052
  607.708 0f1004a6000d1a00440001000000000000000000000000000000004a2000000000045c
  607.832 0f10085f00050a0000000000000000000032c2
  608.422 0217a7f8000fa80c00070e004000000008003c0005ffff0000d6ae
  608.484 02171e0017fc18fc1800360028fc18fc18fc18fc18fc18000f00c0001efc18fc1820d2
  608.532 c803232800025e1e
  608.687 1e10000000091200010000000000000001000000000000000086dd
  608.687 1e10000000090260
  608.750 1e1000140003060000000000008c5f
  608.750 1e1000140003c263
  608.782 1e04001600081267
  608.813 1e041000000000000000000000000009060709e751
  608.860 1e040000001673ab
  608.921 1e042c00000000000000000000000000000000000000000032000000000000000000000000000000000000001000212f4f
  609.012 1e04001e00061261
  609.044 1e040c000000000000000000000000cabf
  609.105 0617afc8000cafdc00050a0000000000000000000f1bbe
  609.262 0f1707300008071c000810882f0fd9f78e5da4dcf102ae97484da88bcb
  609.558 0217a7f8000fa80c00070e004000000008003c0005ffff0000d6ae
  609.603 02171e0017fc18fc1800360028fc18fc18fc18fc18fc18000f00c0001efc18fc1820d2
  609.650 c803232800025e1e
  609.791 0f1004a6000d1a00440001000000000000000000000000000000004a2000000000045c
  609.914 0f10085f00050a0000000000000000000032c2
  610.521 0217a7f8000fa80c00070e004000000008003c0005ffff0000d6ae
  610.569 02171e0017fc18fc1800360028fc18fc18fc18fc18fc18000f00c0001efc18fc1820d2
  610.616 c803232800025e1e
  610.771 1e10000000091200010000000000000001000000000000000086dd
  610.771 1e10000000090260
  610.833 1e1000140003060000000000008c5f
  610.833 1e1000140003c263
  610.911 1e04001600081267
  610.911 1e041000000000000000000000000009060709e751
  610.942 1e040000001673ab
  611.019 1e042c00000000000000000000000000000000000000000032000000000000000000000000000000000000001000212f4f
  611.097 1e04001e00061261
  611.129 1e040c000000000000000000000000cabf
  611.207 0f1004a6000d1a00440001000000000000000000000000000000004a2000000000045c
  611.566 0217a7f8000fa80c00070e004000000008003c0005ffff0000d6ae
  611.613 02171e0017fc18fc1800360028fc18fc18fc18fc18fc18000f00c0001efc18fc1820d2
  611.660 c803232800025e1e
  611.784 0a17b3b00003b3c4000306000f001400007052
  611.925 0f1004a6000d1a00440001000000000000000000000000000000004a2000000000045c
  612.049 0f10085f00050a0000000000000000000032c2
  612.638 0217a7f8000fa80c00070e004000000008003c0005ffff0000d6ae
  612.700 02171e0017fc18fc1800360028fc18fc18fc18fc18fc18000f00c0001efc18fc1820d2
  612.747 c803232800025e1e
  612.902 1e10000000091200010000000000000001000000000000000086dd
  612.902 1e10000000090260
  612.964 1e1000140003060000000000008c5f
  612.964 1e1000140003c263
  613.042 1e04001600081267
  613.042 1e041000000000000000000000000009060709e751
  613.072 1e040000001673ab
  613.150 1e042c00000000000000000000000000000000000000000032000000000000000000000000000000000000001000212f4f
  613.230 1e04001e00061261
  613.261 1e040c000000000000000000000000cabf
  613.324 0617afc8000cafdc00050a0000000000000000000f1bbe
  613.477 0f1707300008071c0008106e624d30a51065bff8ce918a87f58cdf06e8
  613.777 0217a7f8000fa80c00070e004000000008003c0005ffff0000d6ae
  613.823 02171e0017fc18fc1800360028fc18fc18fc18fc18fc18000f00c0001efc18fc1820d2
  613.871 c803232800025e1e
  614.013 0f1004a6000d1a00440001000000000000000000000000000000004a2000000000045c
  614.140 0f10085f00050a0000000000000000000032c2
  614.729 0217a7f8000fa80c00070e004000000008003c000affff000082af
  614.791 02171e0017fc18fc1800360028fc18fc18fc18fc18fc18000f00c0001efc18fc1820d2
  614.838 c803232800025e1e
  614.976 1e10000000091200010000000000000001000000000000000086dd
  614.976 1e10000000090260
  615.056 1e1000140003060000000000008c5f
  615.056 1e1000140003c263
  615.087 1e04001600081267
  615.134 1e041000000000000000000000000009060709e751
  615.165 1e040000001673ab
  615.243 1e042c00000000000000000000000000000000000000000032000000000000000000000000000000000000001000212f4f
  615.352 1e04001e00061261
  615.352 1e040c000000000000000000000000cabf
  615.430 0f1004a6000d1a00440001000000000000000000000000000000004a2000000000045c
  615.787 0217a7f8000fa80c00070e004000000008003c000affff000082af
  615.833 02171e0017fc18fc1800360028fc18fc18fc18fc18fc18000f00c0001efc18fc1820d2
  615.879 c803232800025e1e
  616.002 0a17b3b00003b3c4000306000f001400007052
  616.140 0f1004a6000d1a00440001000000000000000000000000000000004a2000000000045c
  616.264 0f10085f00050a0000000000000000000032c2
  616.867 0217a7f8000fa80c00070e004000000008003c000affff000082af
  616.929 02171e0017fc18fc1800360028fc18fc18fc18fc18fc18000f00c0001efc18fc1820d2
  616.961 c803232800025e1e
  617.117 1e10000000091200010000000000000001000000000000000086dd
  617.117 1e10000000090260
  617.195 1e1000140003060000000000008c5f
  617.195 1e1000140003c263
  617.225 1e04001600081267
  617.256 1e041000000000000000000000000009060709e751
  617.303 1e040000001673ab
  617.368 1e042c00000000000000000000000000000000000000000032000000000000000000000000000000000000001000212f4f
  617.475 1e04001e00061261
  617.475 1e040c000000000000000000000000cabf
  617.539 0617afc8000cafdc00050a0000000000000000000f1bbe
  617.695 0f1707300008071c000810273301c0fe813f5ec1882ea6d316b59fcb0a
  617.989 0217a7f8000fa80c00070e004000000008003c000affff000082af
  618.052 02171e0017fc18fc1800360028fc18fc18fc18fc18fc18000f00c0001efc18fc1820d2
  618.084 c803232800025e1e
  618.239 0f1004a6000d1a00440001000000000000000000000000000000004a2000000000045c
  618.361 0f10085f00050a0000000000000000000032c2
  618.966 0217a7f8000fa80c00070e004000000008003c000affff000082af
  619.013 02171e0017fc18fc1800360028fc18fc18fc18fc18fc18000f00c0001efc18fc1820d2
  619.060 c803232800025e1e
  619.215 1e10000000091200010000000000000001000000000000000086dd
  619.215 1e10000000090260
  619.279 1e1000140003060000000000008c5f
  619.279 1e1000140003c263
  619.325 1e04001600081267
  619.356 1e041000000000000000000000000009060709e751
  619.388 1e040000001673ab
  619.467 1e042c00000000000000000000000000000000000000000032000000000000000000000000000000000000001000212f4f
  619.543 1e04001e00061261
  619.574 1e040c000000000000000000000000cabf
  619.652 0f1004a6000d1a00440001000000000000000000000000000000004a2000000000045c
  620.004 0217a7f8000fa80c00070e004000000008003c000affff000082af
  620.066 02171e0017fc18fc1800360028fc18fc18fc18fc18fc18000f00c0001efc18fc1820d2
  620.097 c803232800025e1e
  620.220 0a17b3b00003b3c4000306000f001400007052
  620.361 0f1004a6000d1a00440001000000000000000000000000000000004a2000000000045c
  620.486 0f10085f00050a0000000000000000000032c2
  621.087 0217a7f8000fa80c00070e004000000008003c000affff000082af
  621.149 02171e0017fc18fc1800360028fc18fc18fc18fc18fc18000f00c0001efc18fc1820d2
  621.195 c803232800025e1e
  621.351 1e10000000091200010000000000000001000000000000000086dd
  621.351 1e10000000090260
  621.413 1e1000140003060000000000008c5f
  621.413 1e1000140003c263
  621.460 1e04001600081267
  621.491 1e041000000000000000000000000009060709e751
  621.523 1e040000001673ab
  621.601 1e042c00000000000000000000000000000000000000000032000000000000000000000000000000000000001000212f4f
  621.677 1e04001e00061261
  621.708 1e040c000000000000000000000000cabf
  621.769 0617afc8000cafdc00050a0000000000000000000f1bbe
  621.940 0f1707300008071c0008104c6efc55a0be022c58a42755d49084f3d689
  622.233 0217a7f8000fa80c00070e004000000008003c000affff000082af
  622.279 02171e0017fc18fc1800360028fc18fc18fc18fc18fc18000f00c0001efc18fc1820d2
  622.325 c803232800025e1e
  622.463 0f1004a6000d1a00440001000000000000000000000000000000004a2000000000045c
  622.588 0f10085f00050a0000000000000000000032c2
  623.186 0217a7f8000fa80c00070e004000000008003c000affff000082af
  623.248 02171e0017fc18fc1800360028fc18fc18fc18fc18fc18000f00c0001efc18fc1820d2
  623.279 c803232800025e1e
  623.436 1e10000000091200010000000000000001000000000000000086dd
  623.436 1e10000000090260
  623.499 1e1000140003060000000000008c5f
  623.499 1e1000140003c263
  623.547 1e04001600081267
  623.578 1e041000000000000000000000000009060709e751
  623.624 1e040000001673ab
  623.687 1e042c0000000000000000000000000000000000000000003200000000000000000000000000000000000000180021ae8d
  623.797 1e04001e00061261
  623.797 1e040c000000000000000000000000cabf
  623.875 0f1004a6000d1a00440001000000000000000000000000000000004a2000000000045c
  624.238 0217a7f8000fa80c00070e004000000008003c000affff000082af
  624.284 02171e0017fc18fc1800360028fc18fc18fc18fc18fc18000f00c0001efc18fc1820d2
  624.331 c803232800025e1e
  624.455 0a17b3b00003b3c4000306000f001400007052
  624.594 0f1004a6000d1a00440001000000000000000000000000000000004a2000000000045c
  624.721 0f10085f00050a0000000000000000000032c2
  625.312 0217a7f8000fa80c00070e004000000008003c000affff000082af
  625.374 02171e0017fc18fc1800360028fc18fc18fc18fc18fc18000f00c0001efc18fc1820d2
  625.452 1e10000000091200010000000000000001000000000000000086dd
  625.452 1e10000000090260
  625.513 1e1000140003060000000000008c5f
  625.513 1e1000140003c263
  625.559 1e04001600081267
  625.591 1e04100000000003e80065000000000906070909a4
  625.638 1e040000001673ab
  625.698 1e042c00e600e200bb00cf0086008500fc0000ffff000000320000000000000000000001e000000000000000180021f0aa
  625.822 1e04001e00061261
  625.822 1e040c000000000000000000000000cabf
  625.869 0617afc8000cafdc00050a0000000000000000000f1bbe
  626.040 0f1707300008071c000810b7f1c85c85903f0903ffb5faf5c12f15c417
  626.179 0f1004a6000d1a00440001000000000000000000000000000000004a2000000000045c
  626.476 0217a7f8000fa80c00070e004000000008003c000affff000082af
  626.523 02171e0017fc18fc1800360028fc18fc18fc18fc18fc18000f00c0001efc18fc1820d2
  626.601 0f1004a6000d1a00440001000000000000000000000000000000004a2000000000045c
  626.725 0f10085f00050a0000000000000000000032c2
  627.441 0217a7f8000fa80c00070e004000000008003c000affff000082af
  627.505 02171e0017fc18fc1800360028fc18fc18fc18fc18fc18000f00c0001efc18fc1820d2
  627.583 1e10000000091200010000000000000001000000000000000086dd
  627.583 1e10000000090260
  627.644 1e1000140003060000000000008c5f
  627.644 1e1000140003c263
  627.691 1e04001600081267
  627.722 1e04100000000003e80065000000000906070909a4
  627.768 1e040000001673ab
  627.829 1e042c00e600e200bb00cf0086008500fc0000ffff000000320000000000000000000001e000000000000000180021f0aa
  627.956 1e04001e00061261
  627.956 1e040c000000000000000000000000cabf
  628.017 0f1004a6000d1a00440001000000000000000000000000000000004a2000000000045c
  628.486 0217a7f8000fa80c00070e004000000008003c000affff000082af
  628.548 02171e0017fc18fc1800360028fc18fc18fc18fc18fc18000f00c0001efc18fc1820d2
  628.594 0a17b3b00003b3c4000306000f001400007052
  628.733 0f1004a6000d1a00440001000000000000000000000000000000004a2000000000045c
  628.857 0f10085f00050a0000000000000000000032c2
  629.535 0217a7f8000fa80c00070e004000000008003c000affff000082af
  629.581 02171e0017fc18fc1800360028fc18fc18fc18fc18fc18000f00c0001efc18fc1820d2
  629.674 1e10000000091200010000000000000001000000000000000086dd
  629.674 1e10000000090260
  629.736 1e1000140003060000000000008c5f
  629.736 1e1000140003c263
  629.768 1e04001600081267
  629.814 1e04100000000003e80065000000000906070909a4
  629.845 1e040000001673ab
  629.922 1e042c00e600e200bb00cf0086008500fc0000ffff000000320000000000000000000001e000000000000000180021f0aa
  630.000 1e04001e00061261
  630.030 1e040c000000000000000000000000cabf
  630.092 0617afc8000cafdc00050a0000000000000000000f1bbe
  630.247 0f1707300008071c000810aec6d0e6995f66b6e537be68a866083b3ab2
  630.402 0f1004a6000d1a00440001000000000000000000000000000000004a2000000000045c
  630.681 0217a7f8000fa80c00070e004000000008003c000affff000082af
  630.742 02171e0017fc18fc1800360028fc18fc18fc18fc18fc18000f00c0001efc18fc1820d2
  630.819 0f1004a6000d1a00440001000000000000000000000000000000004a2000000000045c
  630.944 0f10085f00050a0000000000000000000032c2
  631.661 0217a7f8000fa80c00070e004000000008003c000affff000082af
  631.723 02171e0017fc18fc1800360028fc18fc18fc18fc18fc18000f00c0001efc18fc1820d2
  631.802 1e10000000091200010000000000000001000000000000000086dd
  631.802 1e10000000090260
  631.864 1e1000140003060000000000008c5f
  631.864 1e1000140003c263
  631.910 1e04001600081267
  631.941 1e04100000000003e80065000000000906070909a4
  631.987 1e040000001673ab
  632.049 1e042c00e600e200bb00cf0086008500fc0000ffff000000320000000000000000000001e000000000000000180021f0aa
  632.128 1e04001e00061261
  632.159 1e040c000000000000000000000000cabf
  632.238 0f1004a6000d1a00440001000000000000000000000000000000004a2000000000045c
  632.707 0217a7f8000fa80c00070e004000000008003c000affff000082af
  632.755 02171e0017fc18fc1800360028fc18fc18fc18fc18fc18000f00c0001efc18fc1820d2
  632.818 0a17b3b00003b3c4000306000f001400007052
  632.959 0f1004a6000d1a00440001000000000000000000000000000000004a2000000000045c
  633.083 0f10085f00050a0000000000000000000032c2
  633.751 0217a7f8000fa80c00070e004000000008003c000affff000082af
  633.815 02171e0017fc18fc1800360028fc18fc18fc18fc18fc18000f00c0001efc18fc1820d2
  633.893 1e10000000091200010000000000000001000000000000000086dd
  633.893 1e10000000090260
  633.956 1e1000140003060000000000008c5f
  633.956 1e1000140003c263
  634.033 1e04001600081267
  634.033 1e04100000000003e80065000000000906070909a4
  634.065 1e040000001673ab
  634.143 1e042c00e600e200bb00cf0086008500fc0000ffff000000320000000000000000000001e000000000000000180021f0aa
  634.221 1e04001e00061261
  634.252 1e040c000000000000000000000000cabf
  634.313 0617afc8000cafdc00050a0000000000000000000f1bbe
  634.470 0f1707300008071c0008104a111b51634075f306d7edfdf39a0dc466f7
  634.624 0f1004a6000d1a00440001000000000000000000000000000000004a2000000000045c
  634.907 0217a7f8000fa80c00070e004000000008003c000affff000082af
  634.968 02171e0017fc18fc1800360028fc18fc18fc18fc18fc18000f00c0001efc18fc1820d2
  635.032 0f1004a6000d1a00440001000000000000000000000000000000004a2000000000045c
  635.155 0f10085f00050a0000000000000000000032c2
  635.876 0217a7f8000fa80c00070e004000000008003c000affff000082af
  635.938 02171e0017fc18fc1800360028fc18fc18fc18fc18fc18000f00c0001efc18fc1820d2
  636.015 1e10000000091200010000000000000001000000000000000086dd
  636.015 1e10000000090260
  636.092 1e1000140003060000000000008c5f
  636.092 1e1000140003c263
  636.124 1e04001600081267
  636.171 1e04100000000003e80065000000000906070909a4
  636.202 1e040000001673ab
  636.279 1e042c00e700e200bb00d20086008500ff0000ffff000000320000000000000000000001e000000000000000180021dabb
  636.358 1e04001e00061261
  636.389 1e040c000000000000000000000000cabf
  636.467 0f1004a6000d1a00440001000000000000000000000000000000004a2000000000045c
  636.935 0217a7f8000fa80c00070e004000000008003c000affff000082af
  636.982 02171e0017fc18fc1800360028fc18fc18fc18fc18fc18000f00c0001efc18fc1820d2
  637.030 0a17b3b00003b3c4000306000f001400007052
  637.184 0f1004a6000d1a00440001000000000000000000000000000000004a2000000000045c
  637.295 0f10085f00050a0000000000000000000032c2
  637.976 0217a7f8000fa80c00070e004000000008003c000affff000082af
  638.038 02171e0017fc18fc1800360028fc18fc18fc18fc18fc18000f00c0001efc18fc1820d2
  638.117 1e10000000091200010000000000000001000000000000000086dd
  638.117 1e10000000090260
  638.179 1e1000140003060000000000008c5f
  638.179 1e1000140003c263
  638.226 1e04001600081267
  638.258 1e04100000000003e80065000000000906070909a4
  638.305 1e040000001673ab
  638.367 1e042c00e700e200bb00d20086008500ff0000ffff000000320000000000000000000001e000000000000000180021dabb
  638.492 1e04001e00061261
  638.492 1e040c000000000000000000000000cabf
  638.539 0617afc8000cafdc00050a0000000000000000000f1bbe
  638.711 0f1707300008071c000810112ea9c9f03d9c7dc38cc328653afb2127c7
  638.848 0f1004a6000d1a00440001000000000000000000000000000000004a2000000000045c
  639.144 0217a7f8000fa80c00070e004000000008003c000affff000082af
  639.190 02171e0017fc18fc1800360028fc18fc18fc18fc18fc18000f00c0001efc18fc1820d2
  639.268 0f1004a6000d1a00440001000000000000000000000000000000004a2000000000045c
  639.392 0f10085f00050a0000000000000000000032c2
  640.104 0217a7f8000fa80c00070e004000000008003c000affff000082af
  640.167 02171e0017fc18fc1800360028fc18fc18fc18fc18fc18000f00c0001efc18fc1820d2
  640.246 1e10000000091200010000000000000001000000000000000086dd
  640.246 1e10000000090260
  640.324 1e1000140003060000000000008c5f
  640.324 1e1000140003c263
  640.356 1e04001600081267
  640.387 1e04100000000003e80065000000000906070909a4
  640.435 1e040000001673ab
  640.498 1e042c00e700e200bb00d20086008500ff0000ffff000000320000000000000000000001e000000000000000180021dabb
  640.622 1e04001e00061261
  640.622 1e040c000000000000000000000000cabf
  640.685 0f1004a6000d1a00440001000000000000000000000000000000004a2000000000045c
  641.155 0217a7f8000fa80c00070e004000000008003c000affff000082af
  641.217 02171e0017fc18fc1800360028fc18fc18fc18fc18fc18000f00c0001efc18fc1820d2
  641.264 0a17b3b00003b3c4000306000f001400007052
  641.405 0f1004a6000d1a00440001000000000000000000000000000000004a2000000000045c
  641.529 0f10085f00050a0000000000000000000032c2
  642.201 0217a7f8000fa80c00070e004000000008003c000affff000082af
  642.248 02171e0017fc18fc1800360028fc18fc18fc18fc18fc18000f00c0001efc18fc1820d2
  642.342 1e10000000091200010000000000000001000000000000000086dd
  642.342 1e10000000090260
  642.405 1e1000140003060000000000008c5f
  642.405 1e1000140003c263
  642.436 1e04001600081267
  642.482 1e04100000000003e80065000000000906070909a4
  642.514 1e040000001673ab
  642.590 1e042c00e700e200bb00d20086008500ff0000ffff000000320000000000000000000001e000000000000000180021dabb
  642.667 1e04001e00061261
  642.698 1e040c000000000000000000000000cabf
  642.758 0617afc8000cafdc00050a0000000000000000000f1bbe
  642.928 0f1707300008071c000810278bb12c5c39894fe77192df032a03982f3c
  643.068 0f1004a6000d1a00440001000000000000000000000000000000004a2000000000045c
  643.363 0217a7f8000fa80c00070e004000000008003c000affff000082af
  643.410 02171e0017fc18fc1800360028fc18fc18fc18fc18fc18000f00c0001efc18fc1820d2
  643.486 0f1004a6000d1a00440001000000000000000000000000000000004a2000000000045c
  643.609 0f10085f00050a0000000000000000000032c2
  644.325 0217a7f8000fa80c00070e004000000008003c000affff000082af
  644.387 02171e0017fc18fc1800360028fc18fc18fc18fc18fc18000f00c0001efc18fc1820d2
  644.464 1e10000000091200010000000000000001000000000000000086dd
  644.464 1e10000000090260
  644.541 1e1000140003060000000000008c5f
  644.541 1e1000140003c263
  644.572 1e04001600081267
  644.603 1e04100000000003e80065000000000906070909a4
  644.649 1e040000001673ab
  644.711 1e042c00e700e200bb00d20086008500ff0000ffff000000320000000000000000000001e000000000000000180021dabb
  644.837 1e04001e00061261
  644.837 1e040c000000000000000000000000cabf
  644.898 0f1004a6000d1a00440001000000000000000000000000000000004a2000000000045c
  645.369 0217a7f8000fa80c00070e004000000008003c000affff000082af
  645.431 02171e0017fc18fc1800360028fc18fc18fc18fc18fc18000f00c0001efc18fc1820d2
  645.477 0a17b3b00003b3c4000306000f001400007052
  645.618 0f1004a6000d1a00440001000000000000000000000000000000004a2000000000045c
  645.757 0f10085f00050a0000000000000000000032c2
  646.427 0217a7f8000fa80c00070e004000000008003c000affff000082af
  646.474 02171e0017fc18fc1800360028fc18fc18fc18fc18fc18000f00c0001efc18fc1820d2
  646.568 1e10000000091200010000000000000001000000000000000086dd
  646.568 1e10000000090260
  646.630 1e1000140003060000000000008c5f
  646.630 1e1000140003c263
  646.677 1e04001600081267
  646.707 1e04100000000003e80065000000000906070909a4
  646.755 1e040000001673ab
  646.818 1e042c00e700e200bb00cf0086008500fc0000ffff000000320000000000000000000001e00000000000000018002132eb
  646.895 1e04001e00061261
  646.927 1e040c000000000000000000000000cabf
  646.989 0617afc8000cafdc00050a0000000000000000000f1bbe
  647.145 0f1707300008071c000810b90d1339cec788d7d90ab9a4d8ea2cfd8a42
  647.288 0f1004a6000d1a00440001000000000000000000000000000000004a2000000000045c
  647.582 0217a7f8000fa80c00070e004000000008003c000affff000082af
  647.644 02171e0017fc18fc1800360028fc18fc18fc18fc18fc18000f00c0001efc18fc1820d2
  647.706 0f1004a6000d1a00440001000000000000000000000000000000004a2000000000045c
  647.829 0f10085f00050a0000000000000000000032c2
  648.566 0217a7f8000fa80c00070e004000000008003c000affff000082af
  648.611 02171e0017fc18fc1800360028fc18fc18fc18fc18fc18000f00c0001efc18fc1820d2
  648.702 1e10000000091200010000000000000001000000000000000086dd
  648.702 1e10000000090260
  648.762 1e1000140003060000000000008c5f
  648.762 1e1000140003c263
  648.793 1e04001600081267
  648.839 1e04100000000003e80065000000000906070909a4
  648.870 1e040000001673ab
  648.949 1e042c00e700e200bb00cf0086008500fc0000ffff000000320000000000000000000001e00000000000000018002132eb
  649.027 1e04001e00061261
  649.059 1e040c000000000000000000000000cabf
  649.136 0f1004a6000d1a00440001000000000000000000000000000000004a2000000000045c
  649.603 0217a7f8000fa80c00070e004000000008003c000affff000082af
  649.666 02171e0017fc18fc1800360028fc18fc18fc18fc18fc18000f00c0001efc18fc1820d2
  649.712 0a17b3b00003b3c4000306000f001400007052
  649.852 0f1004a6000d1a00440001000000000000000000000000000000004a2000000000045c
  649.976 0f10085f00050a0000000000000000000032c2
  650.659 0217a7f8000fa80c00070e004000000008003c000affff000082af
  650.704 02171e0017fc18fc1800360028fc18fc18fc18fc18fc18000f00c0001efc18fc1820d2
  650.799 1e10000000091200010000000000000001000000000000000086dd
  650.799 1e10000000090260
  650.861 1e1000140003060000000000008c5f
  650.861 1e1000140003c263
  650.892 1e04001600081267
  650.923 1e04100000000003e80065000000000906070909a4
  650.969 1e040000001673ab
  651.032 1e042c00e700e200bb00cf0086008500fc0000ffff000000320000000000000000000001e00000000000000018002132eb
  651.127 1e04001e00061261
  651.158 1e040c000000000000000000000000cabf
  651.204 0617afc8000cafdc00050a0000000000000000000f1bbe
  651.375 0f1707300008071c000810ad8ff95b9cfb0a081008286f5617ce000cf6
  651.514 0f1004a6000d1a00440001000000000000000000000000000000004a2000000000045c
  651.814 0217a7f8000fa80c00070e004000000008003c000affff000082af
  651.860 02171e0017fc18fc1800360028fc18fc18fc18fc18fc18000f00c0001efc18fc1820d2
  651.939 0f1004a6000d1a00440001000000000000000000000000000000004a2000000000045c
  652.063 0f10085f00050a0000000000000000000032c2
  652.781 0217a7f8000fa80c00070e004000000008003c000affff000082af
  652.842 02171e0017fc18fc1800360028fc18fc18fc18fc18fc18000f00c0001efc18fc1820d2
  652.920 1e10000000091200010000000000000001000000000000000086dd
  652.920 1e10000000090260
  652.983 1e1000140003060000000000008c5f
  652.983 1e1000140003c263
  653.060 1e04001600081267
  653.060 1e04100000000003e80065000000000906070909a4
  653.091 1e040000001673ab
  653.168 1e042c00e700e200bb00cf0086008500fc0000ffff000000320000000000000000000001e00000000000000018002132eb
  653.246 1e04001e00061261
  653.278 1e040c000000000000000000000000cabf
  653.355 0f1004a6000d1a00440001000000000000000000000000000000004a2000000000045c
  653.852 0217a7f8000fa80c00070e004000000008003c000affff000082af
  653.913 02171e0017fc18fc1800360028fc18fc18fc18fc18fc18000f00c0001efc18fc1820d2
  653.960 0a17b3b00003b3c4000306000f001400007052
  654.115 0f1004a6000d1a00440001000000000000000000000000000000004a2000000000045c
  654.225 0f10085f00050a0000000000000000000032c2
  654.898 0217a7f8000fa80c00070e004000000008003c000affff000082af
  654.944 02171e0017fc18fc1800360028fc18fc18fc18fc18fc18000f00c0001efc18fc1820d2
  655.037 1e10000000091200010000000000000001000000000000000086dd
  655.037 1e10000000090260
  655.099 1e1000140003060000000000008c5f
  655.099 1e1000140003c263
  655.145 1e04001600081267
  655.177 1e04100000000003e80065000000000906070909a4
  655.224 1e040000001673ab
  655.285 1e042c00e700e200bb00cf0086008500fc0000ffff000000320000000000000000000001e00000000000000018002132eb
  655.409 1e04001e00061261
  655.409 1e040c000000000000000000000000cabf
  655.456 0617afc8000cafdc00050a0000000000000000000f1bbe
  655.628 0f1707300008071c0008104d3a3d2756d649f89529c5926f074e28c968
  655.768 0f1004a6000d1a00440001000000000000000000000000000000004a2000000000045c
  656.092 0217a7f8000fa80c00070e004000000008003c000affff000082af
  656.138 02171e0017fc18fc1800360028fc18fc18fc18fc18fc18000f00c0001efc18fc1820d2
  656.216 0f1004a6000d1a00440001000000000000000000000000000000004a2000000000045c
  656.340 0f10085f00050a0000000000000000000032c2
  657.045 0217a7f8000fa80c00070e004000000008003c000affff000082af
  657.093 02171e0017fc18fc1800360028fc18fc18fc18fc18fc18000f00c0001efc18fc1820d2
  657.170 1e10000000091200010000000000000001000000000000000086dd
  657.170 1e10000000090260
  657.249 1e1000140003060000000000008c5f
  657.249 1e1000140003c263
  657.280 1e04001600081267
  657.311 1e04100967057903e80065077003e90906070922e1
  657.358 1e040000001673ab
  657.422 1e042c00e700e200bb00cf0086008500fc0000ffff000000320000000000000000000001e00000000000000018002132eb
  657.548 1e04001e00061261
  657.548 1e040c000000000000000000000000cabf
  657.611 0f1004a6000d1a00440001000000000000000000000000000000004a2000000000045c
  658.082 0217a7f8000fa80c00070e004000000008003c000affff000082af
  658.144 02171e0017fc18fc1800360028fc18fc18fc18fc18fc18000f00c0001efc18fc1820d2
  658.206 0a17b3b00003b3c4000306000f001400007052
  658.344 0f1004a6000d1a00440001000000000000000000000000000000004a2000000000045c
  658.468 0f10085f00050a0000000000000000000032c2
  659.137 0217a7f8000fa80c00070e004000000008003c000affff000082af
  659.183 02171e0017fc18fc1800360028fc18fc18fc18fc18fc18000f00c0001efc18fc1820d2
  659.276 1e10000000091200010000000000000001000000000000000086dd
  659.276 1e10000000090260
  659.339 1e1000140003060000000000008c5f
  659.339 1e1000140003c263
  659.386 1e040000001673ab
  659.450 1e042c00e700e200bb00cf0086008500fc0000ffff000000320000000000000000000001e00000000000000018002132eb
  659.573 1e04001e00061261
  659.573 1e040c000000000000000000000000cabf
  659.620 0617afc8000cafdc00050a0000000000000000000f1bbe
  659.791 0f1707300008071c000810b4fe3b2e29f4d2ed7b24f14db902295aa402
  659.931 0f1004a6000d1a00440001000000000000000000000000000000004a2000000000045c
  660.242 0217a7f8000fa80c00070e004000000008003c000affff000082af
  660.304 02171e0017fc18fc1800360028fc18fc18fc18fc18fc18000f00c0001efc18fc1820d2
  660.381 0f1004a6000d1a00440001000000000000000000000000000000004a2000000000045c
  660.505 0f10085f00050a0000000000000000000032c2
  661.251 0217a7f8000fa80c00070e004000000008003c000affff000082af
  661.312 02171e0017fc18fc1800360028fc18fc18fc18fc18fc18000f00c0001efc18fc1820d2
  661.389 1e10000000091200010000000000000001000000000000000086dd
  661.389 1e10000000090260
  661.451 1e1000140003060000000000008c5f
  661.451 1e1000140003c263
  661.497 1e040000001673ab
  661.560 1e042c00e700e200bb00cf0086008500fc0000ffff000000320000000000000000000001e00000000000000018002132eb
  661.639 1e04001e00061261
  661.669 1e040c000000000000000000000000cabf
  661.746 0f1004a6000d1a00440001000000000000000000000000000000004a2000000000045c
  662.288 0217a7f8000fa80c00070e004000000008003c000affff000082af
  662.351 02171e0017fc18fc1800360028fc18fc18fc18fc18fc18000f00c0001efc18fc1820d2
  662.398 0a17b3b00003b3c4000306000f001400007052
  662.552 0f1004a6000d1a00440001000000000000000000000000000000004a2000000000045c
  662.675 0f10085f00050a0000000000000000000032c2
  663.351 0217a7f8000fa80c00070e004000000008003c000affff000082af
  663.398 02171e0017fc18fc1800360028fc18fc18fc18fc18fc18000f00c0001efc18fc1820d2
  663.490 1e10000000091200010000000000000001000000000000000086dd
  663.490 1e10000000090260
  663.552 1e1000140003060000000000008c5f
  663.552 1e1000140003c263
  663.598 1e040000001673ab
  663.660 1e042c00e700e200bb00cf0086008500fc0000ffff000000320000000000000000000001e00000000000000018002132eb
  663.783 1e04001e00061261
  663.783 1e040c000000000000000000000000cabf
  663.830 0617afc8000cafdc00050a0000000000000000000f1bbe
  663.999 0f1707300008071c0008108d82c08a86042995518f14e35d153070f776
  664.138 0f1004a6000d1a00440001000000000000000000000000000000004a2000000000045c
  664.463 0217a7f8000fa80c00070e004000000008003c000affff000082af
  664.509 02171e0017fc18fc1800360028fc18fc18fc18fc18fc18000f00c0001efc18fc1820d2
  664.587 0f1004a6000d1a00440001000000000000000000000000000000004a2000000000045c
  664.712 0f10085f00050a0000000000000000000032c2
  665.460 0217a7f8000fa80c00070e004000000008003c000affff000082af
  665.507 02171e0017fc18fc1800360028fc18fc18fc18fc18fc18000f00c0001efc18fc1820d2
  665.602 1e10000000091200010000000000000001000000000000000086dd
  665.602 1e10000000090260
  665.666 1e1000140003060000000000008c5f
  665.666 1e1000140003c263
  665.698 1e040000001673ab
  665.774 1e042c00e700e200bb00cf0086008500fc0000ffff000000320000000000000000000001e00000000000000018002132eb
  665.851 1e04001e00061261
  665.882 1e040c000000000000000000000000cabf
  665.961 0f1004a6000d1a00440001000000000000000000000000000000004a2000000000045c
  666.504 0217a7f8000fa80c00070e004000000008003c000affff000082af
  666.566 02171e0017fc18fc1800360028fc18fc18fc18fc18fc18000f00c0001efc18fc1820d2
  666.612 0a17b3b00003b3c4000306000f001400007052
  666.765 0f1004a6000d1a00440001000000000000000000000000000000004a2000000000045c
  666.874 0f10085f00050a0000000000000000000032c2
  667.561 0217a7f8000fa80c00070e004000000028003c000affff00001b6e
  667.609 02171e0017fc18fc1800360028fc18fc18fc18fc18fc18000f00c0001efc18fc1820d2
  667.687 1e10000000091200010000000000000001000000000000000086dd
  667.687 1e10000000090260
  667.764 1e1000140003060000000000008c5f
  667.764 1e1000140003c263
  667.796 1e040000001673ab
  667.873 1e042c00e700e200bb00cf0086008500fc0000ffff000000320000000000000000000001e00000000000000018002132eb
  667.950 1e04001e00061261
  667.981 1e040c000000000000000000000000cabf
  668.043 0617afc8000cafdc00050a0020000000000000000f827f
  668.200 0f1707300008071c000810b0b8a8ee265a248a142c81f05ae0111757b5
  668.342 0f1004a6000d1a00440001000000000000000000000000000000004a2000000000045c
  668.667 0217a7f8000fa80c00070e004000000028003c000affff00001b6e
  668.731 02171e0017fc18fc1800360028fc18fc18fc18fc18fc18000f00c0001efc18fc1820d2
  668.794 0f1004a6000d1a00440001000000000000000000000000000000004a2000000000045c
  668.916 0f10085f00050a0000000000000000000032c2
  669.664 0217a7f8000fa80c00070e004000000028003c000affff00001b6e
  669.727 02171e0017fc18fc1800360028fc18fc18fc18fc18fc18000f00c0001efc18fc1820d2
  669.804 1e10000000091200010000000000000001000000000000000086dd
  669.804 1e10000000090260
  669.881 1e1000140003060000000000008c5f
  669.881 1e1000140003c263
  669.913 1e040000001673ab
  669.976 1e042c00e700e200bb00cf0086008500ff0000ffff000000320000000000000000000001e00000000000000018002182ea
  670.069 1e04001e00061261
  670.100 1e040c000000000000000000000000cabf
  670.162 0f1004a6000d1a00440001000000000000000000000000000000004a2000000000045c
  670.721 0217a7f8000fa80c00070e004000000028003c000affff00001b6e
  670.769 02171e0017fc18fc1800360028fc18fc18fc18fc18fc18000f00c0001efc18fc1820d2
  670.831 0a17b3b00003b3c4000306000f001400007052
  670.970 0f1004a6000d1a00440001000000000000000000000000000000004a2000000000045c
  671.096 0f10085f00050a0000000000000000000032c2
  671.771 0217a7f8000fa80c00070e004000000028003c000affff00001b6e
  671.818 02171e0017fc18fc1800360028fc18fc18fc18fc18fc18000f00c0001efc18fc1820d2
  671.911 1e10000000091200010000000000000001000000000000000086dd
  671.911 1e10000000090260
  671.973 1e1000140003060000000000008c5f
  671.973 1e1000140003c263
  672.019 1e040000001673ab
  672.082 1e042c00e700e200bb00cf0086008500ff0000ffff000000320000000000000000000001e00000000000000018002182ea
  672.161 1e04001e00061261
  672.193 1e040c000000000000000000000000cabf
  672.255 0617afc8000cafdc00050a0020000000000000000f827f
  672.411 0f1707300008071c0008101cf7676db8bd6c7c447d1f55efa1bb93c60f
  672.567 0f1004a6000d1a00440001000000000000000000000000000000004a2000000000045c
  672.878 0217a7f8000fa80c00070e004000000028003c000affff00001b6e
  672.939 02171e0017fc18fc1800360028fc18fc18fc18fc18fc18000f00c0001efc18fc1820d2
  673.015 0f1004a6000d1a00440001000000000000000000000000000000004a2000000000045c
  673.139 0f10085f00050a0000000000000000000032c2
  673.889 0217a7f8000fa80c00070e004000000028003c000affff00001b6e
  673.936 02171e0017fc18fc1800360028fc18fc18fc18fc18fc18000f00c0001efc18fc1820d2
  674.014 1e10000000091200010000000000000001000000000000000086dd
  674.014 1e10000000090260
  674.092 1e1000140003060000000000008c5f
  674.092 1e1000140003c263
  674.124 1e040000001673ab
  674.202 1e042c00e700e200bb00cf0086008500ff0000ffff000000320000000000000000000001e00000000000000018002182ea
  674.281 1e04001e00061261
  674.312 1e040c000000000000000000000000cabf
  674.390 0f1004a6000d1a00440001000000000000000000000000000000004a2000000000045c
  674.934 0217a7f8000fa80c00070e004000000028003c000affff00001b6e
  674.980 02171e0017fc18fc1800360028fc18fc18fc18fc18fc18000f00c0001efc18fc1820d2
  675.042 0a17b3b00003b3c4000306000f001400007052
  675.183 0f1004a6000d1a00440001000000000000000000000000000000004a2000000000045c
  675.308 0f10085f00050a0000000000000000000032c2
  675.980 0217a7f8000fa80c00070e004000000028003c000affff00001b6e
  676.026 02171e0017fc18fc1800360028fc18fc18fc18fc18fc18000f00c0001efc18fc1820d2
  676.104 1e10000000091200010000000000000001000000000000000086dd
  676.104 1e10000000090260
  676.181 1e1000140003060000000000008c5f
  676.181 1e1000140003c263
  676.213 1e040000001673ab
  676.290 1e042c00e700e200bb00cf0086008500ff0000ffff000000320000000000000000000001e00000000000000018002182ea
  676.368 1e04001e00061261
  676.400 1e040c000000000000000000000000cabf
  676.463 0617afc8000cafdc00050a0020000000000000000f827f
  676.617 0f1707300008071c000810e6642ccad756a32e4daebd25d6e86fc6196b
  676.770 0f1004a6000d1a00440001000000000000000000000000000000004a2000000000045c
  677.095 0217a7f8000fa80c00070e004000000028003c000affff00001b6e
  677.142 02171e0017fc18fc1800360028fc18fc18fc18fc18fc18000f00c0001efc18fc1820d2
  677.219 0f1004a6000d1a00440001000000000000000000000000000000004a2000000000045c
  677.342 0f10085f00050a0000000000000000000032c2
  678.083 0217a7f8000fa80c00070e004000000028003c000affff00001b6e
  678.145 02171e0017fc18fc1800360028fc18fc18fc18fc18fc18000f00c0001efc18fc1820d2
  678.223 1e10000000091200010000000000000001000000000000000086dd
  678.223 1e10000000090260
  678.300 1e1000140003060000000000008c5f
  678.300 1e1000140003c263
  678.331 1e040000001673ab
  678.409 1e042c00e700e200bb00cf0086008500ff0000ffff000000320000000000000000000001e00000000000000018002182ea
  678.485 1e04001e00061261
  678.515 1e040c000000000000000000000000cabf
  678.594 0f1004a6000d1a00440001000000000000000000000000000000004a2000000000045c
  679.138 0217a7f8000fa80c00070e004000000028003c000affff00001b6e
  679.185 02171e0017fc18fc1800360028fc18fc18fc18fc18fc18000f00c0001efc18fc1820d2
  679.248 0a17b3b00003b3c4000306000f001400007052
  679.389 0f1004a6000d1a00440001000000000000000000000000000000004a2000000000045c
  679.513 0f10085f00050a0000000000000000000032c2
  680.180 0217a7f8000fa80c00070e004000000028003c000affff00001b6e
  680.240 02171e0017fc18fc1800360028fc18fc18fc18fc18fc18000f00c0001efc18fc1820d2
  680.317 1e10000000091200010000000000000001000000000000000086dd
  680.317 1e10000000090260
  680.394 1e1000140003060000000000008c5f
  680.394 1e1000140003c263
  680.424 1e040000001673ab
  680.486 1e042c00e600e200bb00cf0086008500fc0000ffff000000320000000000000000000001e000000000000000180021f0aa
  680.578 1e04001e00061261
  680.609 1e040c000000000000000000000000cabf
  680.670 0617afc8000cafdc00050a0020000000000000000f827f
  680.825 0f1707300008071c0008107a78596a784f50721d965d1dc26a5073579c
  680.966 0f1004a6000d1a00440001000000000000000000000000000000004a2000000000045c
  681.292 0217a7f8000fa80c00070e004000000028003c000affff00001b6e
  681.339 02171e0017fc18fc1800360028fc18fc18fc18fc18fc18000f00c0001efc18fc1820d2
  681.419 0f1004a6000d1a00440001000000000000000000000000000000004a2000000000045c
  681.542 0f10085f00050a0000000000000000000032c2
  682.300 0217a7f8000fa80c00070e004000000028003c000affff00001b6e
  682.347 02171e0017fc18fc1800360028fc18fc18fc18fc18fc18000f00c0001efc18fc1820d2
  682.439 1e10000000091200010000000000000001000000000000000086dd
  682.439 1e10000000090260
  682.500 1e1000140003060000000000008c5f
  682.500 1e1000140003c263
  682.547 1e040000001673ab
  682.608 1e042c00e600e200bb00cf0086008500fc0000ffff000000320000000000000000000001e000000000000000180021f0aa
  682.731 1e04001e00061261
  682.731 1e040c000000000000000000000000cabf
  682.794 0f1004a6000d1a00440001000000000000000000000000000000004a2000000000045c
  683.346 0217a7f8000fa80c00070e004000000028003c000affff00001b6e
  683.393 02171e0017fc18fc1800360028fc18fc18fc18fc18fc18000f00c0001efc18fc1820d2
  683.455 0a17b3b00003b3c4000306000f001400007052
  683.593 0f1004a6000d1a00440001000000000000000000000000000000004a2000000000045c
  683.716 0f10085f00050a0000000000000000000032c2
  684.383 0217a7f8000fa80c00070e004000000008003c000affff000082af
  684.445 02171e0017fc18fc1800360028fc18fc18fc18fc18fc18000f00c0001efc18fc1820d2
  684.522 1e10000000091200010000000000000001000000000000000086dd
  684.522 1e10000000090260
  684.599 1e1000140003060000000000008c5f
  684.599 1e1000140003c263
  684.630 1e040000001673ab
  684.693 1e042c00e600e200bb00cf0086008500fc0000ffff000000320000000000000000000001e000000000000000180021f0aa
  684.786 1e04001e00061261
  684.818 1e040c000000000000000000000000cabf
  684.865 0617afc8000cafdc00050a0000000000000000000f1bbe
  685.036 0f1707300008071c0008109ee217119c74fe128887cbd81c5623068caf
  685.176 0f1004a6000d1a00440001000000000000000000000000000000004a2000000000045c
  685.501 0217a7f8000fa80c00070e004000000008003c000affff000082af
  685.547 02171e0017fc18fc1800360028fc18fc18fc18fc18fc18000f00c0001efc18fc1820d2
  685.625 0f1004a6000d1a00440001000000000000000000000000000000004a2000000000045c
  685.749 0f10085f00050a0000000000000000000032c2
  686.491 0217a7f8000fa80c00070e004000000008003c000affff000082af
  686.554 02171e0017fc18fc1800360028fc18fc18fc18fc18fc18000f00c0001efc18fc1820d2
  686.632 1e10000000091200010000000000000001000000000000000086dd
  686.632 1e10000000090260
  686.694 1e1000140003060000000000008c5f
  686.694 1e1000140003c263
  686.741 1e040000001673ab
  686.803 1e042c00e600e200bb00cf0086008500fc0000ffff000000320000000000000000000001e000000000000000180021f0aa
  686.911 1e04001e00061261
  686.911 1e040c000000000000000000000000cabf
  686.989 0f1004a6000d1a00440001000000000000000000000000000000004a2000000000045c
  687.537 0217a7f8000fa80c00070e004000000008003c000affff000082af
  687.600 02171e0017fc18fc1800360028fc18fc18fc18fc18fc18000f00c0001efc18fc1820d2
  687.646 0a17b3b00003b3c4000306000f001400007052
  687.785 0f1004a6000d1a00440001000000000000000000000000000000004a2000000000045c
  687.910 0f10085f00050a0000000000000000000032c2
  688.595 0217a7f8000fa80c00070e004000000008003c000affff000082af
  688.642 02171e0017fc18fc1800360028fc18fc18fc18fc18fc18000f00c0001efc18fc1820d2
  688.733 1e10000000091200010000000000000001000000000000000086dd
  688.733 1e10000000090260
  688.796 1e1000140003060000000000008c5f
  688.796 1e1000140003c263
  688.828 1e040000001673ab
  688.905 1e042c00e600e200bb00cf0086008500fc0000ffff000000320000000000000000000001e000000000000000180021f0aa
  688.983 1e04001e00061261
  689.014 1e040c000000000000000000000000cabf
  689.077 0617afc8000cafdc00050a0000000000000000000f1bbe
  689.246 0f1707300008071c00081078dd639114117125a63e65a03e2c0b8b1cba
  689.853 0217a7f8000fa80c00070e004000000008003c000affff000082af
  689.900 02171e0017fc18fc1800360028fc18fc18fc18fc18fc18000f00c0001efc18fc1820d2
  690.118 0f1004a6000d1a00440001000000000000000000000000000000004a2000000000045c
  690.242 0f10085f00050a0000000000000000000032c2
  690.853 0217a7f8000fa80c00070e004000000008003c000affff000082af
  690.915 02171e0017fc18fc1800360028fc18fc18fc18fc18fc18000f00c0001efc18fc1820d2
  691.103 1e10000000091200010000000000000001000000000000000086dd
  691.103 1e10000000090260
  691.309 1e1000140003060000000000008c5f
  691.309 1e1000140003c263
  691.340 1e040000001673ab
  691.419 1e042c00e600e200bb00cf0086008500fc0000ffff000000320000000000000000000001e000000000000000180021f0aa
  691.496 1e04001e00061261
  691.527 1e040c000000000000000000000000cabf
  691.775 0217a7f8000fa80c00070e004000000008003c000affff000082af
  691.821 02171e0017fc18fc1800360028fc18fc18fc18fc18fc18000f00c0001efc18fc1820d2
  691.884 0a17b3b00003b3c4000306000f001400007052
  692.024 0f1004a6000d1a00440001000000000000000000000000000000004a2000000000045c
  692.148 0f10085f00050a0000000000000000000032c2
  692.801 0217a7f8000fa80c00070e004000000008003c000affff000082af
  692.865 02171e0017fc18fc1800360028fc18fc18fc18fc18fc18000f00c0001efc18fc1820d2
  692.941 1e10000000091200010000000000000001000000000000000086dd
  692.941 1e10000000090260
  693.018 1e1000140003060000000000008c5f
  693.018 1e1000140003c263
  693.048 1e040000001673ab
  693.125 1e042c00e600e200bb00cf0086008500fc0000ffff000000320000000000000000000001e000000000000000180021f0aa
  693.202 1e04001e00061261
  693.232 1e040c000000000000000000000000cabf
  693.294 0617afc8000cafdc00050a0000000000000000000f1bbe
  693.464 0f1707300008071c00081092f36e7b261e5bfd4439834aade8f8025a9c
  693.603 0f1004a6000d1a00440001000000000000000000000000000000004a2000000000045c
  693.913 0217a7f8000fa80c00070e004000000008003c000affff000082af
  693.976 02171e0017fc18fc1800360028fc18fc18fc18fc18fc18000f00c0001efc18fc1820d2
  694.037 0f1004a6000d1a00440001000000000000000000000000000000004a2000000000045c
  694.160 0f10085f00050a0000000000000000000032c2
  694.903 0217a7f8000fa80c00070e004000000008003c000affff000082af
  694.965 02171e0017fc18fc1800360028fc18fc18fc18fc18fc18000f00c0001efc18fc1820d2
  695.042 1e10000000091200010000000000000001000000000000000086dd
  695.042 1e10000000090260
  695.121 1e1000140003060000000000008c5f
  695.121 1e1000140003c263
  695.151 1e040000001673ab
  695.227 1e042c00e600e200bb00cf0086008500fc0000ffff000000320000000000000000000001e000000000000000180021f0aa
  695.304 1e04001e00061261
  695.334 1e040c000000000000000000000000cabf
  695.412 0f1004a6000d1a00440001000000000000000000000000000000004a2000000000045c
  695.954 0217a7f8000fa80c00070e004000000008003c000affff000082af
  696.000 02171e0017fc18fc1800360028fc18fc18fc18fc18fc18000f00c0001efc18fc1820d2
  696.062 0a17b3b00003b3c4000306000f001400007052
  696.201 0f1004a6000d1a00440001000000000000000000000000000000004a2000000000045c
  696.325 0f10085f00050a0000000000000000000032c2
  697.009 0217a7f8000fa80c00070e004000000008003c000affff000082af
  697.056 02171e0017fc18fc1800360028fc18fc18fc18fc18fc18000f00c0001efc18fc1820d2
  697.133 1e10000000091200010000000000000001000000000000000086dd
  697.133 1e10000000090260
  697.212 1e1000140003060000000000008c5f
  697.212 1e1000140003c263
  697.243 1e040000001673ab
  697.305 1e042c00e600e200bb00cf0086008500fc0000ffff000000320000000000000000000001e000000000000000180021f0aa
  697.399 1e04001e00061261
  697.431 1e040c000000000000000000000000cabf
  697.477 0617afc8000cafdc00050a0000000000000000000f1bbe
  697.649 0f1707300008071c0008103ef7c8edb51c02fec1757508eacfa2e6f126
  697.789 0f1004a6000d1a00440001000000000000000000000000000000004a2000000000045c
  698.240 0217a7f8000fa80c00070e004000000008003c000affff000082af
  698.301 02171e0017fc18fc1800360028fc18fc18fc18fc18fc18000f00c0001efc18fc1820d2
  698.348 0f10085f00050a0000000000000000000032c2
  699.087 0217a7f8000fa80c00070e004000000008003c000affff000082af
  699.150 02171e0017fc18fc1800360028fc18fc18fc18fc18fc18000f00c0001efc18fc1820d2
  699.228 1e10000000091200010000000000000001000000000000000086dd
  699.228 1e10000000090260
  699.305 1e1000140003060000000000008c5f
  699.305 1e1000140003c263
  699.336 1e040000001673ab
  699.413 1e042c00e600e200bb00cf0086008500fc0000ffff000000320000000000000000000001e000000000000000180021f0aa
  699.489 1e04001e00061261
  699.520 1e040c000000000000000000000000cabf
  700.139 0217a7f8000fa80c00070e004000000008003c000affff000082af
  700.201 02171e0017fc18fc1800360028fc18fc18fc18fc18fc18000f00c0001efc18fc1820d2
  700.247 0a17b3b00003b3c4000306000f001400007052
  700.372 0f10085f00050a0000000000000000000032c2
  701.190 0217a7f8000fa80c00070e004000000008003c000affff000082af
  701.237 02171e0017fc18fc1800360028fc18fc18fc18fc18fc18000f00c0001efc18fc1820d2
  701.329 1e10000000091200010000000000000001000000000000000086dd
  701.329 1e10000000090260
  701.391 1e1000140003060000000000008c5f
  701.391 1e1000140003c263
  701.438 1e040000001673ab
  701.500 1e042c00e700e200bb00cf0086008500ff0000ffff000000320000000000000000000001e00000000000000018002182ea
  701.592 1e04001e00061261
  701.623 1e040c000000000000000000000000cabf
  701.684 0617afc8000cafdc00050a0000000000000000000f1bbe
  701.839 0f1707300008071c000810946cecbaf90cdaae5f621bd6a9e31c732df0
  702.243 0217a7f8000fa80c00070e004000000008003c000affff000082af
  702.289 02171e0017fc18fc1800360028fc18fc18fc18fc18fc18000f00c0001efc18fc1820d2
  702.457 0f10085f00050a0000000000000000000032c2
  703.294 0217a7f8000fa80c00070e004000000008003c000affff000082af
  703.340 02171e0017fc18fc1800360028fc18fc18fc18fc18fc18000f00c0001efc18fc1820d2
  703.419 1e10000000091200010000000000000001000000000000000086dd
  703.419 1e10000000090260
  703.496 1e1000140003060000000000008c5f
  703.496 1e1000140003c263
  703.527 1e040000001673ab
  703.604 1e042c00e700e200bb00cf0086008500ff0000ffff000000320000000000000000000001e00000000000000018002182ea
  703.681 1e04001e00061261
  703.712 1e040c000000000000000000000000cabf
  704.421 0217a7f8000fa80c00070e004000000008003c000affff000082af
  704.467 02171e0017fc18fc1800360028fc18fc18fc18fc18fc18000f00c0001efc18fc1820d2
  704.529 0a17b3b00003b3c4000306000f001400007052
  704.654 0f10085f00050a0000000000000000000032c2
  705.493 0217a7f8000fa80c00070e004000000008003c000affff000082af
  705.554 02171e0017fc18fc1800360028fc18fc18fc18fc18fc18000f00c0001efc18fc1820d2
  705.632 1e10000000091200010000000000000001000000000000000086dd
  705.632 1e10000000090260
  705.709 1e1000140003060000000000008c5f
  705.709 1e1000140003c263
  705.739 1e040000001673ab
  705.802 1e042c00e700e200bb00cf0086008500ff0000ffff000000320000000000000000000001e00000000000000018002182ea
  706.034 1e04001e00061261
  706.065 1e040c000000000000000000000000cabf
  706.127 0617afc8000cafdc00050a0000000000000000000f1bbe
  706.280 0f1707300008071c000810255af9f805b8bb777ee5072c50803811c367
  706.590 0217a7f8000fa80c00070e004000000008003c000affff000082af
  706.652 02171e0017fc18fc1800360028fc18fc18fc18fc18fc18000f00c0001efc18fc1820d2
  706.822 0f1004a6000d1a00000000000000000000000000000000000000004a2000000000ca30
  706.946 0f10085f00050a0000000000000000000032c2
  707.594 0217a7f8000fa80c00070e004000000008003c000affff000082af
  707.657 02171e0017fc18fc1800360028fc18fc18fc18fc18fc18000f00c0001efc18fc1820d2
  707.735 1e10000000091200010000000000000001000000000000000086dd
  707.735 1e10000000090260
  707.812 1e1000140003060000000000008c5f
  707.812 1e1000140003c263
  707.843 1e040000001673ab
  707.920 1e042c00e700e200bb00cf0086008500ff0000ffff000000320000000000000000000001e00000000000000018002182ea
  707.997 1e04001e00061261
  708.029 1e040c000000000000000000000000cabf
  708.106 0f1004a6000d1a00000000000000000000000000000000000000004a2000000000ca30
  708.648 0217a7f8000fa80c00070e004000000008003c000affff000082af
  708.695 02171e0017fc18fc1800360028fc18fc18fc18fc18fc18000f00c0001efc18fc1820d2
  708.756 0a17b3b00003b3c4000306000f001400007052
  709.020 0f10085f00050a0000000000000000000032c2
  709.712 0217a7f8000fa80c00070e004000000008003c000affff000082af
  709.758 02171e0017fc18fc1800360028fc18fc18fc18fc18fc18000f00c0001efc18fc1820d2
  709.849 1e10000000091200010000000000000001000000000000000086dd
  709.849 1e10000000090260
  709.911 1e1000140003060000000000008c5f
  709.911 1e1000140003c263
  709.957 1e040000001673ab
  710.018 1e042c00e700e200bb00cf0086008500ff0000ffff000000320000000000000000000001e00000000000000018002182ea
  710.141 1e04001e00061261
  710.141 1e040c000000000000000000000000cabf
  710.187 0617afc8000cafdc00050a0000000000000000000f1bbe
  710.497 0f1707300008071c000810f6632ebf14c6bc50b33f692485150ed9c82b
  710.803 0217a7f8000fa80c00070e004000000008003c000affff000082af
  710.865 02171e0017fc18fc1800360028fc18fc18fc18fc18fc18000f00c0001efc18fc1820d2
  710.911 0f10085f00050a0000000000000000000032c2
  711.814 0217a7f8000fa80c00070e004000000008003c000affff000082af
  711.860 02171e0017fc18fc1800360028fc18fc18fc18fc18fc18000f00c0001efc18fc1820d2
  711.952 1e10000000091200010000000000000001000000000000000086dd
  711.952 1e10000000090260
  712.013 1e1000140003060000000000008c5f
  712.013 1e1000140003c263
  712.060 1e040000001673ab
  712.122 1e042c00e700e200bb00cf0086008500fc0000ffff000000320000000000000000000001e00000000000000018002132eb
  712.201 1e04001e00061261
  712.232 1e040c000000000000000000000000cabf
  712.850 0217a7f8000fa80c00070e004000000008003c000affff000082af
  712.912 02171e0017fc18fc1800360028fc18fc18fc18fc18fc18000f00c0001efc18fc1820d2
  712.973 0a17b3b00003b3c4000306000f001400007052
  713.095 0f10085f00050a0000000000000000000032c2
  713.913 0217a7f8000fa80c00070e004000000008003c000affff000082af
  713.959 02171e0017fc18fc1800360028fc18fc18fc18fc18fc18000f00c0001efc18fc1820d2
  714.050 1e10000000091200010000000000000001000000000000000086dd
  714.050 1e10000000090260
  714.112 1e1000140003060000000000008c5f
  714.112 1e1000140003c263
  714.159 1e040000001673ab
  714.220 1e042c00e700e200bb00cf0086008500fc0000ffff000000320000000000000000000001e00000000000000018002132eb
  714.343 1e04001e00061261
  714.343 1e040c000000000000000000000000cabf
  714.390 0617afc8000cafdc00050a0000000000000000000f1bbe
  714.559 0f1707300008071c000810f6632ebf14c6bc50b33f692485150ed9c82b
  715.006 0217a7f8000fa80c00070e004000000008003c000affff000082af
  715.067 02171e0017fc18fc1800360028fc18fc18fc18fc18fc18000f00c0001efc18fc1820d2
  715.113 0f10085f00050a0000000000000000000032c2
  715.765 0f1004a6000d1a00440001000000000000000000000000000000004a2000000000045c
  716.231 0217a7f8000fa80c00070e004000000008003c000affff000082af
  716.277 02171e0017fc18fc1800360028fc18fc18fc18fc18fc18000f00c0001efc18fc1820d2
  716.356 1e10000000091200010000000000000001000000000000000086dd
  716.356 1e10000000090260
  716.432 1e1000140003060000000000008c5f
  716.432 1e1000140003c263
  716.587 1e040000001673ab
  716.665 1e042c00e700e200bb00cf0086008500fc0000ffff000000320000000000000000000001e00000000000000018002132eb
  716.743 1e04001e00061261
  716.775 1e040c000000000000000000000000cabf
  716.852 0f1004a6000d1a00000000000000000000000000000000000000004a2000000000ca30
  717.300 0217a7f8000fa80c00070e004000000008003c000affff000082af
  717.363 02171e0017fc18fc1800360028fc18fc18fc18fc18fc18000f00c0001efc18fc1820d2
  717.409 0a17b3b00003b3c4000306000f001400007052
  717.563 0f1004a6000d1a00440001000000000000000000000000000000004a2000000000045c
  717.688 0f10085f00050a0000000000000000000032c2
  718.383 0217a7f8000fa80c00070e004000000008003c000affff000082af
  718.430 02171e0017fc18fc1800360028fc18fc18fc18fc18fc18000f00c0001efc18fc1820d2
  718.522 1e10000000091200010000000000000001000000000000000086dd
  718.522 1e10000000090260
  718.583 1e1000140003060000000000008c5f
  718.583 1e1000140003c263
  718.753 1e040000001673ab
  718.830 1e042c00e700e200bb00cf0086008500fc0000ffff000000320000000000000000000001e00000000000000018002132eb
  718.908 1e04001e00061261
  718.939 1e040c000000000000000000000000cabf
  719.000 0617afc8000cafdc00050a0000000000000000000f1bbe
  719.156 0f1707300008071c0008104a5f9a5a064e17489a94bf028cfab779a7ae
  719.451 0217a7f8000fa80c00070e004000000008003c000affff000082af
  719.513 02171e0017fc18fc1800360028fc18fc18fc18fc18fc18000f00c0001efc18fc1820d2
  719.576 0f1004a6000d1a00440001000000000000000000000000000000004a2000000000045c
  719.701 0f10085f00050a0000000000000000000032c2
  720.495 0217a7f8000fa80c00070e004000000008003c000affff000082af
  720.541 02171e0017fc18fc1800360028fc18fc18fc18fc18fc18000f00c0001efc18fc1820d2
  720.631 1e10000000091200010000000000000001000000000000000086dd
  720.631 1e10000000090260
  720.694 1e1000140003060000000000008c5f
  720.694 1e1000140003c263
  720.740 1e040000001673ab
  720.801 1e042c00e700e200bb00cf0086008500fc0000ffff000000320000000000000000000001e00000000000000018002132eb
  720.926 1e04001e00061261
  720.926 1e040c000000000000000000000000cabf
  720.987 0f1004a6000d1a00440001000000000000000000000000000000004a2000000000045c
  721.544 0217a7f8000fa80c00070e004000000008003c000affff000082af
  721.590 02171e0017fc18fc1800360028fc18fc18fc18fc18fc18000f00c0001efc18fc1820d2
  721.651 0a17b3b00003b3c4000306000f001400007052
  721.790 0f1004a6000d1a00440001000000000000000000000000000000004a2000000000045c
  721.913 0f10085f00050a0000000000000000000032c2
  722.577 0217a7f8000fa80c00070e004000000008003c000affff000082af
  722.639 02171e0017fc18fc1800360028fc18fc18fc18fc18fc18000f00c0001efc18fc1820d2
  722.715 1e10000000091200010000000000000001000000000000000086dd
  722.715 1e10000000090260
  722.793 1e1000140003060000000000008c5f
  722.793 1e1000140003c263
  722.823 1e040000001673ab
  722.886 1e042c00e700e200bb00cf0086008500fc0000ffff000000320000000000000000000001e00000000000000018002132eb
  722.978 1e04001e00061261
  723.009 1e040c000000000000000000000000cabf
  723.070 0617afc8000cafdc00050a0000000000000000000f1bbe
  723.223 0f1707300008071c00081031fb59fc8fb1175cd89f904d06d92ea4e574
  723.286 0f1710fd636ccd0f921d83ff232a1a2413b3721c85
  723.378 0f1003e8000e1c0019001300280000000000000015001300020028001e000100140002e77e
  723.408 0f1003e8000ec093
  723.684 0217a7f8000fa80c00070e004000000008003c000affff000082af
  723.729 02171e0017fc18fc1800360028fc18fc18fc18fc18fc18000f00c0001efc18fc1820d2
  723.822 0f1003fc000b160028000a0037000000000000000200120028001e003c369e
  723.822 0f1003fc000b4094
  724.734 0217a7f8000fa80c00070e004000000008003c000affff000082af
  724.780 02171e0017fc18fc1800360028fc18fc18fc18fc18fc18000f00c0001efc18fc1820d2
  724.935 1e10000000091200010000000000000001000000000000000086dd
  724.935 1e10000000090260
  725.012 1e1000140003060000000000008c5f
  725.012 1e1000140003c263
  725.043 1e040000001673ab
  725.120 1e042c00e700e200bb00cf0086008500fc0000ffff000000320000000000000000000001e00000000000000018002132eb
  725.196 1e04001e00061261
  725.227 1e040c000000000000000000000000cabf
  725.475 0f10041000162c0028000a0037000000000000000200120028001e003c001200140027002800070001003e000d000600390000c568
  725.475 0f1004100016401c
  725.799 0217a7f8000fa80c00070e004000000008003c000affff000082af
  725.845 02171e0017fc18fc1800360028fc18fc18fc18fc18fc18000f00c0001efc18fc1820d2
  725.906 0a17b3b00003b3c4000306000f001400007052
  726.075 0f10042e000f1e0001000100000014fff6000500280000002d000000000000000000000000cc17
  726.075 0f10042e000fe01a
  726.847 0217a7f8000fa80c00070e004000000008003c000affff000082af
  726.894 02171e0017fc18fc1800360028fc18fc18fc18fc18fc18000f00c0001efc18fc1820d2
  726.971 1e10000000091200010000000000000001000000000000000086dd
  726.971 1e10000000090260
  727.049 1e1000140003060000000000008c5f
  727.049 1e1000140003c263
  727.080 1e040000001673ab
  727.141 1e042c00e700e200bb00cf0086008500fc0000ffff000000320000000000000000000001e00000000000000018002132eb
  727.234 1e04001e00061261
  727.265 1e040c000000000000000000000000cabf
  727.326 0617afc8000cafdc00050a0000000000000000000f1bbe
  727.496 0f100442000d1a000100130000001c0000fff800050028000000000000000a000a244d
  727.496 0f100442000da1c6
  727.882 0217a7f8000fa80c00070e004000000008003c000affff000082af
  727.944 02171e0017fc18fc1800360028fc18fc18fc18fc18fc18000f00c0001efc18fc1820d2
  728.006 0f100456000c18000000060014001e00000006ffffffff00000000000000010aef
  728.037 0f100456000c2002
  728.930 0217a7f8000fa80c00070e004000000008003c000affff000082af
  728.977 02171e0017fc18fc1800360028fc18fc18fc18fc18fc18000f00c0001efc18fc1820d2
  729.069 1e10000000091200010000000000000001000000000000000086dd
  729.069 1e10000000090260
  729.130 1e1000140003060000000000008c5f
  729.130 1e1000140003c263
  729.177 1e040000001673ab
  729.239 1e042c00e700e200bb00cf0086008500fc0000ffff000000320000000000000000000001e00000000000000018002132eb
  729.362 1e04001e00061261
  729.362 1e040c000000000000000000000000cabf
  729.439 0f10046a001224000000000000000000000000000000000000000000000000000000000000000000000000874b
  729.470 0f10046a00126006
  729.976 0217a7f8000fa80c00070e004000000008003c000affff000082af
  730.022 02171e0017fc18fc1800360028fc18fc18fc18fc18fc18000f00c0001efc18fc1820d2
  730.083 0a17b3b00003b3c4000306000f001400007052
  730.238 0f10047e0013260000000000000000000000000000000000000000000000000000000000000000000000000000b93d
  730.268 0f10047e0013e1c2
  731.025 0217a7f8000fa80c00070e004000000028003c000affff00001b6e
  731.071 02171e0017fc18fc1800360028fc18fc18fc18fc18fc18000f00c0001efc18fc1820d2
  731.164 1e10000000091200010000000000000001000000000000000086dd
  731.164 1e10000000090260
  731.226 1e1000140003060000000000008c5f
  731.226 1e1000140003c263
  731.272 1e040000001673ab
  731.333 1e042c00e700e200bb00cf0086008500fc0000ffff000000320000000000000000000001e00000000000000018002132eb
  731.456 1e04001e00061261
  731.456 1e040c000000000000000000000000cabf
  731.502 0617afc8000cafdc00050a0020000000000000000f827f
  731.639 0f100492000b160050003c005a000a00500050005000500032002d0005473c
  731.685 0f100492000b203d
  732.071 0217a7f8000fa80c00070e004000000028003c000affff00001b6e
  732.117 02171e0017fc18fc1800360028fc18fc18fc18fc18fc18000f00c0001efc18fc1820d2
  732.210 0f1004a6000d1a00440001000000000000000000000000000000004a2000000000045c
  732.210 0f1004a6000de1f1
  733.104 0217a7f8000fa80c00070e004000000028003c000affff00001b6e
  733.166 02171e0017fc18fc1800360028fc18fc18fc18fc18fc18000f00c0001efc18fc1820d2
  733.244 1e10000000091200010000000000000001000000000000000086dd
  733.244 1e10000000090260
  733.320 1e1000140003060000000000008c5f
  733.320 1e1000140003c263
  733.351 1e040000001673ab
  733.427 1e042c00e700e200bb00cf0086008500ff0000ffff000000320000000000000000000001e00000000000000018002182ea
  733.504 1e04001e00061261
  733.535 1e040c000000000000000000000000cabf
  733.629 0f1004ba00162c001400000000000000000019002800040007000a001e0001001e0001001e0001000100000000000000280037b494
  733.659 0f1004ba0016603c
  734.155 0217a7f8000fa80c00070e004000000028003c000affff00001b6e
  734.217 02171e0017fc18fc1800360028fc18fc18fc18fc18fc18000f00c0001efc18fc1820d2
  734.263 0a17b3b00003b3c4000306000f001400007052
  734.465 0f1004d8001b360006000200190000000c0002000a00010014000200190003001e000400230005002800060028000700230008001e00090019000a00141a6e
  734.465 0f1004d8001b0027
  735.204 0217a7f8000fa80c00070e004000000028003c000affff00001b6e
  735.267 02171e0017fc18fc1800360028fc18fc18fc18fc18fc18000f00c0001efc18fc1820d2
  735.344 1e10000000091200010000000000000001000000000000000086dd
  735.344 1e10000000090260
  735.406 1e1000140003060000000000008c5f
  735.406 1e1000140003c263
  735.453 1e040000001673ab
  735.515 1e042c00e700e200bb00cf0086008500ff0000ffff000000320000000000000000000001e00000000000000018002182ea
  735.638 1e04001e00061261
  735.638 1e040c000000000000000000000000cabf
  735.685 0617afc8000cafdc00050a0020000000000000000f827f
  735.839 0f1004f6000e1c000000000000000000000000000000000000000000000000000000005dcd
  735.886 0f1004f6000ea1e1
  736.258 0217a7f8000fa80c00070e004000000028003c000affff00001b6e
  736.304 02171e0017fc18fc1800360028fc18fc18fc18fc18fc18000f00c0001efc18fc1820d2
  736.412 0f10050a0013260000000000000000000000000000000000000000000000000000000000000000000000000000bfb8
  736.412 0f10050a0013a024
  737.296 0217a7f8000fa80c00070e004000000028003c000affff00001b6e
  737.358 02171e0017fc18fc1800360028fc18fc18fc18fc18fc18000f00c0001efc18fc1820d2
  737.435 1e10000000091200010000000000000001000000000000000086dd
  737.435 1e10000000090260
  737.513 1e1000140003060000000000008c5f
  737.513 1e1000140003c263
  737.545 1e040000001673ab
  737.622 1e042c00e700e200bb00cf0086008500ff0000ffff000000320000000000000000000001e00000000000000018002182ea
  737.700 1e04001e00061261
  737.731 1e040c000000000000000000000000cabf
  737.793 0f10051e000a1400000000000000000000000000000000000000006e7b
  737.823 0f10051e000a21ea
  738.336 0217a7f8000fa80c00070e004000000028003c000affff00001b6e
  738.398 02171e0017fc18fc1800360028fc18fc18fc18fc18fc18000f00c0001efc18fc1820d2
  738.460 0a17b3b00003b3c4000306000f001400007052
  738.629 0f1005320012240002000000000000000000010000000100010000000000000000000000000000000000000096
  738.629 0f1005320012e029
  739.389 0217a7f8000fa80c00070e004000000028003c000affff00001b6e
  739.450 02171e0017fc18fc1800360028fc18fc18fc18fc18fc18000f00c0001efc18fc1820d2
  739.527 1e10000000091200010000000000000001000000000000000086dd
  739.527 1e10000000090260
  739.590 1e1000140003060000000000008c5f
  739.590 1e1000140003c263
  739.636 1e040000001673ab
  739.698 1e042c00e700e200bb00cf0086008500ff0000ffff000000320000000000000000000001e00000000000000018002182ea
  739.822 1e04001e00061261
  739.822 1e040c000000000000000000000000cabf
  739.868 0617afc8000cafdc00050a0020000000000000000f827f
  740.024 0f1005460014280005000100020000000000000000000000000002000000000000000200000000000000000000000094fd
  740.055 0f10054600142031
  740.442 0217a7f8000fa80c00070e004000000028003c000affff00001b6e
  740.488 02171e0017fc18fc1800360028fc18fc18fc18fc18fc18000f00c0001efc18fc1820d2
  740.611 0f10055a002142000100000000001f000c000000000000001f000c0000007f000100000015001f000c0000003b0017001f000c0000007f000000000000001f000c000000000000001faa1c
  740.641 0f10055a002121e0
  741.486 0217a7f8000fa80c00070e004000000028003c000affff00001b6e
  741.532 02171e0017fc18fc1800360028fc18fc18fc18fc18fc18000f00c0001efc18fc1820d2
  741.623 1e10000000091200010000000000000001000000000000000086dd
  741.623 1e10000000090260
  741.684 1e1000140003060000000000008c5f
  741.684 1e1000140003c263
  741.731 1e040000001673ab
  741.792 1e042c00e700e200bb00cf0086008500ff0000ffff000000320000000000000000000001e00000000000000018002182ea
  741.884 1e04001e00061261
  741.915 1e040c000000000000000000000000cabf
  742.023 0f10057b002142000c00000000000000000000001f000c000000000000001f000c00000000000000000000001f000c000000000000001f000c00000000000000000000001f000c00009d7a
  742.053 0f10057b002171ea
  742.530 0217a7f8000fa80c00070e004000000028003c000affff00001b6e
  742.576 02171e0017fc18fc1800360028fc18fc18fc18fc18fc18000f00c0001efc18fc1820d2
  742.638 0a17b3b00003b3c4000306000f001400007052
  742.838 0f10059c00214200000000001f000c00000000000000000000001f000c000000000000001f000c00000000000000000000001f000c000000000000001f000c000000000003000000000a3c
  742.838 0f10059c0021c1dd
  743.565 0217a7f8000fa80c00070e004000000028003c000affff00001b6e
  743.626 02171e0017fc18fc1800360028fc18fc18fc18fc18fc18000f00c0001efc18fc1820d2
  743.705 1e10000000091200010000000000000001000000000000000086dd
  743.705 1e10000000090260
  743.782 1e1000140003060000000000008c5f
  743.782 1e1000140003c263
  743.813 1e040000001673ab
  743.890 1e042c00e700e200bb00cf0086008500ff0000ffff000000320000000000000000000001e00000000000000018002182ea
  743.967 1e04001e00061261
  743.998 1e040c000000000000000000000000cabf
  744.059 0617afc8000cafdc00050a0020000000000000000f827f
  744.243 0f1005bd00214200000000001f000c000000000000001f000c00000000000000000000001f000c000000000000001f000c00000000000000000000001f000c000000000000001f000c9373
  744.274 0f1005bd002191d7
  744.614 0217a7f8000fa80c00070e004000000028003c000affff00001b6e
  744.677 02171e0017fc18fc1800360028fc18fc18fc18fc18fc18000f00c0001efc18fc1820d2
  744.785 0f1005de00214200000000000000000000001f000c000000000000001f000c00000000000000000000001f000c000000000000001f000c00000000000000000000001f000c0000000078fc
  744.816 0f1005de002161c9
  745.663 0217a7f8000fa80c00070e004000000028003c000affff00001b6e
  745.710 02171e0017fc18fc1800360028fc18fc18fc18fc18fc18000f00c0001efc18fc1820d2
  745.802 1e10000000091200010000000000000001000000000000000086dd
  745.802 1e10000000090260
  745.863 1e1000140003060000000000008c5f
  745.863 1e1000140003c263
  745.910 1e040000001673ab
  745.971 1e042c00e700e200bb00cf0086008500fc0000ffff000000320000000000000000000001e00000000000000018002132eb
  746.064 1e04001e00061261
  746.095 1e040c000000000000000000000000cabf
  746.203 0f1005ff0021420000001f000c00000000000000000000001f000c000000000000001f000c00000000000000000000001f000c000000000000001f000c0000000000000000000100000baf
  746.234 0f1005ff002131c3
  746.712 0217a7f8000fa80c00070e004000000028003c000affff00001b6e
  746.759 02171e0017fc18fc1800360028fc18fc18fc18fc18fc18000f00c0001efc18fc1820d2
  746.820 0a17b3b00003b3c4000306000f001400007052
  747.020 0f1006200021420000001f000c000000000000001f000c00000000000000000000001f000c000000000000001f000c00000000000000000000001f000c000000000000001f000c000041fc
  747.020 0f1006200021007d
  747.749 0217a7f8000fa80c00070e004000000008003c000affff000082af
  747.811 02171e0017fc18fc1800360028fc18fc18fc18fc18fc18000f00c0001efc18fc1820d2
  747.890 1e10000000091200010000000000000001000000000000000086dd
  747.890 1e10000000090260
  747.968 1e1000140003060000000000008c5f
  747.968 1e1000140003c263
  748.000 1e040000001673ab
  748.062 1e042c00e700e200bb00cf0086008500fc0000ffff000000320000000000000000000001e00000000000000018002132eb
  748.187 1e04001e00061261
  748.187 1e040c000000000000000000000000cabf
  748.234 0617afc8000cafdc00050a0000000000000000000f1bbe
  748.419 0f1006410021420000000000000000001f000c000000000000001f000c00000000000000000000001f000c000000000000001f000c00000000000000000000001f000c00000000000091ef
  748.449 0f100641002151a3
  748.803 0217a7f8000fa80c00070e004000000008003c000affff000082af
  748.848 02171e0017fc18fc1800360028fc18fc18fc18fc18fc18000f00c0001efc18fc1820d2
  748.987 0f100662002142001f000c00000000000000000000001f000c000000000000001f000c00000000000000000000001f000c000000000000001f000c00000000000000000001000000008290
  748.987 0f1006620021a069
  749.846 0217a7f8000fa80c00070e004000000008003c000affff000082af
  749.893 02171e0017fc18fc1800360028fc18fc18fc18fc18fc18000f00c0001efc18fc1820d2
  749.986 1e10000000091200010000000000000001000000000000000086dd
  749.986 1e10000000090260
  750.047 1e1000140003060000000000008c5f
  750.047 1e1000140003c263
  750.093 1e040000001673ab
  750.155 1e042c00e700e200bb00cf0086008500fc0000ffff000000320000000000000000000001e00000000000000018002132eb
  750.277 1e04001e00061261
  750.277 1e040c000000000000000000000000cabf
  750.384 0f100683002142001f000c000000000000001f000c0000007f000100000014001f000c0000003b0017001f000c0000007f000000000000001f000c000000000000001f000c00000000b920
  750.414 0f1006830021f05f
  750.892 0217a7f8000fa80c00070e004000000008003c000affff000082af
  750.939 02171e0017fc18fc1800360028fc18fc18fc18fc18fc18000f00c0001efc18fc1820d2
  751.000 0a17b3b00003b3c4000306000f001400007052
  751.183 0f1006a4002142000000000000001f000c000000000000001f000c00000000000000000000001f000c000000000000001f000c00000000000000000000001f000c000000000000001f24e7
  751.214 0f1006a400214054
  751.938 0217a7f8000fa80c00070e004000000008003c000affff000082af
  751.984 02171e0017fc18fc1800360028fc18fc18fc18fc18fc18000f00c0001efc18fc1820d2
  752.061 1e10000000091200010000000000000001000000000000000086dd
  752.061 1e10000000090260
  752.139 1e1000140003060000000000008c5f
  752.139 1e1000140003c263
  752.170 1e040000001673ab
  752.232 1e042c00e700e200bb00cf0086008500fc0000ffff000000320000000000000000000001e00000000000000018002132eb
  752.325 1e04001e00061261
  752.355 1e040c000000000000000000000000cabf
  752.539 0617afc8000cafdc00050a0000000000000000000f1bbe
  752.973 0217a7f8000fa80c00070e004000000008003c000affff000082af
  753.034 02171e0017fc18fc1800360028fc18fc18fc18fc18fc18000f00c0001efc18fc1820d2
  754.023 0217a7f8000fa80c00070e004000000008003c000affff000082af
  754.070 02171e0017fc18fc1800360028fc18fc18fc18fc18fc18000f00c0001efc18fc1820d2
  754.161 1e10000000091200010000000000000001000000000000000086dd
  754.161 1e10000000090260
  754.225 1e1000140003060000000000008c5f
  754.225 1e1000140003c263
  754.256 1e040000001673ab
  754.333 1e042c00e700e200bb00cf0086008500fc0000ffff000000320000000000000000000001e00000000000000018002132eb
  754.409 1e04001e00061261
  754.439 1e040c000000000000000000000000cabf
  755.070 0217a7f8000fa80c00070e004000000008003c000affff000082af
  755.131 02171e0017fc18fc1800360028fc18fc18fc18fc18fc18000f00c0001efc18fc1820d2
  755.177 0a17b3b00003b3c4000306000f001400007052
  756.120 0217a7f8000fa80c00070e004000000008003c000affff000082af
  756.167 02171e0017fc18fc1800360028fc18fc18fc18fc18fc18000f00c0001efc18fc1820d2
  756.245 1e10000000091200010000000000000001000000000000000086dd
  756.245 1e10000000090260
  756.323 1e1000140003060000000000008c5f
  756.323 1e1000140003c263
  756.354 1e040000001673ab
  756.434 1e042c00e700e200bb00cf0086008500fc0000ffff000000320000000000000000000001e00000000000000018002132eb
  756.513 1e04001e00061261
  756.545 1e040c000000000000000000000000cabf
  756.607 0617afc8000cafdc00050a0000000000000000000f1bbe
  757.157 0217a7f8000fa80c00070e004000000008003c000affff000082af
  757.220 02171e0017fc18fc1800360028fc18fc18fc18fc18fc18000f00c0001efc18fc1820d2
  758.201 0217a7f8000fa80c00070e004000000008003c000affff000082af
  758.263 02171e0017fc18fc1800360028fc18fc18fc18fc18fc18000f00c0001efc18fc1820d2
  758.341 1e10000000091200010000000000000001000000000000000086dd
  758.341 1e10000000090260
  758.403 1e1000140003060000000000008c5f
  758.403 1e1000140003c263
  758.450 1e040000001673ab
  758.513 1e042c00e700e200bb00cf0086008500fc0000ffff000000320000000000000000000001e00000000000000018002132eb
  758.639 1e04001e00061261
  758.639 1e040c000000000000000000000000cabf
  759.246 0217a7f8000fa80c00070e004000000008003c000affff000082af
  759.309 02171e0017fc18fc1800360028fc18fc18fc18fc18fc18000f00c0001efc18fc1820d2
  759.357 0a17b3b00003b3c4000306000f001400007052
  760.304 0217a7f8000fa80c00070e004000000008003c000affff000082af
  760.352 02171e0017fc18fc1800360028fc18fc18fc18fc18fc18000f00c0001efc18fc1820d2
  760.430 1e10000000091200010000000000000001000000000000000086dd
  760.430 1e10000000090260
  760.492 1e1000140003060000000000008c5f
  760.492 1e1000140003c263
  760.538 1e040000001673ab
  760.601 1e042c00e700e200bb00cf0086008500fc0000ffff000000320000000000000000000001e00000000000000018002132eb
  760.695 1e04001e00061261
  760.726 1e040c000000000000000000000000cabf
  760.788 0617afc8000cafdc00050a0000000000000000000f1bbe
  761.350 0217a7f8000fa80c00070e004000000008003c000affff000082af
  761.397 02171e0017fc18fc1800360028fc18fc18fc18fc18fc18000f00c0001efc18fc1820d2
  762.386 0217a7f8000fa80c00070e004000000008003c000affff000082af
  762.448 02171e0017fc18fc1800360028fc18fc18fc18fc18fc18000f00c0001efc18fc1820d2
  762.524 1e10000000091200010000000000000001000000000000000086dd
  762.524 1e10000000090260
  762.586 1e1000140003060000000000008c5f
  762.586 1e1000140003c263
  762.631 1e040000001673ab
  762.693 1e042c00e700e200bb00cf0086008500fc0000ffff000000320000000000000000000001e00000000000000018002132eb
  762.786 1e04001e00061261
  762.817 1e040c000000000000000000000000cabf
  763.446 0217a7f8000fa80c00070e004000000008003c000affff000082af
  763.491 02171e0017fc18fc1800360028fc18fc18fc18fc18fc18000f00c0001efc18fc1820d2
  763.552 0a17b3b00003b3c4000306000f001400007052
  764.491 0217a7f8000fa80c00070e004000000008003c000affff000082af
  764.537 02171e0017fc18fc1800360028fc18fc18fc18fc18fc18000f00c0001efc18fc1820d2
  764.628 1e10000000091200010000000000000001000000000000000086dd
  764.628 1e10000000090260
  764.690 1e1000140003060000000000008c5f
  764.690 1e1000140003c263
  764.737 1e040000001673ab
  764.800 1e042c00e700e200bb00cf0086008500fc0000ffff000000320000000000000000000001e00000000000000018002132eb
  764.923 1e04001e00061261
  764.923 1e040c000000000000000000000000cabf
  764.971 0617afc8000cafdc00050a0000000000000000000f1bbe
  765.542 0217a7f8000fa80c00070e004000000008003c000affff000082af
  765.588 02171e0017fc18fc1800360028fc18fc18fc18fc18fc18000f00c0001efc18fc1820d2
  766.582 0217a7f8000fa80c00070e004000000008003c000affff000082af
  766.630 02171e0017fc18fc1800360028fc18fc18fc18fc18fc18000f00c0001efc18fc1820d2
  766.723 1e10000000091200010000000000000001000000000000000086dd
  766.723 1e10000000090260
  766.786 1e1000140003060000000000008c5f
  766.786 1e1000140003c263
  766.833 1e040000001673ab
  766.895 1e042c00e600e200bb00cf0086008500fc0000ffff000000320000000000000000000001e000000000000000180021f0aa
  766.972 1e04001e00061261
  767.003 1e040c000000000000000000000000cabf
  767.620 0217a7f8000fa80c00070e004000000008003c000affff000082af
  767.683 02171e0017fc18fc1800360028fc18fc18fc18fc18fc18000f00c0001efc18fc1820d2
  767.744 0a17b3b00003b3c4000306000f001400007052
  768.671 0217a7f8000fa80c00070e004000000008003c000affff000082af
  768.732 02171e0017fc18fc1800360028fc18fc18fc18fc18fc18000f00c0001efc18fc1820d2
  768.809 1e10000000091200010000000000000001000000000000000086dd
  768.809 1e10000000090260
  768.885 1e1000140003060000000000008c5f
  768.885 1e1000140003c263
  768.916 1e040000001673ab
  768.993 1e042c00e600e200bb00cf0086008500fc0000ffff000000320000000000000000000001e000000000000000180021f0aa
  769.070 1e04001e00061261
  769.101 1e040c000000000000000000000000cabf
  769.162 0617afc8000cafdc00050a0000000000000000000f1bbe
  769.718 0217a7f8000fa80c00070e004000000008003c000affff000082af
  769.781 02171e0017fc18fc1800360028fc18fc18fc18fc18fc18000f00c0001efc18fc1820d2
  770.770 0217a7f8000fa80c00070e004000000008003c000affff000082af
  770.817 02171e0017fc18fc1800360028fc18fc18fc18fc18fc18000f00c0001efc18fc1820d2
  770.909 1e10000000091200010000000000000001000000000000000086dd
  770.909 1e10000000090260
  770.970 1e1000140003060000000000008c5f
  770.970 1e1000140003c263
  771.017 1e040000001673ab
  771.079 1e042c00e600e200bb00cf0086008500fc0000ffff000000320000000000000000000001e000000000000000180021f0aa
  771.201 1e04001e00061261
  771.201 1e040c000000000000000000000000cabf
  771.820 0217a7f8000fa80c00070e004000000008003c000affff000082af
  771.867 02171e0017fc18fc1800360028fc18fc18fc18fc18fc18000f00c0001efc18fc1820d2
  771.928 0a17b3b00003b3c4000306000f001400007052
  772.851 0217a7f8000fa80c00070e004000000008003c000affff000082af
  772.912 02171e0017fc18fc1800360028fc18fc18fc18fc18fc18000f00c0001efc18fc1820d2
  772.989 1e10000000091200010000000000000001000000000000000086dd
  772.989 1e10000000090260
  773.066 1e1000140003060000000000008c5f
  773.066 1e1000140003c263
  773.097 1e040000001673ab
  773.174 1e042c00e600e200bb00cf0086008500fc0000ffff000000320000000000000000000001e000000000000000180021f0aa
  773.296 1e04001e00061261
  773.296 1e040c000000000000000000000000cabf
  773.342 0617afc8000cafdc00050a0000000000000000000f1bbe
  773.899 0217a7f8000fa80c00070e004000000008003c000affff000082af
  773.960 02171e0017fc18fc1800360028fc18fc18fc18fc18fc18000f00c0001efc18fc1820d2
  774.945 0217a7f8000fa80c00070e004000000008003c000affff000082af
  775.007 02171e0017fc18fc1800360028fc18fc18fc18fc18fc18000f00c0001efc18fc1820d2
  775.084 1e10000000091200010000000000000001000000000000000086dd
  775.084 1e10000000090260
  775.161 1e1000140003060000000000008c5f
  775.161 1e1000140003c263
  775.191 1e040000001673ab
  775.267 1e042c00e600e200bb00cf0086008500fc0000ffff000000320000000000000000000001e000000000000000180021f0aa
  775.344 1e04001e00061261
  775.375 1e040c000000000000000000000000cabf
  775.989 0217a7f8000fa80c00070e004000000008003c000affff000082af
  776.050 02171e0017fc18fc1800360028fc18fc18fc18fc18fc18000f00c0001efc18fc1820d2
  776.112 0a17b3b00003b3c4000306000f001400007052
  777.037 0217a7f8000fa80c00070e004000000008003c000affff000082af
  777.098 02171e0017fc18fc1800360028fc18fc18fc18fc18fc18000f00c0001efc18fc1820d2
  777.175 1e10000000091200010000000000000001000000000000000086dd
  777.175 1e10000000090260
  777.253 1e1000140003060000000000008c5f
  777.253 1e1000140003c263
  777.283 1e040000001673ab
  777.361 1e042c00e600e200bb00cf0086008500fc0000ffff000000320000000000000000000001e000000000000000180021f0aa
  777.438 1e04001e00061261
  777.469 1e040c000000000000000000000000cabf
  777.530 0617afc8000cafdc00050a0000000000000000000f1bbe
  778.085 0217a7f8000fa80c00070e004000000008003c000affff000082af
  778.145 02171e0017fc18fc1800360028fc18fc18fc18fc18fc18000f00c0001efc18fc1820d2
  778.657 0f1004a6000d1a00000000000000000000000000000000000000004a2000000000ca30
  779.137 0217a7f8000fa80c00070e004000000008003c000affff000082af
  779.198 02171e0017fc18fc1800360028fc18fc18fc18fc18fc18000f00c0001efc18fc1820d2
  779.276 1e10000000091200010000000000000001000000000000000086dd
  779.276 1e10000000090260
  779.338 1e1000140003060000000000008c5f
  779.338 1e1000140003c263
  779.384 1e040000001673ab
  779.445 1e042c00e600e200bb00cf0086008500fc0000ffff000000320000000000000000000001e000000000000000180021f0aa
  779.538 1e04001e00061261
  779.569 1e040c000000000000000000000000cabf
  779.785 0f1004a6000d1a00000000000000000000000000000000000000004a2000000000ca30
  779.785 0f1004a6000de1f1
  780.263 0217a7f8000fa80c00070e004000000008003c000affff000082af
  780.323 02171e0017fc18fc1800360028fc18fc18fc18fc18fc18000f00c0001efc18fc1820d2
  780.370 0a17b3b00003b3c4000306000f001400007052
  780.568 0f100683002142001f000c000000000000001f000c0000007f000100000015001f000c0000003b0017001f000c0000007f000000000000001f000c000000000000001f000c000000007b61
  780.599 0f1006830021f05f
  781.338 0217a7f8000fa80c00070e004000000008003c000affff000082af
  781.384 02171e0017fc18fc1800360028fc18fc18fc18fc18fc18000f00c0001efc18fc1820d2
  781.570 1e10000000091200010000000000000001000000000000000086dd
  781.570 1e10000000090260
  781.646 1e1000140003060000000000008c5f
  781.646 1e1000140003c263
  781.678 1e040000001673ab
  781.755 1e042c00e600e200bb00cf0086008500fc0000ffff000000320000000000000000000001e000000000000000180021f0aa
  782.092 1e04001e00061261
  782.123 1e040c000000000000000000000000cabf
  782.185 0617afc8000cafdc00050a0000000000000000000f1bbe
  782.479 0217a7f8000fa80c00070e004000000008003c000affff000082af
  782.540 02171e0017fc18fc1800360028fc18fc18fc18fc18fc18000f00c0001efc18fc1820d2
  782.678 0f1006c5002142000c00000000000000000000001f000c000000000000001f000c00000000000000000000001f000c000000000000001f000c0000000000030000006b00040000000078e0
  782.678 0f1006c50021118a
  783.435 0217a7f8000fa80c00070e004000000008003c000affff000082af
  783.481 02171e0017fc18fc1800360028fc18fc18fc18fc18fc18000f00c0001efc18fc1820d2
  783.574 1e10000000091200010000000000000001000000000000000086dd
  783.574 1e10000000090260
  783.636 1e1000140003060000000000008c5f
  783.636 1e1000140003c263
  783.683 1e040000001673ab
  783.744 1e042c00e600e200bb00cf0086008500fc0000ffff000000320000000000000000000001e000000000000000180021f0aa
  783.867 1e04001e00061261
  783.867 1e040c000000000000000000000000cabf
  783.943 0f1006ea00070e000400050014001a0009001a000510a9
  783.943 0f1006ea0007a199
  784.485 0217a7f8000fa80c00070e004000000008003c000affff000082af
  784.532 02171e0017fc18fc1800360028fc18fc18fc18fc18fc18000f00c0001efc18fc1820d2
  784.593 0a17b3b00003b3c4000306000f001400007052
  784.733 0f1006f1000306ffff0172a41721b2
  784.733 0f1006f10003d05d
  785.534 0217a7f8000fa80c00070e004000000008003c000affff000082af
  785.580 02171e0017fc18fc1800360028fc18fc18fc18fc18fc18000f00c0001efc18fc1820d2
  785.673 1e10000000091200010000000000000001000000000000000086dd
  785.673 1e10000000090260
  785.735 1e1000140003060000000000008c5f
  785.735 1e1000140003c263
  785.782 1e040000001673ab
  785.843 1e042c00e600e200bb00cf0086008500fc0000ffff000000320000000000000000000001e000000000000000180021f0aa
  785.921 1e04001e00061261
  785.965 1e040c000000000000000000000000cabf
  786.011 0617afc8000cafdc00050a0000000000000000000f1bbe
  786.198 0f1006f4001326004000000008003c000a00000000000000000000000000000000000000000000000000000000fd46
  786.198 0f1006f40013c190
  786.570 0217a7f8000fa80c00070e004000000008003c000affff000082af
  786.632 02171e0017fc18fc1800360028fc18fc18fc18fc18fc18000f00c0001efc18fc1820d2
  786.694 0f10085f00050a0000000000000000000032c2
  786.694 0f10085f00053356
  787.620 0217a7f8000fa80c00070e004000000008003c000affff000082af
  787.667 02171e0017fc18fc1800360028fc18fc18fc18fc18fc18000f00c0001efc18fc1820d2
  787.759 1e10000000091200010000000000000001000000000000000086dd
  787.759 1e10000000090260
  787.821 1e1000140003060000000000008c5f
  787.821 1e1000140003c263
  787.867 1e040000001673ab
  787.929 1e042c00e600e200bb00cf0086008500fc0000ffff000000320000000000000000000001e000000000000000180021f0aa
  788.022 1e04001e00061261
  788.053 1e040c000000000000000000000000cabf
  788.670 0217a7f8000fa80c00070e004000000008003c000affff000082af
  788.717 02171e0017fc18fc1800360028fc18fc18fc18fc18fc18000f00c0001efc18fc1820d2
  788.778 0a17b3b00003b3c4000306000f001400007052
  789.705 0217a7f8000fa80c00070e004000000008003c000affff000082af
  789.766 02171e0017fc18fc1800360028fc18fc18fc18fc18fc18000f00c0001efc18fc1820d2
  789.844 1e10000000091200010000000000000001000000000000000086dd
  789.844 1e10000000090260
  789.920 1e1000140003060000000000008c5f
  789.920 1e1000140003c263
  789.951 1e040000001673ab
  790.026 1e042c00e700e200bb00cf0086008500fc0000ffff000000320000000000000000000001e00000000000000018002132eb
  790.104 1e04001e00061261
  790.135 1e040c000000000000000000000000cabf
  790.197 0617afc8000cafdc00050a0000000000000000000f1bbe
  790.306 0f03070800064450
  790.337 0f030c0000000000000000010000001c88
  790.752 0217a7f8000fa80c00070e004000000008003c000affff000082af
  790.814 02171e0017fc18fc1800360028fc18fc18fc18fc18fc18000f00c0001efc18fc1820d2
  790.922 0f1007d000132600170017ff9c00360028ff9cff9cff9cff9cff9c000f00c0001e004000000008003c000a000036e6
  790.922 0f1007d000138067
  791.797 0217a7f8000fa80c00070e004000000008003c000affff000082af
  791.858 02171e0017fc18fc1800360028fc18fc18fc18fc18fc18000f00c0001efc18fc1820d2
  791.936 1e10000000091200010000000000000001000000000000000086dd
  791.936 1e10000000090260
  792.014 1e1000140003060000000000008c5f
  792.014 1e1000140003c263
  792.045 1e040000001673ab
  792.121 1e042c00e700e200bb00cf0086008500fc0000ffff000000320000000000000000000001e00000000000000018002132eb
  792.197 1e04001e00061261
  792.228 1e040c000000000000000000000000cabf
  792.846 0217a7f8000fa80c00070e004000000008003c000affff000082af
  792.908 02171e0017fc18fc1800360028fc18fc18fc18fc18fc18000f00c0001efc18fc1820d2
  792.954 0a17b3b00003b3c4000306000f001400007052
  793.123 0f1007e4001122000d00000000000f0906070909670579000000000000000000000000000000000000ec20
  793.123 0f1007e400114068
  793.892 0217a7f8000fa80c00070e004000000028003c000affff00001b6e
  793.954 02171e0017fc18fc1800360028fc18fc18fc18fc18fc18000f00c0001efc18fc1820d2
  794.032 1e10000000091200010000000000000001000000000000000086dd
  794.032 1e10000000090260
  794.093 1e1000140003060000000000008c5f
  794.093 1e1000140003c263
  794.138 1e040000001673ab
  794.201 1e042c00e700e200bb00cf0086008500fc0000ffff000000320000000000000000000001e00000000000000018002132eb
  794.324 1e04001e00061261
  794.324 1e040c000000000000000000000000cabf
  794.371 0617afc8000cafdc00050a0020000000000000000f827f
  794.524 0f03070800064450
  794.524 0f030c0000000000000000010000001c88
  794.941 0217a7f8000fa80c00070e004000000028003c000affff00001b6e
  794.987 02171e0017fc18fc1800360028fc18fc18fc18fc18fc18000f00c0001efc18fc1820d2
  795.095 0f1007f8001122000000000000000000000000000000000000000000000000000000000000000000006fb5
  795.095 0f1007f8001181ae
  795.992 0217a7f8000fa80c00070e004000000028003c000affff00001b6e
  796.039 02171e0017fc18fc1800360028fc18fc18fc18fc18fc18000f00c0001efc18fc1820d2
  796.117 1e10000000091200010000000000000001000000000000000086dd
  796.117 1e10000000090260
  796.194 1e1000140003060000000000008c5f
  796.194 1e1000140003c263
  796.225 1e040000001673ab
  796.287 1e042c00e700e200bb00cf0086008500fc0000ffff000000320000000000000000000001e00000000000000018002132eb
  796.380 1e04001e00061261
  796.412 1e040c000000000000000000000000cabf
  797.039 0217a7f8000fa80c00070e004000000028003c000affff00001b6e
  797.086 02171e0017fc18fc1800360028fc18fc18fc18fc18fc18000f00c0001efc18fc1820d2
  797.147 0a17b3b00003b3c4000306000f001400007052
  797.318 0f10080c00122400c800000000000000000000000000000000000000000000000000140020000000000000b5e0
  797.318 0f10080c00128349
  798.075 0217a7f8000fa80c00070e004000000028003c000affff00001b6e
  798.137 02171e0017fc18fc1800360028fc18fc18fc18fc18fc18000f00c0001efc18fc1820d2
  798.214 1e10000000091200010000000000000001000000000000000086dd
  798.214 1e10000000090260
  798.290 1e1000140003060000000000008c5f
  798.290 1e1000140003c263
  798.321 1e040000001673ab
  798.399 1e042c00e700e200bb00cf0086008500fc0000ffff000000320000000000000000000001e00000000000000018002132eb
  798.475 1e04001e00061261
  798.507 1e040c000000000000000000000000cabf
  798.568 0617afc8000cafdc00050a0020000000000000000f827f
  798.677 0f03070800064450
  798.708 0f030c0000000000000000010000001c88
  799.124 0217a7f8000fa80c00070e004000000028003c000affff00001b6e
  799.186 02171e0017fc18fc1800360028fc18fc18fc18fc18fc18000f00c0001efc18fc1820d2
  799.263 0f10082000122400e700e200bb00cf0086008500fc00320000000000000000000001e00018002109670579cf44
  799.310 0f10082000124280
  800.173 0217a7f8000fa80c00070e004000000028003c000affff00001b6e
  800.235 02171e0017fc18fc1800360028fc18fc18fc18fc18fc18000f00c0001efc18fc1820d2
  800.313 1e10000000091200010000000000000001000000000000000086dd
  800.313 1e10000000090260
  800.375 1e1000140003060000000000008c5f
  800.375 1e1000140003c263
  800.422 1e040000001673ab
  800.483 1e042c00e700e200bb00cf0086008500fc0000ffff000000320000000000000000000001e00000000000000018002132eb
  800.576 1e04001e00061261
  800.606 1e040c000000000000000000000000cabf
  801.224 0217a7f8000fa80c00070e004000000028003c000affff00001b6e
  801.271 02171e0017fc18fc1800360028fc18fc18fc18fc18fc18000f00c0001efc18fc1820d2
  801.334 0a17b3b00003b3c4000306000f001400007052
  801.506 0f1008340012240000000000000000000000000000000000800000000000000000015e015e00000000000055c5
  801.506 0f10083400120284
  802.268 0217a7f8000fa80c00070e004000000028003c000affff00001b6e
  802.330 02171e0017fc18fc1800360028fc18fc18fc18fc18fc18000f00c0001efc18fc1820d2
  802.406 1e10000000091200010000000000000001000000000000000086dd
  802.406 1e10000000090260
  802.467 1e1000140003060000000000008c5f
  802.467 1e1000140003c263
  802.514 1e040000001673ab
  802.576 1e042c00e700e200bb00cf0086008500fc0000ffff000000320000000000000000000001e00000000000000018002132eb
  802.701 1e04001e00061261
  802.701 1e040c000000000000000000000000cabf
  802.748 0617afc8000cafdc00050a0020000000000000000f827f
  802.887 0f03070800064450
  802.887 0f030c0000000000000000010000001c88
  803.320 0217a7f8000fa80c00070e004000000028003c000affff00001b6e
  803.367 02171e0017fc18fc1800360028fc18fc18fc18fc18fc18000f00c0001efc18fc1820d2
  803.490 0f10084800172effee0015001500180018000000000000000100310000000000000032000a0000001700050014001a0009001a00053520
  803.490 0f1008480017035f
  804.367 0217a7f8000fa80c00070e004000000028003c000affff00001b6e
  804.413 02171e0017fc18fc1800360028fc18fc18fc18fc18fc18000f00c0001efc18fc1820d2
  804.505 1e10000000091200010000000000000001000000000000000086dd
  804.505 1e10000000090260
  804.567 1e1000140003060000000000008c5f
  804.567 1e1000140003c263
  804.613 1e040000001673ab
  804.675 1e042c00e700e200bb00cf0086008500fc0000ffff000000320000000000000000000001e00000000000000018002132eb
  804.799 1e04001e00061261
  804.799 1e040c000000000000000000000000cabf
  805.416 0217a7f8000fa80c00070e004000000028003c000affff00001b6e
  805.462 02171e0017fc18fc1800360028fc18fc18fc18fc18fc18000f00c0001efc18fc1820d2
  805.523 0a17b3b00003b3c4000306000f001400007052
  805.663 0f10086400040800000000000000e85637
  805.663 0f1008640004835b
  806.462 0217a7f8000fa80c00070e004000000028003c000affff00001b6e
  806.508 02171e0017fc18fc1800360028fc18fc18fc18fc18fc18000f00c0001efc18fc1820d2
  806.601 1e10000000091200010000000000000001000000000000000086dd
  806.601 1e10000000090260
  806.664 1e1000140003060000000000008c5f
  806.664 1e1000140003c263
  806.695 1e040000001673ab
  806.771 1e042c00e700e200bb00cf0086008500fc0000ffff000000320000000000000000000001e00000000000000018002132eb
  806.848 1e04001e00061261
  806.878 1e040c000000000000000000000000cabf
  806.938 0617afc8000cafdc00050a0020000000000000000f827f
  807.046 0f03070800064450
  807.092 0f030c0000000000000000010000001c88
  807.509 0217a7f8000fa80c00070e004000000028003c000affff00001b6e
  807.555 02171e0017fc18fc1800360028fc18fc18fc18fc18fc18000f00c0001efc18fc1820d2
  807.633 0f100870001122046b000001f501a701b501a700c90000000000000000012a05c378090000000000006f99
  807.665 0f10087000110290
  808.552 0217a7f8000fa80c00070e004000000028003c000affff00001b6e
  808.599 02171e0017fc18fc1800360028fc18fc18fc18fc18fc18000f00c0001efc18fc1820d2
  808.692 1e10000000091200010000000000000001000000000000000086dd
  808.692 1e10000000090260
  808.754 1e1000140003060000000000008c5f
  808.754 1e1000140003c263
  808.786 1e040000001673ab
  808.847 1e042c00e700e200bb00cf0086008500fc0000ffff000000320000000000000000000001e00000000000000018002132eb
  808.941 1e04001e00061261
  808.973 1e040c000000000000000000000000cabf
  809.598 0217a7f8000fa80c00070e004000000028003c000affff00001b6e
  809.644 02171e0017fc18fc1800360028fc18fc18fc18fc18fc18000f00c0001efc18fc1820d2
  809.707 0a17b3b00003b3c4000306000f001400007052
  810.813 0217a7f8000fa80c00070e004000000008003c000affff000082af
  810.813 02171e0017fc18fc1800360028fc18fc18fc18fc18fc18000f00c0001efc18fc1820d2
  810.813 1e10000000091200010000000000000001000000000000000086dd
  810.813 1e10000000090260
  810.876 1e1000140003060000000000008c5f
  810.876 1e1000140003c263
  810.923 1e040000001673ab
  810.984 1e042c00e600e200bb00cf0086008500fc0000ffff000000320000000000000000000001e000000000000000180021f0aa
  811.109 1e04001e00061261
  811.109 1e040c000000000000000000000000cabf
  811.155 0617afc8000cafdc00050a0000000000000000000f1bbe
  811.264 0f03070800064450
  811.295 0f030c0000000040008000010b000076ba
  811.403 0f1005320012240002000000000000000000010000000100010000000000000000000000000000000000000096
  811.403 0f1005320012e029
  811.731 0217a7f8000fa80c00070e004000000008003c000affff000082af
  811.778 02171e0017fc18fc1800360028fc18fc18fc18fc18fc18000f00c0001efc18fc1820d2
  811.825 0f1006f1000306ffff0172a41721b2
  811.856 0f1006f10003d05d
  812.817 0f100884003c837f
  812.817 0217a7f8000fa80c00070e004000000008003c000affff000082af
  812.817 02171e0017fc18fc1800360028fc18fc18fc18fc18fc18000f00c0001efc18fc1820d2
  812.911 1e10000000091200010000000000000001000000000000000086dd
  812.911 1e10000000090260
  812.973 1e1000140003060000000000008c5f
  812.973 1e1000140003c263
  813.019 1e040000001673ab
  813.081 1e042c00e600e200bb00cf0086008500fc0000ffff000000320000000000000000000001e000000000000000180021f0aa
  813.174 1e04001e00061261
  813.206 1e040c000000000000000000000000cabf
  813.822 0217a7f8000fa80c00070e004000000008003c000affff000082af
  813.884 02171e0017fc18fc1800360028fc18fc18fc18fc18fc18000f00c0001efc18fc1820d2
  813.930 0a17b3b00003b3c4000306000f001400007052
  814.870 0217a7f8000fa80c00070e004000000008003c000affff000082af
  814.916 02171e0017fc18fc1800360028fc18fc18fc18fc18fc18000f00c0001efc18fc1820d2
  815.009 1e10000000091200010000000000000001000000000000000086dd
  815.009 1e10000000090260
  815.071 1e1000140003060000000000008c5f
  815.071 1e1000140003c263
  815.118 1e040000001673ab
  815.179 1e042c00e600e200bb00cf0086008500fc0000ffff000000320000000000000000000001e000000000000000180021f0aa
  815.303 1e04001e00061261
  815.303 1e040c000000000000000000000000cabf
  815.350 0617afc8000cafdc00050a0000000000000000000f1bbe
  815.458 0f03070800064450
  815.490 0f030c00000000ffff867f03df000066ad
  815.599 0f1003e8000e1c0019001300280000000000000015001300020028001e000100140002e77e
  815.599 0f1003e8000ec093
  815.910 0217a7f8000fa80c00070e004000000008003c000affff000082af
  815.956 02171e0017fc18fc1800360028fc18fc18fc18fc18fc18000f00c0001efc18fc1820d2
  816.033 0f1003fc000b160028000a0037000000000000000200120028001e003c369e
  816.065 0f1003fc000b4094
  816.158 0f1007d000132600170017ff9c00360028ff9cff9cff9cff9cff9c000f00c0001e004000000008003c000a000036e6
  816.220 0f1007d000138067
  816.958 0217a7f8000fa80c00070e004000000008003c000affff000082af
  817.005 02171e0017fc18fc1800360028fc18fc18fc18fc18fc18000f00c0001efc18fc1820d2
  817.098 1e10000000091200010000000000000001000000000000000086dd
  817.098 1e10000000090260
  817.159 1e1000140003060000000000008c5f
  817.159 1e1000140003c263
  817.206 1e040000001673ab
  817.267 1e042c00e600e200bb00cf0086008500fc0000ffff000000320000000000000000000001e000000000000000180021f0aa
  817.359 1e04001e00061261
  817.390 1e040c000000000000000000000000cabf
  817.481 0f10041000162c0028000a0037000000000000000200120028001e003c001200140027002800070001003e000d000600390000c568
  817.558 0f1004100016401c
  818.005 0217a7f8000fa80c00070e004000000008003c000affff000082af
  818.051 02171e0017fc18fc1800360028fc18fc18fc18fc18fc18000f00c0001efc18fc1820d2
  818.113 0a17b3b00003b3c4000306000f001400007052
  818.251 0f10042e000f1e0001000100000014fff6000500280000002d000000000000000000000000cc17
  818.296 0f10042e000fe01a
  818.375 0f1007e4001122000d00000000000f0906070909670579000000000000000000000000000000000000ec20
  818.437 0f1007e400114068
  819.104 0217a7f8000fa80c00070e004000000008003c000affff000082af
  819.151 02171e0017fc18fc1800360028fc18fc18fc18fc18fc18000f00c0001efc18fc1820d2
  819.243 1e10000000091200010000000000000001000000000000000086dd
  819.243 1e10000000090260
  819.304 1e1000140003060000000000008c5f
  819.304 1e1000140003c263
  819.335 1e040000001673ab
  819.412 1e042c00e600e200bb00cf0086008500fc0000ffff000000320000000000000000000001e000000000000000180021f0aa
  819.489 1e04001e00061261
  819.520 1e040c000000000000000000000000cabf
  819.582 0617afc8000cafdc00050a0000000000000000000f1bbe
  819.721 0f100442000d1a000100130000001c0000fff800050028000000000000000a000a244d
  819.813 0f100442000da1c6
  820.138 0217a7f8000fa80c00070e004000000008003c000affff000082af
  820.199 02171e0017fc18fc1800360028fc18fc18fc18fc18fc18000f00c0001efc18fc1820d2
  820.276 0f100456000c18000000060014001e00000006ffffffff00000000000000010aef
  820.322 0f100456000c2002
  820.414 0f1007d000132600170017ff9c00360028ff9cff9cff9cff9cff9c000f00c0001e004000000008003c000a000036e6
  820.414 0f1007d000138067
  821.182 0217a7f8000fa80c00070e004000000008003c000affff000082af
  821.244 02171e0017fc18fc1800360028fc18fc18fc18fc18fc18000f00c0001efc18fc1820d2
  821.321 1e10000000091200010000000000000001000000000000000086dd
  821.321 1e10000000090260
  821.397 1e1000140003060000000000008c5f
  821.397 1e1000140003c263
  821.443 1e040000001673ab
  821.505 1e042c00e600e200bb00cf0086008500fc0000ffff000000320000000000000000000001e000000000000000180021f0aa
  821.613 1e04001e00061261
  821.613 1e040c000000000000000000000000cabf
  821.706 0f10046a001224000000000000000000000000000000000000000000000000000000000000000000000000874b
  821.754 0f10046a00126006
  822.233 0217a7f8000fa80c00070e004000000008003c000affff000082af
  822.294 02171e0017fc18fc1800360028fc18fc18fc18fc18fc18000f00c0001efc18fc1820d2
  822.341 0a17b3b00003b3c4000306000f001400007052
  822.482 0f1004a6000d1a00000000000000000000000000000000000000004a2000000000ca30
  822.513 0f1004a6000de1f1
  822.606 0f1007e4001122000d00000000000f0906070909670579000000000000000000000000000000000000ec20
  822.606 0f1007e400114068
  823.323 0217a7f8000fa80c00070e004000000008003c000affff000082af
  823.369 02171e0017fc18fc1800360028fc18fc18fc18fc18fc18000f00c0001efc18fc1820d2
  823.461 1e10000000091200010000000000000001000000000000000086dd
  823.461 1e10000000090260
  823.523 1e1000140003060000000000008c5f
  823.523 1e1000140003c263
  823.570 1e040000001673ab
  823.631 1e042c00e600e200bb00cf0086008500fc0000ffff000000320000000000000000000001e000000000000000180021f0aa
  823.754 1e04001e00061261
  823.754 1e040c000000000000000000000000cabf
  823.799 0617afc8000cafdc00050a0000000000000000000f1bbe
  823.968 0f1004ba00162c001400000000000000000019002800040007000a001e0001001e0001001e0001000100000000000000280037b494
  824.061 0f1004ba0016603c
  824.371 0217a7f8000fa80c00070e004000000008003c000affff000082af
  824.416 02171e0017fc18fc1800360028fc18fc18fc18fc18fc18000f00c0001efc18fc1820d2
  824.508 0f1005320012240002000000000000000000010000000100010000000000000000000000000000000000000096
  824.585 0f1005320012e029
  824.708 0f1007d000132600170017ff9c00360028ff9cff9cff9cff9cff9c000f00c0001e004000000008003c000a000036e6
  824.708 0f1007d000138067
  825.418 0217a7f8000fa80c00070e004000000008003c000affff000082af
  825.463 02171e0017fc18fc1800360028fc18fc18fc18fc18fc18000f00c0001efc18fc1820d2
  825.555 1e10000000091200010000000000000001000000000000000086dd
  825.555 1e10000000090260
  825.618 1e1000140003060000000000008c5f
  825.618 1e1000140003c263
  825.664 1e040000001673ab
  825.725 1e042c00e600e200bb00cf0086008500fc0000ffff000000320000000000000000000001e000000000000000180021f0aa
  825.847 1e04001e00061261
  825.847 1e040c000000000000000000000000cabf
  825.924 0f1005460014280005000100020000000000000000000000000002000000000000000200000000000000000000000094fd
  825.972 0f10054600142031
  826.467 0217a7f8000fa80c00070e004000000008003c000affff000082af
  826.512 02171e0017fc18fc1800360028fc18fc18fc18fc18fc18000f00c0001efc18fc1820d2
  826.574 0a17b3b00003b3c4000306000f001400007052
  826.762 0f10055a002142000100000000001f000c000000000000001f000c0000007f000100000015001f000c0000003b0017001f000c0000007f000000000000001f000c000000000000001faa1c
  826.824 0f10055a002121e0
  826.932 0f1007e4001122000d00000000000f0906070909670579000000000000000000000000000000000000ec20
  826.932 0f1007e400114068
  827.501 0217a7f8000fa80c00070e004000000008003c000affff000082af
  827.563 02171e0017fc18fc1800360028fc18fc18fc18fc18fc18000f00c0001efc18fc1820d2
  827.639 1e10000000091200010000000000000001000000000000000086dd
  827.639 1e10000000090260
  827.717 1e1000140003060000000000008c5f
  827.717 1e1000140003c263
  827.747 1e040000001673ab
  827.808 1e042c00e600e200bb00cf0086008500fc0000ffff000000320000000000000000000001e000000000000000180021f0aa
  827.900 1e04001e00061261
  827.931 1e040c000000000000000000000000cabf
  827.992 0617afc8000cafdc00050a0000000000000000000f1bbe
  828.177 0f10057b002142000c00000000000000000000001f000c000000000000001f000c00000000000000000000001f000c000000000000001f000c00000000000000000000001f000c00009d7a
  828.223 0f10057b002171ea
  828.562 0217a7f8000fa80c00070e004000000008003c000affff000082af
  828.608 02171e0017fc18fc1800360028fc18fc18fc18fc18fc18000f00c0001efc18fc1820d2
  828.730 0f10059c00214200000000001f000c00000000000000000000001f000c000000000000001f000c00000000000000000000001f000c000000000000001f000c000000000003000000000a3c
  828.775 0f10059c0021c1dd
  828.852 0f1007d000132600170017ff9c00360028ff9cff9cff9cff9cff9c000f00c0001e004000000008003c000a000036e6
  828.900 0f1007d000138067
  829.612 0217a7f8000fa80c00070e004000000008003c000affff000082af
  829.657 02171e0017fc18fc1800360028fc18fc18fc18fc18fc18000f00c0001efc18fc1820d2
  829.750 1e10000000091200010000000000000001000000000000000086dd
  829.750 1e10000000090260
  829.812 1e1000140003060000000000008c5f
  829.812 1e1000140003c263
  829.843 1e040000001673ab
  829.919 1e042c00e600e200bb00cf0086008500fc0000ffff000000320000000000000000000001e000000000000000180021f0aa
  829.997 1e04001e00061261
  830.028 1e040c000000000000000000000000cabf
  830.151 0f1005bd00214200000000001f000c000000000000001f000c00000000000000000000001f000c000000000000001f000c00000000000000000000001f000c000000000000001f000c9373
  830.228 0f1005bd002191d7
  830.660 0217a7f8000fa80c00070e004000000008003c000affff000082af
  830.706 02171e0017fc18fc1800360028fc18fc18fc18fc18fc18000f00c0001efc18fc1820d2
  830.768 0a17b3b00003b3c4000306000f001400007052
  830.952 0f1005de00214200000000000000000000001f000c000000000000001f000c00000000000000000000001f000c000000000000001f000c00000000000000000000001f000c0000000078fc
  831.013 0f1005de002161c9
  831.119 0f1007e4001122000d00000000000f0906070909670579000000000000000000000000000000000000ec20
  831.119 0f1007e400114068
  831.706 0217a7f8000fa80c00070e004000000008003c000affff000082af
  831.753 02171e0017fc18fc1800360028fc18fc18fc18fc18fc18000f00c0001efc18fc1820d2
  831.846 1e10000000091200010000000000000001000000000000000086dd
  831.846 1e10000000090260
  831.906 1e1000140003060000000000008c5f
  831.906 1e1000140003c263
  831.953 1e040000001673ab
  832.014 1e042c00e700e200ba00cd0086008500fc0000ffff000000320000000000000000000001e0000000000000001800210127
  832.137 1e04001e00061261
  832.137 1e040c000000000000000000000000cabf
  832.184 0617afc8000cafdc00050a0000000000000000000f1bbe
  832.385 0f1005ff0021420000001f000c00000000000000000000001f000c000000000000001f000c00000000000000000000001f000c000000000000001f000c0000000000000000000100000baf
  832.433 0f1005ff002131c3
  832.756 0217a7f8000fa80c00070e004000000008003c000affff000082af
  832.803 02171e0017fc18fc1800360028fc18fc18fc18fc18fc18000f00c0001efc18fc1820d2
  832.927 0f1006200021420000001f000c000000000000001f000c00000000000000000000001f000c000000000000001f000c00000000000000000000001f000c000000000000001f000c000041fc
  832.974 0f1006200021007d
  833.066 0f1007d000132600170017ff9c00360028ff9cff9cff9cff9cff9c000f00c0001e004000000008003c000a000036e6
  833.097 0f1007d000138067
  833.807 0217a7f8000fa80c00070e004000000008003c000affff000082af
  833.853 02171e0017fc18fc1800360028fc18fc18fc18fc18fc18000f00c0001efc18fc1820d2
  833.947 1e10000000091200010000000000000001000000000000000086dd
  833.947 1e10000000090260
  834.008 1e1000140003060000000000008c5f
  834.008 1e1000140003c263
  834.053 1e040000001673ab
  834.115 1e042c00e700e200ba00cd0086008500fc0000ffff000000320000000000000000000001e0000000000000001800210127
  834.238 1e04001e00061261
  834.238 1e040c000000000000000000000000cabf
  834.346 0f1006410021420000000000000000001f000c000000000000001f000c00000000000000000000001f000c000000000000001f000c00000000000000000000001f000c00000000000091ef
  834.439 0f100641002151a3
  834.854 0217a7f8000fa80c00070e004000000008003c000affff000082af
  834.900 02171e0017fc18fc1800360028fc18fc18fc18fc18fc18000f00c0001efc18fc1820d2
  834.962 0a17b3b00003b3c4000306000f001400007052
  835.146 0f100662002142001f000c00000000000000000000001f000c000000000000001f000c00000000000000000000001f000c000000000000001f000c00000000000000000001000000008290
  835.177 0f1006620021a069
  835.254 0f1007e4001122000d00000000000f0906070909670579000000000000000000000000000000000000ec20
  835.299 0f1007e400114068
  835.900 0217a7f8000fa80c00070e004000000008003c000affff000082af
  835.946 02171e0017fc18fc1800360028fc18fc18fc18fc18fc18000f00c0001efc18fc1820d2
  836.039 1e10000000091200010000000000000001000000000000000086dd
  836.039 1e10000000090260
  836.101 1e1000140003060000000000008c5f
  836.101 1e1000140003c263
  836.132 1e040000001673ab
  836.208 1e042c00e700e200ba00cd0086008500fc0000ffff000000320000000000000000000001e0000000000000001800210127
  836.329 1e04001e00061261
  836.329 1e040c000000000000000000000000cabf
  836.376 0617afc8000cafdc00050a0000000000000000000f1bbe
  836.562 0f100683002142001f000c000000000000001f000c0000007f000100000015001f000c0000003b0017001f000c0000007f000000000000001f000c000000000000001f000c000000007b61
  836.684 0f1006830021f05f
  836.946 0217a7f8000fa80c00070e004000000008003c000affff000082af
  837.007 02171e0017fc18fc1800360028fc18fc18fc18fc18fc18000f00c0001efc18fc1820d2
  837.114 0f100683002142001f000c000000000000001f000c0000007f000100000015001f000c0000003b0017001f000c0000007f000000000000001f000c000000000000001f000c000000007b61
  837.176 0f1006830021f05f
  837.268 0f1007d000132600170017ff9c00360028ff9cff9cff9cff9cff9c000f00c0001e004000000008003c000a000036e6
  837.330 0f1007d000138067
  837.989 0217a7f8000fa80c00070e004000000008003c000affff000082af
  838.051 02171e0017fc18fc1800360028fc18fc18fc18fc18fc18000f00c0001efc18fc1820d2
  838.127 1e10000000091200010000000000000001000000000000000086dd
  838.127 1e10000000090260
  838.204 1e1000140003060000000000008c5f
  838.204 1e1000140003c263
  838.250 1e040000001673ab
  838.312 1e042c00e700e200ba00cd0086008500fc0000ffff000000320000000000000000000001e0000000000000001800210127
  838.420 1e04001e00061261
  838.420 1e040c000000000000000000000000cabf
  838.544 0f1006a4002142000000000000001f000c000000000000001f000c00000000000000000000001f000c000000000000001f000c00000000000000000000001f000c000000000000001f24e7
  838.575 0f1006a400214054
  839.041 0217a7f8000fa80c00070e004000000008003c000affff000082af
  839.102 02171e0017fc18fc1800360028fc18fc18fc18fc18fc18000f00c0001efc18fc1820d2
  839.149 0a17b3b00003b3c4000306000f001400007052
  839.334 0f1006c5002142000c00000000000000000000001f000c000000000000001f000c00000000000000000000001f000c000000000000001f000c0000000000030000006b00040000000078e0
  839.380 0f1006c50021118a
  839.458 0f1007e4001122000d00000000000f0906070909670579000000000000000000000000000000000000ec20
  839.504 0f1007e400114068
  840.096 0217a7f8000fa80c00070e004000000008003c000affff000082af
  840.143 02171e0017fc18fc1800360028fc18fc18fc18fc18fc18000f00c0001efc18fc1820d2
  840.234 1e10000000091200010000000000000001000000000000000086dd
  840.234 1e10000000090260
  840.295 1e1000140003060000000000008c5f
  840.295 1e1000140003c263
  840.343 1e040000001673ab
  840.404 1e042c00e700e200ba00cd0086008500fc0000ffff000000320000000000000000000001e0000000000000001800210127
  840.527 1e04001e00061261
  840.527 1e040c000000000000000000000000cabf
  840.574 0617afc8000cafdc00050a0000000000000000000f1bbe
  840.712 0f1006ea00070e000000060014001a0009001a00051169
  840.759 0f1006ea0007a199
  841.146 0217a7f8000fa80c00070e004000000008003c000affff000082af
  841.194 02171e0017fc18fc1800360028fc18fc18fc18fc18fc18000f00c0001efc18fc1820d2
  841.241 0f1006f1000306ffff0172a41721b2
  841.272 0f1006f10003d05d
  841.349 0f1007d000132600170017ff9c00360028ff9cff9cff9cff9cff9c000f00c0001e004000000008003c000a000036e6
  841.426 0f1007d000138067
  842.183 0217a7f8000fa80c00070e004000000008003c000affff000082af
  842.245 02171e0017fc18fc1800360028fc18fc18fc18fc18fc18000f00c0001efc18fc1820d2
  842.323 1e10000000091200010000000000000001000000000000000086dd
  842.323 1e10000000090260
  842.399 1e1000140003060000000000008c5f
  842.399 1e1000140003c263
  842.429 1e040000001673ab
  842.507 1e042c00e700e200ba00cd0086008400fc0000ffff000000320000000000000000000001e0000000000000001800216ce7
  842.586 1e04001e00061261
  842.617 1e040c000000000000000000000000cabf
  842.709 0f1006f4001326004000000008003c000a00000000000000000000000000000000000000000000000000000000fd46
  842.755 0f1006f40013c190
  843.230 0217a7f8000fa80c00070e004000000008003c000affff000082af
  843.292 02171e0017fc18fc1800360028fc18fc18fc18fc18fc18000f00c0001efc18fc1820d2
  843.338 0a17b3b00003b3c4000306000f001400007052
  843.493 0f1007e4001122000d00000000000f0906070909670579000000000000000000000000000000000000ec20
  843.540 0f1007e400114068
  844.278 0217a7f8000fa80c00070e004000000008003c000affff000082af
  844.339 02171e0017fc18fc1800360028fc18fc18fc18fc18fc18000f00c0001efc18fc1820d2
  844.417 1e10000000091200010000000000000001000000000000000086dd
  844.417 1e10000000090260
  844.479 1e1000140003060000000000008c5f
  844.479 1e1000140003c263
  844.525 1e040000001673ab
  844.601 1e042c00e700e200ba00cd0086008400fc0000ffff000000320000000000000000000001e0000000000000001800216ce7
  844.678 1e04001e00061261
  844.709 1e040c000000000000000000000000cabf
  844.772 0617afc8000cafdc00050a0000000000000000000f1bbe
  844.881 0f03070800064450
  844.943 0f030c00000000ff80000003dc00001206
  845.051 0f1006200021420000001f000c000000000000001f000c00000000000000000000001f000c000000000000001f000c00000000000000000000001f000c000000000000001f000c000041fc
  845.096 0f1006200021007d
  845.328 0217a7f8000fa80c00070e004000000008003c000affff000082af
  845.375 02171e0017fc18fc1800360028fc18fc18fc18fc18fc18000f00c0001efc18fc1820d2
  845.498 0f1006410021420000000000000000001f000c000000000000001f000c00000000000000000000001f000c000000000000001f000c00000000000000000000001f000c00000000000091ef
  845.652 0f1007d000132600170017ff9c00360028ff9cff9cff9cff9cff9c000f00c0001e004000000008003c000a000036e6
  845.714 0f1007d000138067
  846.379 0217a7f8000fa80c00070e004000000008003c000affff000082af
  846.441 02171e0017fc18fc1800360028fc18fc18fc18fc18fc18000f00c0001efc18fc1820d2
  846.519 1e10000000091200010000000000000001000000000000000086dd
  846.519 1e10000000090260
  846.581 1e1000140003060000000000008c5f
  846.581 1e1000140003c263
  846.628 1e040000001673ab
  846.689 1e042c00e700e200ba00cd0086008400fc0000ffff000000320000000000000000000001e0000000000000001800216ce7
  846.812 1e04001e00061261
  846.812 1e040c000000000000000000000000cabf
  846.920 0f1006410021420000000000000000001f000c000000000000001f000c00000000000000000000001f000c000000000000001f000c00000000000000000000001f000c00000000000091ef
  847.430 0217a7f8000fa80c00070e004000000008003c000affff000082af
  847.492 02171e0017fc18fc1800360028fc18fc18fc18fc18fc18000f00c0001efc18fc1820d2
  847.539 0a17b3b00003b3c4000306000f001400007052
  847.724 0f1006410021420000000000000000001f000c000000000000001f000c00000000000000000000001f000c000000000000001f000c00000000000000000000001f000c00000000000091ef
  847.755 0f100641002151a3
  847.833 0f1007e4001122000d00000000000f0906070909670579000000000000000000000000000000000000ec20
  847.878 0f1007e400114068
  848.482 0217a7f8000fa80c00070e004000000008003c000affff000082af
  848.529 02171e0017fc18fc1800360028fc18fc18fc18fc18fc18000f00c0001efc18fc1820d2
  848.622 1e10000000091200010000000000000001000000000000000086dd
  848.622 1e10000000090260
  848.683 1e1000140003060000000000008c5f
  848.683 1e1000140003c263
  848.729 1e040000001673ab
  848.790 1e042c00e700e200ba00cd0086008400fc0000ffff000000320000000000000000000001e0000000000000001800216ce7
  848.914 1e04001e00061261
  848.914 1e040c000000000000000000000000cabf
  848.960 0617afc8000cafdc00050a0000000000000000000f1bbe
  849.160 0f100662002142001f000c00000000000000000000001f000c000000000000001f000c00000000000000000000001f000c000000000000001f000c00000000000000000001000000008290
  849.207 0f1006620021a069
  849.531 0217a7f8000fa80c00070e004000000008003c000affff000082af
  849.577 02171e0017fc18fc1800360028fc18fc18fc18fc18fc18000f00c0001efc18fc1820d2
  849.700 0f100683002142001f000c000000000000001f000c0000007f000100000015001f000c0000003b0017001f000c0000007f000000000000001f000c000000000000001f000c000000007b61
  849.868 0f1007f8001122000000000000000000000000000000000000000000000000000000000000000000006fb5
  849.868 0f1007f8001181ae
  850.578 0217a7f8000fa80c00070e004000000008003c000affff000082af
  850.622 02171e0017fc18fc1800360028fc18fc18fc18fc18fc18000f00c0001efc18fc1820d2
  850.715 1e10000000091200010000000000000001000000000000000086dd
  850.715 1e10000000090260
  850.776 1e1000140003060000000000008c5f
  850.776 1e1000140003c263
  850.823 1e040000001673ab
  850.886 1e042c00e700e200ba00cd0086008400fc0000ffff000000320000000000000000000001e0000000000000001800216ce7
  851.009 1e04001e00061261
  851.009 1e040c000000000000000000000000cabf
  851.117 0f100683002142001f000c000000000000001f000c0000007f000100000015001f000c0000003b0017001f000c0000007f000000000000001f000c000000000000001f000c000000007b61
  851.164 0f1006830021f05f
  851.627 0217a7f8000fa80c00070e004000000008003c000affff000082af
  851.672 02171e0017fc18fc1800360028fc18fc18fc18fc18fc18000f00c0001efc18fc1820d2
  851.734 0a17b3b00003b3c4000306000f001400007052
  851.920 0f1006a4002142000000000000001f000c000000000000001f000c00000000000000000000001f000c000000000000001f000c00000000000000000000001f000c000000000000001f24e7
  851.982 0f1006a400214054
  852.059 0f10080c00122400c8000000000000000000000000000000000000000000000000001400000000000000009422
  852.121 0f10080c00128349
  852.661 0217a7f8000fa80c00070e004000000008003c000affff000082af
  852.721 02171e0017fc18fc1800360028fc18fc18fc18fc18fc18000f00c0001efc18fc1820d2
  852.799 1e10000000091200010000000000000001000000000000000086dd
  852.799 1e10000000090260
  852.876 1e1000140003060000000000008c5f
  852.876 1e1000140003c263
  852.906 1e040000001673ab
  852.982 1e042c00e700e200ba00cf0086008400fc0000ffff000000320000000000000000000001e0000000000000001800215787
  853.059 1e04001e00061261
  853.089 1e040c000000000000000000000000cabf
  853.152 0617afc8000cafdc00050a0000000000000000000f1bbe
  853.338 0f1006c5002142000c00000000000000000000001f000c000000000000001f000c00000000000000000000001f000c000000000000001f000c0000000000030000006b00040000000078e0
  853.415 0f1006c50021118a
  853.708 0217a7f8000fa80c00070e004000000008003c000affff000082af
  853.771 02171e0017fc18fc1800360028fc18fc18fc18fc18fc18000f00c0001efc18fc1820d2
  853.832 0f1006ea00070e000e00060014001a0009001a000507e7
  853.909 0f1006ea0007a199
  853.986 0f1007f8001122000000000000000000000000000000000000000000000000000000000000000000006fb5
  854.048 0f1007f8001181ae
  854.756 0217a7f8000fa80c00070e004000000008003c000affff000082af
  854.818 02171e0017fc18fc1800360028fc18fc18fc18fc18fc18000f00c0001efc18fc1820d2
  854.894 1e10000000091200010000000000000001000000000000000086dd
  854.894 1e10000000090260
  854.971 1e1000140003060000000000008c5f
  854.971 1e1000140003c263
  855.002 1e040000001673ab
  855.064 1e042c00e700e200ba00cf0086008400fa0000ffff000000320000000000000000000001e0000000000000001800213784
  855.155 1e04001e00061261
  855.186 1e040c000000000000000000000000cabf
  855.232 0f1006f1000306ffff0172a41721b2
  855.800 0217a7f8000fa80c00070e004000000008003c000affff000082af
  855.861 02171e0017fc18fc1800360028fc18fc18fc18fc18fc18000f00c0001efc18fc1820d2
  855.907 0a17b3b00003b3c4000306000f001400007052
  856.031 0f1006f1000306ffff0172a41721b2
  856.078 0f1006f10003d05d
  856.155 0f10080c00122400c8000000000000000000000000000000000000000000000000001400000000000000009422
  856.186 0f10080c00128349
  856.890 0217a7f8000fa80c00070e004000000028003c000affff00001b6e
  856.937 02171e0017fc18fc1800360028fc18fc18fc18fc18fc18000f00c0001efc18fc1820d2
  857.030 1e10000000091200010000000000000001000000000000000086dd
  857.030 1e10000000090260
  857.091 1e1000140003060000000000008c5f
  857.091 1e1000140003c263
  857.122 1e040000001673ab
  857.185 1e042c00e700e200ba00cf0086008400fa0000ffff000000320000000000000000000001e0000000000000001800213784
  857.278 1e04001e00061261
  857.309 1e040c000000000000000000000000cabf
  857.372 0617afc8000cafdc00050a0020000000000000000f827f
  857.558 0f1006f4001326004000000028003c000a00000000000000000000000000000000002000000000000000000000d74b
  857.558 0f1006f40013c190
  857.927 0217a7f8000fa80c00070e004000000028003c000affff00001b6e
  857.988 02171e0017fc18fc1800360028fc18fc18fc18fc18fc18000f00c0001efc18fc1820d2
  858.064 0f1007f8001122000000000000000000000000000000000000000000000000000000000000000000006fb5
  858.095 0f1007f8001181ae
  858.972 0217a7f8000fa80c00070e004000000028003c000affff00001b6e
  859.035 02171e0017fc18fc1800360028fc18fc18fc18fc18fc18000f00c0001efc18fc1820d2
  859.112 1e10000000091200010000000000000001000000000000000086dd
  859.112 1e10000000090260
  859.189 1e1000140003060000000000008c5f
  859.189 1e1000140003c263
  859.220 1e040000001673ab
  859.297 1e042c00e700e200ba00cf0086008400fa0000ffff000000320000000000000000000001e0000000000000001800213784
  859.373 1e04001e00061261
  859.403 1e040c000000000000000000000000cabf
  860.020 0217a7f8000fa80c00070e004000000028003c000affff00001b6e
  860.082 02171e0017fc18fc1800360028fc18fc18fc18fc18fc18000f00c0001efc18fc1820d2
  860.128 0a17b3b00003b3c4000306000f001400007052
  860.283 0f10080c00122400c800000000000000000000000000000000000000000000000000140020000000000000b5e0
  860.330 0f10080c00128349
  861.068 0217a7f8000fa80c00070e004000000028003c000affff00001b6e
  861.130 02171e0017fc18fc1800360028fc18fc18fc18fc18fc18000f00c0001efc18fc1820d2
  861.207 1e10000000091200010000000000000001000000000000000086dd
  861.207 1e10000000090260
  861.283 1e1000140003060000000000008c5f
  861.283 1e1000140003c263
  861.313 1e040000001673ab
  861.390 1e042c00e700e200ba00cf0086008400fa0000ffff000000320000000000000000000001e0000000000000001800213784
  861.468 1e04001e00061261
  861.498 1e040c000000000000000000000000cabf
  861.559 0617afc8000cafdc00050a0020000000000000000f827f
  861.667 0f03070800064450
  861.775 0f030c00000000c000000003dc0000d09a
  861.836 0f1006f1000306ffff0172a41721b2
  861.929 0f1006f10003d05d
  862.143 0217a7f8000fa80c00070e004000000028003c000affff00001b6e
  862.204 02171e0017fc18fc1800360028fc18fc18fc18fc18fc18000f00c0001efc18fc1820d2
  862.280 0f1006f4001326004000000028003c000a00000000000000000000000000000000002000000000000000000000d74b
  862.435 0f1007f8001122000000000000000000000000000000000000000000000000000000000000000000006fb5
  862.481 0f1007f8001181ae
  863.172 0217a7f8000fa80c00070e004000000028003c000affff00001b6e
  863.219 02171e0017fc18fc1800360028fc18fc18fc18fc18fc18000f00c0001efc18fc1820d2
  863.312 1e10000000091200010000000000000001000000000000000086dd
  863.312 1e10000000090260
  863.374 1e1000140003060000000000008c5f
  863.374 1e1000140003c263
  863.420 1e040000001673ab
  863.482 1e042c00e700e200ba00cf0086008400fa0000ffff000000320000000000000000000001e0000000000000001800213784
  863.605 1e04001e00061261
  863.605 1e040c000000000000000000000000cabf
  863.714 0f1006f4001326004000000028003c000a00000000000000000000000000000000002000000000000000000000d74b
  863.714 0f1006f40013c190
  864.221 0217a7f8000fa80c00070e004000000028003c000affff00001b6e
  864.266 02171e0017fc18fc1800360028fc18fc18fc18fc18fc18000f00c0001efc18fc1820d2
  864.328 0a17b3b00003b3c4000306000f001400007052
  864.482 0f10080c00122400c800000000000000000000000000000000000000000000000000140020000000000000b5e0
  864.513 0f10080c00128349
  865.269 0217a7f8000fa80c00070e004000000028003c000affff00001b6e
  865.315 02171e0017fc18fc1800360028fc18fc18fc18fc18fc18000f00c0001efc18fc1820d2
  865.407 1e10000000091200010000000000000001000000000000000086dd
  865.407 1e10000000090260
  865.467 1e1000140003060000000000008c5f
  865.467 1e1000140003c263
  865.513 1e040000001673ab
  865.574 1e042c00e700e200ba00cf0085008400fa0000ffff000000320000000000000000000001e0000000000000001800214084
  865.666 1e04001e00061261
  865.696 1e040c000000000000000000000000cabf
  865.758 0617afc8000cafdc00050a0020000000000000000f827f
  865.865 0f03070800064450
  865.942 0f030c000000008000000003dc0000d4aa
  866.035 0f1006f4001326004000000028003c000a00000000000000000000000000000000002000000000000000000000d74b
  866.081 0f1006f40013c190
  866.314 0217a7f8000fa80c00070e004000000028003c000affff00001b6e
  866.362 02171e0017fc18fc1800360028fc18fc18fc18fc18fc18000f00c0001efc18fc1820d2
  866.438 0f1007f8001122000000000000000000000000000000000000000000000000000000000000000000006fb5
  866.499 0f1007f8001181ae
  867.358 0217a7f8000fa80c00070e004000000028003c000affff00001b6e
  867.404 02171e0017fc18fc1800360028fc18fc18fc18fc18fc18000f00c0001efc18fc1820d2
  867.483 1e10000000091200010000000000000001000000000000000086dd
  867.483 1e10000000090260
  867.561 1e1000140003060000000000008c5f
  867.561 1e1000140003c263
  867.592 1e040000001673ab
  867.652 1e042c00e700e200ba00cf0085008400fa0000ffff000000320000000000000000000001e0000000000000001800214084
  867.744 1e04001e00061261
  867.774 1e040c000000000000000000000000cabf
  868.404 0217a7f8000fa80c00070e004000000028003c000affff00001b6e
  868.450 02171e0017fc18fc1800360028fc18fc18fc18fc18fc18000f00c0001efc18fc1820d2
  868.512 0a17b3b00003b3c4000306000f001400007052
  868.683 0f10080c00122400c800000000000000000000000000000000000000000000000000140020000000000000b5e0
  868.683 0f10080c00128349
  869.453 0217a7f8000fa80c00070e004000000028003c000affff00001b6e
  869.500 02171e0017fc18fc1800360028fc18fc18fc18fc18fc18000f00c0001efc18fc1820d2
  869.592 1e10000000091200010000000000000001000000000000000086dd
  869.592 1e10000000090260
  869.654 1e1000140003060000000000008c5f
  869.654 1e1000140003c263
  869.684 1e040000001673ab
  869.762 1e042c00e700e200ba00cf0085008400fa0000ffff000000320000000000000000000001e0000000000000001800214084
  869.839 1e04001e00061261
  869.869 1e040c000000000000000000000000cabf
  869.931 0617afc8000cafdc00050a0020000000000000000f827f
  870.040 0f03070800064450
  870.086 0f030c000000000000000003dc0000dcca
  870.493 0217a7f8000fa80c00070e004000000028003c000affff00001b6e
  870.554 02171e0017fc18fc1800360028fc18fc18fc18fc18fc18000f00c0001efc18fc1820d2
  870.661 0f1007f8001122000000000000000000000000000000000000000000000000000000000000000000006fb5
  870.661 0f1007f8001181ae
  871.540 0217a7f8000fa80c00070e004000000028003c000affff00001b6e
  871.586 02171e0017fc18fc1800360028fc18fc18fc18fc18fc18000f00c0001efc18fc1820d2
  871.678 1e10000000091200010000000000000001000000000000000086dd
  871.678 1e10000000090260
  871.740 1e1000140003060000000000008c5f
  871.740 1e1000140003c263
  871.786 1e040000001673ab
  871.848 1e042c00e700e200ba00cf0085008400fa0000ffff000000320000000000000000000001e0000000000000001800214084
  871.972 1e04001e00061261
  871.972 1e040c000000000000000000000000cabf
  872.588 0217a7f8000fa80c00070e004000000028003c000affff00001b6e
  872.635 02171e0017fc18fc1800360028fc18fc18fc18fc18fc18000f00c0001efc18fc1820d2
  872.696 0a17b3b00003b3c4000306000f001400007052
  872.882 0f10080c00122400c800000000000000000000000000000000000000000000000000140020000000000000b5e0
  872.882 0f10080c00128349
  873.639 0217a7f8000fa80c00070e004000000008003c000affff000082af
  873.685 02171e0017fc18fc1800360028fc18fc18fc18fc18fc18000f00c0001efc18fc1820d2
  873.779 1e10000000091200010000000000000001000000000000000086dd
  873.779 1e10000000090260
  873.841 1e1000140003060000000000008c5f
  873.841 1e1000140003c263
  873.887 1e040000001673ab
  873.948 1e042c00e700e200ba00cf0085008400fa0000ffff000000320000000000000000000001e0000000000000001800214084
  874.041 1e04001e00061261
  874.071 1e040c000000000000000000000000cabf
  874.133 0617afc8000cafdc00050a0000000000000000000f1bbe
  874.242 0f03070800064450
  874.287 0f030c000000000000000003d800009d0b
  874.688 0217a7f8000fa80c00070e004000000008003c000affff000082af
  874.733 02171e0017fc18fc1800360028fc18fc18fc18fc18fc18000f00c0001efc18fc1820d2
  874.810 0f1007f8001122000000000000000000000000000000000000000000000000000000000000000000006fb5
  874.841 0f1007f8001181ae
  875.720 0217a7f8000fa80c00070e004000000008003c000affff000082af
  875.782 02171e0017fc18fc1800360028fc18fc18fc18fc18fc18000f00c0001efc18fc1820d2
  875.858 1e10000000091200010000000000000001000000000000000086dd
  875.858 1e10000000090260
  875.936 1e1000140003060000000000008c5f
  875.936 1e1000140003c263
  875.967 1e040000001673ab
  876.044 1e042c00e700e200ba00cf0086008400fc0000ffff000000320000000000000000000001e0000000000000001800215787
  876.121 1e04001e00061261
  876.152 1e040c000000000000000000000000cabf
  876.767 0217a7f8000fa80c00070e004000000008003c000affff000082af
  876.829 02171e0017fc18fc1800360028fc18fc18fc18fc18fc18000f00c0001efc18fc1820d2
  876.889 0a17b3b00003b3c4000306000f001400007052
  877.058 0f10080c00122400c8000000000000000000000000000000000000000000000000001400000000000000009422
  877.058 0f10080c00128349
  877.827 0217a7f8000fa80c00070e004000000008003c000affff000082af
  877.874 02171e0017fc18fc1800360028fc18fc18fc18fc18fc18000f00c0001efc18fc1820d2
  877.951 1e10000000091200010000000000000001000000000000000086dd
  877.951 1e10000000090260
  878.027 1e1000140003060000000000008c5f
  878.027 1e1000140003c263
  878.074 1e040000001673ab
  878.136 1e042c00e700e200ba00cf0086008400fc0000ffff000000320000000000000000000001e0000000000000001800215787
  878.259 1e04001e00061261
  878.259 1e040c000000000000000000000000cabf
  878.305 0617afc8000cafdc00050a0000000000000000000f1bbe
  878.427 0f03070800064450
  878.474 0f030c000000000000000003d000001cc9
  878.860 0217a7f8000fa80c00070e004000000008003c000affff000082af
  878.922 02171e0017fc18fc1800360028fc18fc18fc18fc18fc18000f00c0001efc18fc1820d2
  879.000 0f10080c00122400c8000000000000000000000000000000000000000000000000001400000000000000009422
  879.047 0f10080c00128349
  879.912 0217a7f8000fa80c00070e004000000008003c000affff000082af
  879.974 02171e0017fc18fc1800360028fc18fc18fc18fc18fc18000f00c0001efc18fc1820d2
  880.051 1e10000000091200010000000000000001000000000000000086dd
  880.051 1e10000000090260
  880.113 1e1000140003060000000000008c5f
  880.113 1e1000140003c263
  880.159 1e040000001673ab
  880.222 1e042c00e700e200ba00cf0086008400fc0000ffff000000320000000000000000000001e0000000000000001800215787
  880.314 1e04001e00061261
  880.345 1e040c000000000000000000000000cabf
  880.959 0217a7f8000fa80c00070e004000000008003c000affff000082af
  881.021 02171e0017fc18fc1800360028fc18fc18fc18fc18fc18000f00c0001efc18fc1820d2
  881.068 0a17b3b00003b3c4000306000f001400007052
  881.253 0f10082000122400e700e200ba00cf0086008400fc00320000000000000000000001e000180021096705790a7d
  881.253 0f10082000124280
  882.004 0217a7f8000fa80c00070e004000000008003c000affff000082af
  882.065 02171e0017fc18fc1800360028fc18fc18fc18fc18fc18000f00c0001efc18fc1820d2
  882.142 1e10000000091200010000000000000001000000000000000086dd
  882.142 1e10000000090260
  882.221 1e1000140003060000000000008c5f
  882.221 1e1000140003c263
  882.251 1e040000001673ab
  882.329 1e042c00e700e200ba00cf0086008400fc0000ffff000000320000000000000000000001e0000000000000001800215787
  882.405 1e04001e00061261
  882.436 1e040c000000000000000000000000cabf
  882.498 0617afc8000cafdc00050a0000000000000000000f1bbe
  882.606 0f03070800064450
  882.637 0f030c00000001ffff867f03cf00006af8
  882.683 0f0303e8000e4550
  882.728 0f031c0019001300280000000000000015001300020028001e0001001e00022d9a
  883.129 0217a7f8000fa80c00070e004000000008003c000affff000082af
  883.190 02171e0017fc18fc1800360028fc18fc18fc18fc18fc18000f00c0001efc18fc1820d2
  883.252 0f1003e8000e1c0019001300280000000000000015001300020028001e0001001e0002c77c
  883.282 0f1003e8000ec093
  883.359 0f10082000122400e700e200ba00cf0086008400fc00320000000000000000000001e000180021096705790a7d
  883.389 0f10082000124280
  884.179 0217a7f8000fa80c00070e004000000008003c000affff000082af
  884.224 02171e0017fc18fc1800360028fc18fc18fc18fc18fc18000f00c0001efc18fc1820d2
  884.317 1e10000000091200010000000000000001000000000000000086dd
  884.317 1e10000000090260
  884.377 1e1000140003060000000000008c5f
  884.377 1e1000140003c263
  884.423 1e040000001673ab
  884.485 1e042c00e700e200ba00cf0086008400fc0000ffff000000320000000000000000000001e0000000000000001800215787
  884.607 1e04001e00061261
  884.607 1e040c000000000000000000000000cabf
  884.700 0f1003fc000b160028000a0037000000000000000200120028001e003c369e
  884.700 0f1003fc000b4094
  885.225 0217a7f8000fa80c00070e004000000008003c000affff000082af
  885.287 02171e0017fc18fc1800360028fc18fc18fc18fc18fc18000f00c0001efc18fc1820d2
  885.333 0a17b3b00003b3c4000306000f001e00005050
  885.518 0f10041000162c0028000a0037000000000000000200120028001e003c001200140027002800070001003e000d000600390000c568
  885.518 0f1004100016401c
  885.610 0f10084800172e001e0028002800360036000000000000000100310000000000000032000a0000002d00060014001a0009001a0005beea
  885.655 0f1008480017035f
  886.276 0217a7f8000fa80c00070e004000000008003c000affff000082af
  886.322 02171e0017fc18fc1800360028fc18fc18fc18fc18fc18000f00c0001efc18fc1820d2
  886.414 1e10000000091200010000000000000001000000000000000086dd
  886.414 1e10000000090260
  886.615 1e1000140003060000000000008c5f
  886.615 1e1000140003c263
  886.662 1e040000001673ab
  886.722 1e042c00e700e200ba00cf0085008400fc0000ffff000000320000000000000000000001e0000000000000001800212087
  886.845 1e04001e00061261
  886.845 1e040c000000000000000000000000cabf
  886.891 0617afc8000cafdc00050a0000000000000000000f1bbe
  887.046 0f10042e000f1e0001000100000014fff6000500280000002d000000000000000000000000cc17
  887.077 0f10042e000fe01a
  887.355 0217a7f8000fa80c00070e004000000008003c000affff000082af
  887.402 02171e0017fc18fc1800360028fc18fc18fc18fc18fc18000f00c0001efc18fc1820d2
  887.510 0f100442000d1a000100130000001c0000fff800050028000000000000000a000a244d
  887.510 0f100442000da1c6
  887.587 0f1007d000132600170017ff9c00360028ff9cff9cff9cff9cff9c000f00c0001e004000000008003c000a000036e6
  887.618 0f1007d000138067
  888.402 0217a7f8000fa80c00070e004000000008003c000affff000082af
  888.449 02171e0017fc18fc1800360028fc18fc18fc18fc18fc18000f00c0001efc18fc1820d2
  888.541 1e10000000091200010000000000000001000000000000000086dd
  888.541 1e10000000090260
  888.601 1e1000140003060000000000008c5f
  888.601 1e1000140003c263
  888.648 1e040000001673ab
  888.710 1e042c00e700e200ba00cf0085008400fc0000ffff000000320000000000000000000001e0000000000000001800212087
  888.834 1e04001e00061261
  888.834 1e040c000000000000000000000000cabf
  888.897 0f100456000c18000000060014001e00000006ffffffff00000000000000010aef
  888.928 0f100456000c2002
  889.497 0217a7f8000fa80c00070e004000000008003c000affff000082af
  889.558 02171e0017fc18fc1800360028fc18fc18fc18fc18fc18000f00c0001efc18fc1820d2
  889.604 0a17b3b00003b3c4000306000f001e00005050
  889.912 0f10046a001224000000000000000000000000000000000000000000000000000000000000000000000000874b
  889.973 0f10046a00126006
  890.158 0f1007e4001122000d00000000000f0906070909670579000000000000000000000000000000000000ec20
  890.619 0217a7f8000fa80c00070e004000000008003c000affff000082af
  890.681 02171e0017fc18fc1800360028fc18fc18fc18fc18fc18000f00c0001efc18fc1820d2
  890.757 1e10000000091200010000000000000001000000000000000086dd
  890.757 1e10000000090260
  890.820 1e1000140003060000000000008c5f
  890.820 1e1000140003c263
  891.004 1e040000001673ab
  891.081 1e042c00e700e200ba00cf0085008400fc0000ffff000000320000000000000000000001e0000000000000001800212087
  891.158 1e04001e00061261
  891.188 1e040c000000000000000000000000cabf
  891.251 0617afc8000cafdc00050a0000000000000000000f1bbe
  891.421 0f1004a6000d1a00000000000000000000000000000000000000004a2000000000ca30
  891.421 0f1004a6000de1f1
  891.731 0217a7f8000fa80c00070e004000000008003c000affff000082af
  891.777 02171e0017fc18fc1800360028fc18fc18fc18fc18fc18000f00c0001efc18fc1820d2
  891.885 0f1004ba00162c001400000000000000000019002800040007000a001e0001001e0001001e0001000100000000000000280037b494
  891.916 0f1004ba0016603c
  891.993 0f1007d000132600170017ff9c00360028ff9cff9cff9cff9cff9c000f00c0001e004000000008003c000a000036e6
  892.024 0f1007d000138067
  892.779 0217a7f8000fa80c00070e004000000008003c000affff000082af
  892.826 02171e0017fc18fc1800360028fc18fc18fc18fc18fc18000f00c0001efc18fc1820d2
  892.903 1e10000000091200010000000000000001000000000000000086dd
  892.903 1e10000000090260
  892.981 1e1000140003060000000000008c5f
  892.981 1e1000140003c263
  893.012 1e040000001673ab
  893.090 1e042c00e700e200ba00cf0085008400fc0000ffff000000320000000000000000000001e0000000000000001800212087
  893.165 1e04001e00061261
  893.197 1e040c000000000000000000000000cabf
  893.320 0f1005320012240002000000000000000000010000000100010000000000000000000000000000000000000096
  893.320 0f1005320012e029
  893.814 0217a7f8000fa80c00070e004000000008003c000affff000082af
  893.876 02171e0017fc18fc1800360028fc18fc18fc18fc18fc18000f00c0001efc18fc1820d2
  893.923 0a17b3b00003b3c4000306000f001e00005050
  894.079 0f1005460014280005000100020000000000000000000000000002000000000000000200000000000000000000000094fd
  894.125 0f10054600142031
  894.202 0f1007e4001122000d00000000000f0906070909670579000000000000000000000000000000000000ec20
  894.233 0f1007e400114068
  894.869 0217a7f8000fa80c00070e004000000008003c000affff000082af
  894.931 02171e0017fc18fc1800360028fc18fc18fc18fc18fc18000f00c0001efc18fc1820d2
  895.009 1e10000000091200010000000000000001000000000000000086dd
  895.009 1e10000000090260
  895.069 1e1000140003060000000000008c5f
  895.069 1e1000140003c263
  895.116 1e040000001673ab
  895.177 1e042c00e700e200ba00cf0085008400fc0000ffff000000320000000000000000000001e0000000000000001800212087
  895.300 1e04001e00061261
  895.300 1e040c000000000000000000000000cabf
  895.347 0617afc8000cafdc00050a0000000000000000000f1bbe
  895.532 0f10055a002142000100000000001f000c000000000000001f000c0000007f000100000015001f000c0000003b0017001f000c0000007f000000000000001f000c000000000000001faa1c
  895.578 0f10055a002121e0
  895.919 0217a7f8000fa80c00070e004000000008003c000affff000082af
  895.981 02171e0017fc18fc1800360028fc18fc18fc18fc18fc18000f00c0001efc18fc1820d2
  896.090 0f10057b002142000c00000000000000000000001f000c000000000000001f000c00000000000000000000001f000c000000000000001f000c00000000000000000000001f000c00009d7a
  896.121 0f10057b002171ea
  896.215 0f1007d000132600170017ff9c00360028ff9cff9cff9cff9cff9c000f00c0001e004000000008003c000a000036e6
  896.246 0f1007d000138067
  896.969 0217a7f8000fa80c00070e004000000008003c000affff000082af
  897.015 02171e0017fc18fc1800360028fc18fc18fc18fc18fc18000f00c0001efc18fc1820d2
  897.108 1e10000000091200010000000000000001000000000000000086dd
  897.108 1e10000000090260
  897.169 1e1000140003060000000000008c5f
  897.169 1e1000140003c263
  897.216 1e040000001673ab
  897.279 1e042c00e700e200ba00cd0085008400fc0000ffff000000320000000000000000000001e0000000000000001800211be7
  897.403 1e04001e00061261
  897.403 1e040c000000000000000000000000cabf
  897.512 0f10059c00214200000000001f000c00000000000000000000001f000c000000000000001f000c00000000000000000000001f000c000000000000001f000c000000000003000000000a3c
  897.542 0f10059c0021c1dd
  898.020 0217a7f8000fa80c00070e004000000008003c000affff000082af
  898.066 02171e0017fc18fc1800360028fc18fc18fc18fc18fc18000f00c0001efc18fc1820d2
  898.129 0a17b3b00003b3c4000306000f001e00005050
  898.314 0f1005bd00214200000000001f000c000000000000001f000c00000000000000000000001f000c000000000000001f000c00000000000000000000001f000c000000000000001f000c9373
  898.378 0f1005bd002191d7
  898.454 0f1007e4001122000d00000000000f0906070909670579000000000000000000000000000000000000ec20
  898.501 0f1007e400114068
  899.069 0217a7f8000fa80c00070e004000000008003c000affff000082af
  899.115 02171e0017fc18fc1800360028fc18fc18fc18fc18fc18000f00c0001efc18fc1820d2
  899.193 1e10000000091200010000000000000001000000000000000086dd
  899.193 1e10000000090260
  899.270 1e1000140003060000000000008c5f
  899.270 1e1000140003c263
  899.301 1e040000001673ab
  899.363 1e042c00e700e200ba00cd0085008400fc0000ffff000000320000000000000000000001e0000000000000001800211be7
  899.456 1e04001e00061261
  899.487 1e040c000000000000000000000000cabf
  899.548 0617afc8000cafdc00050a0000000000000000000f1bbe
  899.733 0f1005de00214200000000000000000000001f000c000000000000001f000c00000000000000000000001f000c000000000000001f000c00000000000000000000001f000c0000000078fc
  900.115 0217a7f8000fa80c00070e004000000008003c000affff000082af
  900.160 02171e0017fc18fc1800360028fc18fc18fc18fc18fc18000f00c0001efc18fc1820d2
  900.283 0f1005de00214200000000000000000000001f000c000000000000001f000c00000000000000000000001f000c000000000000001f000c00000000000000000000001f000c0000000078fc
  900.361 0f1005de002161c9
  900.484 0f1007d000132600170017ff9c00360028ff9cff9cff9cff9cff9c000f00c0001e004000000008003c000a000036e6
  900.484 0f1007d000138067
  901.194 0217a7f8000fa80c00070e004000000008003c000affff000082af
  901.256 02171e0017fc18fc1800360028fc18fc18fc18fc18fc18000f00c0001efc18fc1820d2
  901.333 1e10000000091200010000000000000001000000000000000086dd
  901.333 1e10000000090260
  901.411 1e1000140003060000000000008c5f
  901.411 1e1000140003c263
  901.442 1e040000001673ab
  901.504 1e042c00e700e200ba00cd0085008400fc0000ffff000000320000000000000000000001e0000000000000001800211be7
  901.596 1e04001e00061261
  901.626 1e040c000000000000000000000000cabf
  901.734 0f1005ff0021420000001f000c00000000000000000000001f000c000000000000001f000c00000000000000000000001f000c000000000000001f000c0000000000000000000100000baf
  901.780 0f1005ff002131c3
  902.243 0217a7f8000fa80c00070e004000000008003c000affff000082af
  902.305 02171e0017fc18fc1800360028fc18fc18fc18fc18fc18000f00c0001efc18fc1820d2
  902.350 0a17b3b00003b3c4000306000f001e00005050
  902.580 0f1006200021420000001f000c000000000000001f000c00000000000000000000001f000c000000000000001f000c00000000000000000000001f000c000000000000001f000c000041fc
  902.580 0f1006200021007d
  902.690 0f1007e4001122000d00000000000f0906070909670579000000000000000000000000000000000000ec20
  902.690 0f1007e400114068
  903.291 0217a7f8000fa80c00070e004000000008003c000affff000082af
  903.353 02171e0017fc18fc1800360028fc18fc18fc18fc18fc18000f00c0001efc18fc1820d2
  903.431 1e10000000091200010000000000000001000000000000000086dd
  903.431 1e10000000090260
  903.538 1e1000140003060000000000008c5f
  903.538 1e1000140003c263
  903.538 1e040000001673ab
  903.599 1e042c00e700e200ba00cd0085008400fc0000ffff000000320000000000000000000001e0000000000000001800211be7
  903.690 1e04001e00061261
  903.721 1e040c000000000000000000000000cabf
  903.783 0617afc8000cafdc00050a0000000000000000000f1bbe
  903.966 0f1006410021420000000000000000001f000c000000000000001f000c00000000000000000000001f000c000000000000001f000c00000000000000000000001f000c00000000000091ef
  904.026 0f100641002151a3
  904.351 0217a7f8000fa80c00070e004000000008003c000affff000082af
  904.398 02171e0017fc18fc1800360028fc18fc18fc18fc18fc18000f00c0001efc18fc1820d2
  904.521 0f100662002142001f000c00000000000000000000001f000c000000000000001f000c00000000000000000000001f000c000000000000001f000c00000000000000000001000000008290
  904.583 0f1006620021a069
  904.660 0f1007d000132600170017ff9c00360028ff9cff9cff9cff9cff9c000f00c0001e004000000008003c000a000036e6
  904.707 0f1007d000138067
  905.416 0217a7f8000fa80c00070e004000000008003c000affff000082af
  905.462 02171e0017fc18fc1800360028fc18fc18fc18fc18fc18000f00c0001efc18fc1820d2
  905.556 1e10000000091200010000000000000001000000000000000086dd
  905.556 1e10000000090260
  905.617 1e1000140003060000000000008c5f
  905.617 1e1000140003c263
  905.663 1e040000001673ab
  905.725 1e042c00e700e200ba00cd0085008400fc0000ffff000000320000000000000000000001e0000000000000001800211be7
  905.817 1e04001e00061261
  905.848 1e040c000000000000000000000000cabf
  905.957 0f100683002142001f000c000000000000001f000c0000007f000100000015001f000c0000003b0017001f000c0000007f000000000000001f000c000000000000001f000c000000007b61
  906.019 0f1006830021f05f
  906.464 0217a7f8000fa80c00070e004000000008003c000affff000082af
  906.509 02171e0017fc18fc1800360028fc18fc18fc18fc18fc18000f00c0001efc18fc1820d2
  906.571 0a17b3b00003b3c4000306000f001e00005050
  906.757 0f1006a4002142000000000000001f000c000000000000001f000c00000000000000000000001f000c000000000000001f000c00000000000000000000001f000c000000000000001f24e7
  906.788 0f1006a400214054
  906.864 0f1007e4001122000d00000000000f0906070909670579000000000000000000000000000000000000ec20
  906.910 0f1007e400114068
  907.509 0217a7f8000fa80c00070e004000000008003c000affff000082af
  907.556 02171e0017fc18fc1800360028fc18fc18fc18fc18fc18000f00c0001efc18fc1820d2
  907.648 1e10000000091200010000000000000001000000000000000086dd
  907.648 1e10000000090260
  907.710 1e1000140003060000000000008c5f
  907.710 1e1000140003c263
  907.757 1e040000001673ab
  907.819 1e042c00e700e200ba00cd0086008400fa0000ffff000000320000000000000000000001e0000000000000001800210ce4
  907.943 1e04001e00061261
  907.943 1e040c000000000000000000000000cabf
  907.990 0617afc8000cafdc00050a0000000000000000000f1bbe
  908.174 0f1006c5002142000c00000000000000000000001f000c000000000000001f000c00000000000000000000001f000c000000000000001f000c0000000000030000006b00040000000078e0
  908.266 0f1006c50021118a
  908.558 0217a7f8000fa80c00070e004000000008003c000affff000082af
  908.620 02171e0017fc18fc1800360028fc18fc18fc18fc18fc18000f00c0001efc18fc1820d2
  908.698 0f1006ea00070e000900070014001a0009001a0005085c
  908.698 0f1006ea0007a199
  908.774 0f1007d000132600170017ff9c00360028ff9cff9cff9cff9cff9c000f00c0001e004000000008003c000a000036e6
  908.806 0f1007d000138067
  909.607 0217a7f8000fa80c00070e004000000008003c000affff000082af
  909.670 02171e0017fc18fc1800360028fc18fc18fc18fc18fc18000f00c0001efc18fc1820d2
  909.746 1e10000000091200010000000000000001000000000000000086dd
  909.746 1e10000000090260
  909.823 1e1000140003060000000000008c5f
  909.823 1e1000140003c263
  909.854 1e040000001673ab
  909.932 1e042c00e700e200ba00cd0086008400fa0000ffff000000320000000000000000000001e0000000000000001800210ce4
  910.007 1e04001e00061261
  910.038 1e040c000000000000000000000000cabf
  910.085 0f1006f1000306ffff0172a41721b2
  910.657 0217a7f8000fa80c00070e004000000008003c000affff000082af
  910.705 02171e0017fc18fc1800360028fc18fc18fc18fc18fc18000f00c0001efc18fc1820d2
  910.766 0a17b3b00003b3c4000306000f001e00005050
  910.905 0f1006f1000306ffff0172a41721b2
  910.905 0f1006f10003d05d
  910.982 0f1007e4001122000d00000000000f0906070909670579000000000000000000000000000000000000ec20
  911.012 0f1007e400114068
  911.735 0217a7f8000fa80c00070e004000000008003c000affff000082af
  911.796 02171e0017fc18fc1800360028fc18fc18fc18fc18fc18000f00c0001efc18fc1820d2
  911.874 1e10000000091200010000000000000001000000000000000086dd
  911.874 1e10000000090260
  911.951 1e1000140003060000000000008c5f
  911.951 1e1000140003c263
  911.982 1e040000001673ab
  912.058 1e042c00e700e200ba00cd0086008400fa0000ffff000000320000000000000000000001e0000000000000001800210ce4
  912.136 1e04001e00061261
  912.167 1e040c000000000000000000000000cabf
  912.228 0617afc8000cafdc00050a0000000000000000000f1bbe
  912.383 0f1006f4001326004000000008003c000a00000000000000000000000000000000000000000000000000000000fd46
  912.414 0f1006f40013c190
  912.781 0217a7f8000fa80c00070e004000000008003c000affff000082af
  912.843 02171e0017fc18fc1800360028fc18fc18fc18fc18fc18000f00c0001efc18fc1820d2
  912.920 0f1007d000132600170017ff9c00360028ff9cff9cff9cff9cff9c000f00c0001e004000000008003c000a000036e6
  912.951 0f1007d000138067
  913.827 0217a7f8000fa80c00070e004000000008003c000affff000082af
  913.889 02171e0017fc18fc1800360028fc18fc18fc18fc18fc18000f00c0001efc18fc1820d2
  913.967 1e10000000091200010000000000000001000000000000000086dd
  913.967 1e10000000090260
  914.044 1e1000140003060000000000008c5f
  914.044 1e1000140003c263
  914.074 1e040000001673ab
  914.153 1e042c00e700e200ba00cd0086008400fa0000ffff000000320000000000000000000001e0000000000000001800210ce4
  914.230 1e04001e00061261
  914.261 1e040c000000000000000000000000cabf
  914.878 0217a7f8000fa80c00070e004000000008003c000affff000082af
  914.939 02171e0017fc18fc1800360028fc18fc18fc18fc18fc18000f00c0001efc18fc1820d2
  914.986 0a17b3b00003b3c4000306000f001e00005050
  915.171 0f1007e4001122000d00000000000f0906070909670579000000000000000000000000000000000000ec20
  915.171 0f1007e400114068
  915.939 0217a7f8000fa80c00070e004000000008003c000affff000082af
  915.985 02171e0017fc18fc1800360028fc18fc18fc18fc18fc18000f00c0001efc18fc1820d2
  916.076 1e10000000091200010000000000000001000000000000000086dd
  916.076 1e10000000090260
  916.137 1e1000140003060000000000008c5f
  916.137 1e1000140003c263
  916.184 1e040000001673ab
  916.246 1e042c00e700e200ba00cd0086008400fa0000ffff000000320000000000000000000001e0000000000000001800210ce4
  916.368 1e04001e00061261
  916.368 1e040c000000000000000000000000cabf
  916.413 0617afc8000cafdc00050a0000000000000000000f1bbe
  916.537 0f03070800064450
  916.583 0f030c00000000f0000000038c0000d39f
  916.721 0f1006c5002142000c00000000000000000000001f000c000000000000001f000c00000000000000000000001f000c000000000000001f000c0000000000030000006b00040000000078e0
  916.721 0f1006c50021118a
  916.985 0217a7f8000fa80c00070e004000000008003c000affff000082af
  917.031 02171e0017fc18fc1800360028fc18fc18fc18fc18fc18000f00c0001efc18fc1820d2
  917.092 0f1006ea00070e001100070014001a0009001a00052984
  917.123 0f1006ea0007a199
  917.215 0f1007d000132600170017ff9c00360028ff9cff9cff9cff9cff9c000f00c0001e004000000008003c000a000036e6
  917.246 0f1007d000138067
  918.030 0217a7f8000fa80c00070e004000000008003c000affff000082af
  918.077 02171e0017fc18fc1800360028fc18fc18fc18fc18fc18000f00c0001efc18fc1820d2
  918.168 1e10000000091200010000000000000001000000000000000086dd
  918.168 1e10000000090260
  918.230 1e1000140003060000000000008c5f
  918.230 1e1000140003c263
  918.276 1e040000001673ab
  918.337 1e042c00e700e200ba00cd0085008400fa0000ffff000000320000000000000000000001e0000000000000001800217be4
  918.459 1e04001e00061261
  918.459 1e040c000000000000000000000000cabf
  918.522 0f1006f1000306ffff0172a41721b2
  918.522 0f1006f10003d05d
  919.105 0217a7f8000fa80c00070e004000000008003c000affff000082af
  919.151 02171e0017fc18fc1800360028fc18fc18fc18fc18fc18000f00c0001efc18fc1820d2
  919.213 0a17b3b00003b3c4000306000f001e00005050
  919.368 0f1006f4001326004000000008003c000a00000000000000000000000000000000000000000000000000000000fd46
  919.414 0f1006f40013c190
  919.490 0f1007e4001122000d00000000000f0906070909670579000000000000000000000000000000000000ec20
  919.520 0f1007e400114068
  920.122 0217a7f8000fa80c00070e004000000028003c000affff00001b6e
  920.185 02171e0017fc18fc1800360028fc18fc18fc18fc18fc18000f00c0001efc18fc1820d2
  920.262 1e10000000091200010000000000000001000000000000000086dd
  920.262 1e10000000090260
  920.339 1e1000140003060000000000008c5f
  920.339 1e1000140003c263
  920.369 1e040000001673ab
  920.445 1e042c00e700e200ba00cd0085008400fa0000ffff000000320000000000000000000001e0000000000000001800217be4
  920.522 1e04001e00061261
  920.552 1e040c000000000000000000000000cabf
  920.614 0617afc8000cafdc00050a0020000000000000000f827f
  920.722 0f03070800064450
  920.784 0f030c0000000080000000038c0000d4bb
  920.877 0f1006f4001326004000000028003c000a00000000000000000000000000000000002000000000000000000000d74b
  920.923 0f1006f40013c190
  921.171 0217a7f8000fa80c00070e004000000028003c000affff00001b6e
  921.233 02171e0017fc18fc1800360028fc18fc18fc18fc18fc18000f00c0001efc18fc1820d2
  921.310 0f1007f8001122000000000000000000000000000000000000000000000000000000000000000000006fb5
  921.341 0f1007f8001181ae
  922.215 0217a7f8000fa80c00070e004000000028003c000affff00001b6e
  922.277 02171e0017fc18fc1800360028fc18fc18fc18fc18fc18000f00c0001efc18fc1820d2
  922.353 1e10000000091200010000000000000001000000000000000086dd
  922.353 1e10000000090260
  922.431 1e1000140003060000000000008c5f
  922.431 1e1000140003c263
  922.461 1e040000001673ab
  922.538 1e042c00e700e200ba00cd0085008400fa0000ffff000000320000000000000000000001e0000000000000001800217be4
  922.615 1e04001e00061261
  922.646 1e040c000000000000000000000000cabf
  923.276 0217a7f8000fa80c00070e004000000028003c000affff00001b6e
  923.322 02171e0017fc18fc1800360028fc18fc18fc18fc18fc18000f00c0001efc18fc1820d2
  923.383 0a17b3b00003b3c4000306000f001e00005050
  923.537 0f10080c00122400c800000000000000000000000000000000000000000000000000140020000000000000b5e0
  923.567 0f10080c00128349
  924.321 0217a7f8000fa80c00070e004000000028003c000affff00001b6e
  924.382 02171e0017fc18fc1800360028fc18fc18fc18fc18fc18000f00c0001efc18fc1820d2
  924.459 1e10000000091200010000000000000001000000000000000086dd
  924.459 1e10000000090260
  924.521 1e1000140003060000000000008c5f
  924.521 1e1000140003c263
  924.567 1e040000001673ab
  924.630 1e042c00e700e200ba00cd0085008400fa0000ffff000000320000000000000000000001e0000000000000001800217be4
  924.753 1e04001e00061261
  924.753 1e040c000000000000000000000000cabf
  924.798 0617afc8000cafdc00050a0020000000000000000f827f
  924.920 0f03070800064450
  924.982 0f030c0000000000000000038c0000dcdb
  925.367 0217a7f8000fa80c00070e004000000028003c000affff00001b6e
  925.414 02171e0017fc18fc1800360028fc18fc18fc18fc18fc18000f00c0001efc18fc1820d2
  925.538 0f1007f8001122000000000000000000000000000000000000000000000000000000000000000000006fb5
  925.538 0f1007f8001181ae
  926.415 0217a7f8000fa80c00070e004000000028003c000affff00001b6e
  926.476 02171e0017fc18fc1800360028fc18fc18fc18fc18fc18000f00c0001efc18fc1820d2
  926.553 1e10000000091200010000000000000001000000000000000086dd
  926.553 1e10000000090260
  926.615 1e1000140003060000000000008c5f
  926.615 1e1000140003c263
  926.661 1e040000001673ab
  926.722 1e042c00e700e200ba00cd0085008400fa0000ffff000000320000000000000000000001e0000000000000001800217be4
  926.813 1e04001e00061261
  926.845 1e040c000000000000000000000000cabf
  927.461 0217a7f8000fa80c00070e004000000028003c000affff00001b6e
  927.523 02171e0017fc18fc1800360028fc18fc18fc18fc18fc18000f00c0001efc18fc1820d2
  927.568 0a17b3b00003b3c4000306000f001e00005050
  927.723 0f10080c00122400c800000000000000000000000000000000000000000000000000140020000000000000b5e0
  927.753 0f10080c00128349
  928.523 0217a7f8000fa80c00070e004000000028003c000affff00001b6e
  928.569 02171e0017fc18fc1800360028fc18fc18fc18fc18fc18000f00c0001efc18fc1820d2
  928.647 1e10000000091200010000000000000001000000000000000086dd
  928.647 1e10000000090260
  928.694 1e1000140003060000000000008c5f
  928.802 1e040000001673ab
  928.879 1e042c00e700e200ba00cd0085008400fa0000ffff000000320000000000000000000001e0000000000000001800217be4
  928.957 1e04001e00061261
  928.989 1e040c000000000000000000000000cabf
  929.051 0617afc8000cafdc00050a0020000000000000000f827f
  929.160 0f03070800064450
  929.206 0f030c0000000000000000038c0000dcdb
  929.560 0217a7f8000fa80c00070e004000000028003c000affff00001b6e
  929.622 02171e0017fc18fc1800360028fc18fc18fc18fc18fc18000f00c0001efc18fc1820d2
  929.728 0f1007f8001122000000000000000000000000000000000000000000000000000000000000000000006fb5
  929.728 0f1007f8001181ae
  930.608 0217a7f8000fa80c00070e004000000028003c000affff00001b6e
  930.669 02171e0017fc18fc1800360028fc18fc18fc18fc18fc18000f00c0001efc18fc1820d2
  930.745 1e10000000091200010000000000000001000000000000000086dd
  930.745 1e10000000090260
  930.823 1e1000140003060000000000008c5f
  930.823 1e1000140003c263
  930.854 1e040000001673ab
  930.915 1e042c00e700e200ba00cd0085008400fc0000ffff000000320000000000000000000001e0000000000000001800211be7
  931.039 1e04001e00061261
  931.039 1e040c000000000000000000000000cabf
  931.657 0217a7f8000fa80c00070e004000000028003c000affff00001b6e
  931.717 02171e0017fc18fc1800360028fc18fc18fc18fc18fc18000f00c0001efc18fc1820d2
  931.763 0a17b3b00003b3c4000306000f001e00005050
  931.917 0f10080c00122400c800000000000000000000000000000000000000000000000000140020000000000000b5e0
  931.978 0f10080c00128349
  932.706 0217a7f8000fa80c00070e004000000028003c000affff00001b6e
  932.767 02171e0017fc18fc1800360028fc18fc18fc18fc18fc18000f00c0001efc18fc1820d2
  932.844 1e10000000091200010000000000000001000000000000000086dd
  932.844 1e10000000090260
  932.921 1e1000140003060000000000008c5f
  932.921 1e1000140003c263
  932.952 1e040000001673ab
  933.028 1e042c00e700e200ba00cd0085008400fc0000ffff000000320000000000000000000001e0000000000000001800211be7
  933.106 1e04001e00061261
  933.136 1e040c000000000000000000000000cabf
  933.196 0617afc8000cafdc00050a0020000000000000000f827f
  933.305 0f03070800064450
  933.397 0f030c0000000000000000038000001cd8
  933.753 0217a7f8000fa80c00070e004000000028003c000affff00001b6e
  933.815 02171e0017fc18fc1800360028fc18fc18fc18fc18fc18000f00c0001efc18fc1820d2
  933.893 0f1007f8001122000000000000000000000000000000000000000000000000000000000000000000006fb5
  933.924 0f1007f8001181ae
  934.802 0217a7f8000fa80c00070e004000000028003c000affff00001b6e
  934.864 02171e0017fc18fc1800360028fc18fc18fc18fc18fc18000f00c0001efc18fc1820d2
  934.941 1e10000000091200010000000000000001000000000000000086dd
  934.941 1e10000000090260
  935.018 1e1000140003060000000000008c5f
  935.018 1e1000140003c263
  935.049 1e040000001673ab
  935.126 1e042c00e700e200ba00cd0085008400fc0000ffff000000320000000000000000000001e0000000000000001800211be7
  935.203 1e04001e00061261
  935.233 1e040c000000000000000000000000cabf
  935.862 0217a7f8000fa80c00070e004000000028003c000affff00001b6e
  935.908 02171e0017fc18fc1800360028fc18fc18fc18fc18fc18000f00c0001efc18fc1820d2
  935.971 0a17b3b00003b3c4000306000f001e00005050
  936.138 0f10080c00122400c800000000000000000000000000000000000000000000000000140020000000000000b5e0
  936.138 0f10080c00128349
  936.907 0217a7f8000fa80c00070e004000000008003c000affff000082af
  936.969 02171e0017fc18fc1800360028fc18fc18fc18fc18fc18000f00c0001efc18fc1820d2
  937.046 1e10000000091200010000000000000001000000000000000086dd
  937.046 1e10000000090260
  937.108 1e1000140003060000000000008c5f
  937.108 1e1000140003c263
  937.154 1e040000001673ab
  937.216 1e042c00e700e200ba00cd0085008400fc0000ffff000000320000000000000000000001e0000000000000001800211be7
  937.308 1e04001e00061261
  937.340 1e040c000000000000000000000000cabf
  937.402 0617afc8000cafdc00050a0000000000000000000f1bbe
  937.542 0f03070800064450
  937.542 0f030c0000000000000000038000001cd8
  937.957 0217a7f8000fa80c00070e004000000008003c000affff000082af
  938.003 02171e0017fc18fc1800360028fc18fc18fc18fc18fc18000f00c0001efc18fc1820d2
  938.125 0f10084800172e002e0028002800360036000000000000000100310000000000000032000a0000002600070014001a0009001a00058486
  938.125 0f1008480017035f
  939.007 0217a7f8000fa80c00070e004000000008003c000affff000082af
  939.053 02171e0017fc18fc1800360028fc18fc18fc18fc18fc18000f00c0001efc18fc1820d2
  939.145 1e10000000091200010000000000000001000000000000000086dd
  939.145 1e10000000090260
  939.206 1e1000140003060000000000008c5f
  939.206 1e1000140003c263
  939.253 1e040000001673ab
  939.315 1e042c00e700e200ba00cd0085008400fc0000ffff000000320000000000000000000001e0000000000000001800211be7
  939.424 1e04001e00061261
  939.424 1e040c000000000000000000000000cabf
  940.057 0217a7f8000fa80c00070e004000000008003c000affff000082af
  940.104 02171e0017fc18fc1800360028fc18fc18fc18fc18fc18000f00c0001efc18fc1820d2
  940.165 0a17b3b00003b3c4000306000f001e00005050
  940.319 0f10085f00050a0000000000000000000032c2
  940.319 0f10085f00053356
  941.103 0217a7f8000fa80c00070e004000000008003c000affff000082af
  941.165 02171e0017fc18fc1800360028fc18fc18fc18fc18fc18000f00c0001efc18fc1820d2
  941.241 1e10000000091200010000000000000001000000000000000086dd
  941.241 1e10000000090260
  941.304 1e1000140003060000000000008c5f
  941.304 1e1000140003c263
  941.350 1e040000001673ab
  941.412 1e042c00e700e200ba00cf0085008400fa0000ffff000000320000000000000000000001e0000000000000001800214084
  941.505 1e04001e00061261
  941.536 1e040c000000000000000000000000cabf
  941.598 0617afc8000cafdc00050a0000000000000000000f1bbe
  941.705 0f03070800064450
  941.736 0f030c0000000000000000030000001d30
  942.153 0217a7f8000fa80c00070e004000000008003c000affff000082af
  942.215 02171e0017fc18fc1800360028fc18fc18fc18fc18fc18000f00c0001efc18fc1820d2
  942.261 0f10085f00050a0000000000000000000032c2
  942.291 0f10085f00053356
  943.198 0217a7f8000fa80c00070e004000000008003c000affff000082af
  943.261 02171e0017fc18fc1800360028fc18fc18fc18fc18fc18000f00c0001efc18fc1820d2
  943.338 1e10000000091200010000000000000001000000000000000086dd
  943.338 1e10000000090260
  943.415 1e1000140003060000000000008c5f
  943.415 1e1000140003c263
  943.446 1e040000001673ab
  943.523 1e042c00e700e200ba00cf0085008400fa0000ffff000000320000000000000000000001e0000000000000001800214084
  943.600 1e04001e00061261
  943.630 1e040c000000000000000000000000cabf
  944.260 0217a7f8000fa80c00070e004000000008003c000affff000082af
  944.306 02171e0017fc18fc1800360028fc18fc18fc18fc18fc18000f00c0001efc18fc1820d2
  944.368 0a17b3b00003b3c4000306000f001e00005050
  944.507 0f10086400040800000000000000e85637
  944.507 0f1008640004835b
  945.293 0217a7f8000fa80c00070e004000000008003c000affff000082af
  945.355 02171e0017fc18fc1800360028fc18fc18fc18fc18fc18000f00c0001efc18fc1820d2
  945.433 1e10000000091200010000000000000001000000000000000086dd
  945.433 1e10000000090260
  945.510 1e1000140003060000000000008c5f
  945.510 1e1000140003c263
  945.541 1e040000001673ab
  945.602 1e042c00e700e200ba00cf0085008400fa0000ffff000000320000000000000000000001e0000000000000001800214084
  945.694 1e04001e00061261
  945.724 1e040c000000000000000000000000cabf
  945.786 0617afc8000cafdc00050a0000000000000000000f1bbe
  945.894 0f03070800064450
  945.925 0f030c0000000000000000020000001ccc
  946.345 0217a7f8000fa80c00070e004000000008003c000affff000082af
  946.405 02171e0017fc18fc1800360028fc18fc18fc18fc18fc18000f00c0001efc18fc1820d2
  946.483 0f100870001122046b000001f501a701b501a700c90000000000000000012a05c378090000000000006f99
  946.514 0f10087000110290
  947.393 0217a7f8000fa80c00070e004000000008003c000affff000082af
  947.440 02171e0017fc18fc1800360028fc18fc18fc18fc18fc18000f00c0001efc18fc1820d2
  947.532 1e10000000091200010000000000000001000000000000000086dd
  947.532 1e10000000090260
  947.608 1e1000140003060000000000008c5f
  947.608 1e1000140003c263
  947.639 1e040000001673ab
  947.702 1e042c00e700e200ba00cf0085008400fa0000ffff000000320000000000000000000001e0000000000000001800214084
  947.794 1e04001e00061261
  947.825 1e040c000000000000000000000000cabf
  948.439 0217a7f8000fa80c00070e004000000008003c000affff000082af
  948.502 02171e0017fc18fc1800360028fc18fc18fc18fc18fc18000f00c0001efc18fc1820d2
  948.549 0a17b3b00003b3c4000306000f001e00005050
  949.491 0217a7f8000fa80c00070e004000000008003c000affff000082af
  949.552 02171e0017fc18fc1800360028fc18fc18fc18fc18fc18000f00c0001efc18fc1820d2
  949.629 1e10000000091200010000000000000001000000000000000086dd
  949.629 1e10000000090260
  949.692 1e1000140003060000000000008c5f
  949.692 1e1000140003c263
  949.738 1e040000001673ab
  949.801 1e042c00e700e200ba00cf0085008400fa0000ffff000000320000000000000000000001e0000000000000001800214084
  949.894 1e04001e00061261
  949.924 1e040c000000000000000000000000cabf
  949.985 0617afc8000cafdc00050a0000000000000000000f1bbe
  950.093 0f03070800064450
  950.123 0f030c0000000000000000000000001d74
  950.539 0217a7f8000fa80c00070e004000000008003c000affff000082af
  950.601 02171e0017fc18fc1800360028fc18fc18fc18fc18fc18000f00c0001efc18fc1820d2
  950.679 0f100870001122046b000001f501a701b501a700c90000000000000000012a05c378090000000000006f99
  950.709 0f10087000110290
  951.589 0217a7f8000fa80c00070e004000000008003c000affff000082af
  951.634 02171e0017fc18fc1800360028fc18fc18fc18fc18fc18000f00c0001efc18fc1820d2
  951.728 1e10000000091200010000000000000001000000000000000086dd
  951.728 1e10000000090260
  951.788 1e1000140003060000000000008c5f
  951.788 1e1000140003c263
  951.835 1e040000001673ab
  951.896 1e042c00e700e200ba00cf0085008400fa0000ffff000000320000000000000000000001e0000000000000001800214084
  951.988 1e04001e00061261
  952.019 1e040c000000000000000000000000cabf
  952.636 0217a7f8000fa80c00070e004000000008003c000affff000082af
  952.699 02171e0017fc18fc1800360028fc18fc18fc18fc18fc18000f00c0001efc18fc1820d2
  952.745 0a17b3b00003b3c4000306000f001e00005050
  953.688 0217a7f8000fa80c00070e004000000008003c000affff000082af
  953.734 02171e0017fc18fc1800360028fc18fc18fc18fc18fc18000f00c0001efc18fc1820d2
  953.827 1e10000000091200010000000000000001000000000000000086dd
  953.827 1e10000000090260
  953.889 1e1000140003060000000000008c5f
  953.889 1e1000140003c263
  953.934 1e040000001673ab
  953.996 1e042c00e700e200ba00cf0085008400fa0000ffff000000320000000000000000000001e0000000000000001800214084
  954.119 1e04001e00061261
  954.119 1e040c000000000000000000000000cabf
  954.164 0617afc8000cafdc00050a0000000000000000000f1bbe
  954.318 0f03070800064450
  954.318 0f030c0000000000000000000000001d74
  954.730 0217a7f8000fa80c00070e004000000008003c000affff000082af
  954.791 02171e0017fc18fc1800360028fc18fc18fc18fc18fc18000f00c0001efc18fc1820d2
  954.868 0f1007d000132600170017ff9c00360028ff9cff9cff9cff9cff9c000f00c0001e004000000008003c000a000036e6
  954.899 0f1007d000138067
  955.780 0217a7f8000fa80c00070e004000000008003c000affff000082af
  955.825 02171e0017fc18fc1800360028fc18fc18fc18fc18fc18000f00c0001efc18fc1820d2
  955.917 1e10000000091200010000000000000001000000000000000086dd
  955.917 1e10000000090260
  955.979 1e1000140003060000000000008c5f
  955.979 1e1000140003c263
  956.010 1e040000001673ab
  956.087 1e042c00e700e200ba00cf0085008400fa0000ffff000000320000000000000000000001e0000000000000001800214084
  956.193 1e04001e00061261
  956.193 1e040c000000000000000000000000cabf
  956.827 0217a7f8000fa80c00070e004000000008003c000affff000082af
  956.873 02171e0017fc18fc1800360028fc18fc18fc18fc18fc18000f00c0001efc18fc1820d2
  956.934 0a17b3b00003b3c4000306000f001e00005050
  957.103 0f1007e4001122000d00000000000f0906070909670579000000000000000000000000000000000000ec20
  957.103 0f1007e400114068
  957.873 0217a7f8000fa80c00070e004000000008003c000affff000082af
  957.920 02171e0017fc18fc1800360028fc18fc18fc18fc18fc18000f00c0001efc18fc1820d2
  958.012 1e10000000091200010000000000000001000000000000000086dd
  958.012 1e10000000090260
  958.088 1e1000140003060000000000008c5f
  958.088 1e1000140003c263
  958.118 1e040000001673ab
  958.180 1e042c00e700e200ba00cf0085008400fa0000ffff000000320000000000000000000001e0000000000000001800214084
  958.273 1e04001e00061261
  958.304 1e040c000000000000000000000000cabf
  958.365 0617afc8000cafdc00050a0000000000000000000f1bbe
  958.474 0f03070800064450
  958.505 0f030c0000000000000000000000001d74
  958.922 0217a7f8000fa80c00070e004000000008003c000affff000082af
  958.984 02171e0017fc18fc1800360028fc18fc18fc18fc18fc18000f00c0001efc18fc1820d2
  959.077 0f1007f8001122000000000000000000000000000000000000000000000000000000000000000000006fb5
  959.077 0f1007f8001181ae
  959.968 0217a7f8000fa80c00070e004000000008003c000affff000082af
  960.029 02171e0017fc18fc1800360028fc18fc18fc18fc18fc18000f00c0001efc18fc1820d2
  960.108 1e10000000091200010000000000000001000000000000000086dd
  960.108 1e10000000090260
  960.169 1e1000140003060000000000008c5f
  960.169 1e1000140003c263
  960.214 1e040000001673ab
  960.276 1e042c00e700e200ba00cf0085008400fa0000ffff000000320000000000000000000001e0000000000000001800214084
  960.368 1e04001e00061261
  960.398 1e040c000000000000000000000000cabf
  961.017 0217a7f8000fa80c00070e004000000008003c000affff000082af
  961.078 02171e0017fc18fc1800360028fc18fc18fc18fc18fc18000f00c0001efc18fc1820d2
  961.125 0a17b3b00003b3c4000306000f001e00005050
  961.309 0f10080c00122400c8000000000000000000000000000000000000000000000000001400000000000000009422
  961.309 0f10080c00128349
  962.078 0217a7f8000fa80c00070e004000000008003c000affff000082af
  962.124 02171e0017fc18fc1800360028fc18fc18fc18fc18fc18000f00c0001efc18fc1820d2
  962.202 1e10000000091200010000000000000001000000000000000086dd
  962.202 1e10000000090260
  962.278 1e1000140003060000000000008c5f
  962.278 1e1000140003c263
  962.309 1e040000001673ab
  962.385 1e042c00e700e200ba00cf0085008400fc0000ffff000000320000000000000000000001e0000000000000001800212087
  962.462 1e04001e00061261
  962.494 1e040c000000000000000000000000cabf
  962.555 0617afc8000cafdc00050a0000000000000000000f1bbe
  962.661 0f03070800064450
  962.692 0f030c0000000000000000000000001d74
  963.124 0217a7f8000fa80c00070e004000000008003c000affff000082af
  963.171 02171e0017fc18fc1800360028fc18fc18fc18fc18fc18000f00c0001efc18fc1820d2
  963.278 0f10082000122400e700e200ba00cf0085008400fc00320000000000000000000001e000180021096705790bba
  963.278 0f10082000124280
  964.156 0217a7f8000fa80c00070e004000000008003c000affff000082af
  964.218 02171e0017fc18fc1800360028fc18fc18fc18fc18fc18000f00c0001efc18fc1820d2
  964.294 1e10000000091200010000000000000001000000000000000086dd
  964.294 1e10000000090260
  964.371 1e1000140003060000000000008c5f
  964.371 1e1000140003c263
  964.402 1e040000001673ab
  964.463 1e042c00e700e200ba00cf0085008400fc0000ffff000000320000000000000000000001e0000000000000001800212087
  964.553 1e04001e00061261
  964.585 1e040c000000000000000000000000cabf
  965.206 0217a7f8000fa80c00070e004000000008003c000affff000082af
  965.267 02171e0017fc18fc1800360028fc18fc18fc18fc18fc18000f00c0001efc18fc1820d2
  965.328 0a17b3b00003b3c4000306000f001e00005050
  965.501 0f1008340012240000000000000000000000000000000000800000000000000000015e015e00000000000055c5
  965.501 0f10083400120284
  966.257 0217a7f8000fa80c00070e004000000008003c000affff000082af
  966.318 02171e0017fc18fc1800360028fc18fc18fc18fc18fc18000f00c0001efc18fc1820d2
  966.394 1e10000000091200010000000000000001000000000000000086dd
  966.394 1e10000000090260
  966.472 1e1000140003060000000000008c5f
  966.472 1e1000140003c263
  966.503 1e040000001673ab
  966.565 1e042c00e700e200ba00cf0085008400fc0000ffff000000320000000000000000000001e0000000000000001800212087
  966.657 1e04001e00061261
  966.688 1e040c000000000000000000000000cabf
  966.749 0617afc8000cafdc00050a0000000000000000000f1bbe
  966.858 0f03070800064450
  966.889 0f030c0000000000000000000000001d74
  967.305 0217a7f8000fa80c00070e004000000008003c000affff000082af
  967.367 02171e0017fc18fc1800360028fc18fc18fc18fc18fc18000f00c0001efc18fc1820d2
  967.491 0f10084800172e00370028002800360036000000000000000100310000000000000032000a0000000700080014001a0009001a0005ca2e
  967.491 0f1008480017035f
  968.354 0217a7f8000fa80c00070e004000000008003c000affff000082af
  968.415 02171e0017fc18fc1800360028fc18fc18fc18fc18fc18000f00c0001efc18fc1820d2
  968.493 1e10000000091200010000000000000001000000000000000086dd
  968.493 1e10000000090260
  968.569 1e1000140003060000000000008c5f
  968.569 1e1000140003c263
  968.601 1e040000001673ab
  968.663 1e042c00e700e200ba00cf0085008400fc0000ffff000000320000000000000000000001e0000000000000001800212087
  968.755 1e04001e00061261
  968.785 1e040c000000000000000000000000cabf
  969.418 0217a7f8000fa80c00070e004000000008003c000affff000082af
  969.464 02171e0017fc18fc1800360028fc18fc18fc18fc18fc18000f00c0001efc18fc1820d2
  969.510 0a17b3b00003b3c4000306000f001e00005050
  969.634 0f10086400040800000000000000e85637
  969.665 0f1008640004835b
  970.466 0217a7f8000fa80c00070e004000000008003c000affff000082af
  970.512 02171e0017fc18fc1800360028fc18fc18fc18fc18fc18000f00c0001efc18fc1820d2
  970.604 1e10000000091200010000000000000001000000000000000086dd
  970.604 1e10000000090260
  970.665 1e1000140003060000000000008c5f
  970.665 1e1000140003c263
  970.711 1e040000001673ab
  970.772 1e042c00e700e200ba00cf0085008400fc0000ffff000000320000000000000000000001e0000000000000001800212087
  970.897 1e04001e00061261
  970.897 1e040c000000000000000000000000cabf
  970.943 0617afc8000cafdc00050a0000000000000000000f1bbe
  971.098 0f03070800064450
  971.098 0f030c0000000000000000000000001d74
  971.510 0217a7f8000fa80c00070e004000000008003c000affff000082af
  971.557 02171e0017fc18fc1800360028fc18fc18fc18fc18fc18000f00c0001efc18fc1820d2
  971.666 0f100870001122046b000001f501a701b501a700c90000000000000000012a05c378090000000000006f99
  971.666 0f10087000110290
  972.562 0217a7f8000fa80c00070e004000000008003c000affff000082af
  972.608 02171e0017fc18fc1800360028fc18fc18fc18fc18fc18000f00c0001efc18fc1820d2
  972.701 1e10000000091200010000000000000001000000000000000086dd
  972.701 1e10000000090260
  972.763 1e1000140003060000000000008c5f
  972.763 1e1000140003c263
  972.808 1e040000001673ab
  972.871 1e042c00e700e200ba00cd0085008400fc0000ffff000000320000000000000000000001e0000000000000001800211be7
  972.994 1e04001e00061261
  972.994 1e040c000000000000000000000000cabf
  973.608 0217a7f8000fa80c00070e004000000008003c000affff000082af
  973.654 02171e0017fc18fc1800360028fc18fc18fc18fc18fc18000f00c0001efc18fc1820d2
  973.716 0a17b3b00003b3c4000306000f001e00005050
  974.779 0f100884003c837f
  974.779 0217a7f8000fa80c00070e004000000008003c000affff000082af
  974.779 02171e0017fc18fc1800360028fc18fc18fc18fc18fc18000f00c0001efc18fc1820d2
  974.856 1e10000000091200010000000000000001000000000000000086dd
  974.856 1e10000000090260
  974.918 1e1000140003060000000000008c5f
  974.918 1e1000140003c263
  974.964 1e040000001673ab
  975.025 1e042c00e700e200ba00cd0085008400fc0000ffff000000320000000000000000000001e0000000000000001800211be7
  975.118 1e04001e00061261
  975.148 1e040c000000000000000000000000cabf
  975.210 0617afc8000cafdc00050a0000000000000000000f1bbe
  975.349 0f03070800064450
  975.349 0f030c0000000000000000000000001d74
  975.762 0217a7f8000fa80c00070e004000000008003c000affff000082af
  975.825 02171e0017fc18fc1800360028fc18fc18fc18fc18fc18000f00c0001efc18fc1820d2
  975.933 0f1007d000132600170017ff9c00360028ff9cff9cff9cff9cff9c000f00c0001e004000000008003c000a000036e6
  975.933 0f1007d000138067
  976.808 0217a7f8000fa80c00070e004000000008003c000affff000082af
  976.869 02171e0017fc18fc1800360028fc18fc18fc18fc18fc18000f00c0001efc18fc1820d2
  976.946 1e10000000091200010000000000000001000000000000000086dd
  976.946 1e10000000090260
  977.023 1e1000140003060000000000008c5f
  977.023 1e1000140003c263
  977.054 1e040000001673ab
  977.117 1e042c00e700e200ba00cd0085008400fc0000ffff000000320000000000000000000001e0000000000000001800211be7
  977.208 1e04001e00061261
  977.240 1e040c000000000000000000000000cabf
  977.854 0217a7f8000fa80c00070e004000000008003c000affff000082af
  977.915 02171e0017fc18fc1800360028fc18fc18fc18fc18fc18000f00c0001efc18fc1820d2
  977.961 0a17b3b00003b3c4000306000f001e00005050
  978.147 0f1007e4001122000d00000000000f0906070909670579000000000000000000000000000000000000ec20
  978.147 0f1007e400114068
  978.904 0217a7f8000fa80c00070e004000000008003c000affff000082af
  978.965 02171e0017fc18fc1800360028fc18fc18fc18fc18fc18000f00c0001efc18fc1820d2
  979.042 1e10000000091200010000000000000001000000000000000086dd
  979.042 1e10000000090260
  979.119 1e1000140003060000000000008c5f
  979.119 1e1000140003c263
  979.150 1e040000001673ab
  979.227 1e042c00e700e200ba00cd0085008400fc0000ffff000000320000000000000000000001e0000000000000001800211be7
  979.304 1e04001e00061261
  979.335 1e040c000000000000000000000000cabf
  979.395 0617afc8000cafdc00050a0000000000000000000f1bbe
  979.501 0f03070800064450
  979.532 0f030c0000000000000000000000001d74
  979.961 0217a7f8000fa80c00070e004000000008003c000affff000082af
  980.008 02171e0017fc18fc1800360028fc18fc18fc18fc18fc18000f00c0001efc18fc1820d2
  980.100 0f1007f8001122000000000000000000000000000000000000000000000000000000000000000000006fb5
  980.100 0f1007f8001181ae
  981.009 0217a7f8000fa80c00070e004000000008003c000affff000082af
  981.055 02171e0017fc18fc1800360028fc18fc18fc18fc18fc18000f00c0001efc18fc1820d2
  981.146 1e10000000091200010000000000000001000000000000000086dd
  981.146 1e10000000090260
  981.207 1e1000140003060000000000008c5f
  981.207 1e1000140003c263
  981.253 1e040000001673ab
  981.315 1e042c00e700e200ba00cd0085008400fc0000ffff000000320000000000000000000001e0000000000000001800211be7
  981.438 1e04001e00061261
  981.438 1e040c000000000000000000000000cabf
  982.055 0217a7f8000fa80c00070e004000000008003c000affff000082af
  982.101 02171e0017fc18fc1800360028fc18fc18fc18fc18fc18000f00c0001efc18fc1820d2
  982.164 0a17b3b00003b3c4000306000f001e00005050
  982.332 0f10080c00122400c8000000000000000000000000000000000000000000000000001400000000000000009422
  982.332 0f10080c00128349
  983.104 0217a7f8000fa80c00070e004000000028003c000affff00001b6e
  983.165 02171e0017fc18fc1800360028fc18fc18fc18fc18fc18000f00c0001efc18fc1820d2
  983.243 1e10000000091200010000000000000001000000000000000086dd
  983.243 1e10000000090260
  983.305 1e1000140003060000000000008c5f
  983.305 1e1000140003c263
  983.351 1e040000001673ab
  983.413 1e042c00e700e200ba00cf0085008400fc0000ffff000000320000000000000000000001e0000000000000001800212087
  983.506 1e04001e00061261
  983.537 1e040c000000000000000000000000cabf
  983.598 0617afc8000cafdc00050a0020000000000000000f827f
  983.738 0f03070800064450
  983.738 0f030c0000000000000000000000001d74
  984.154 0217a7f8000fa80c00070e004000000028003c000affff00001b6e
  984.202 02171e0017fc18fc1800360028fc18fc18fc18fc18fc18000f00c0001efc18fc1820d2
  984.311 0f10082000122400e700e200ba00cf0085008400fc00320000000000000000000001e000180021096705790bba
  984.311 0f10082000124280
  985.204 0217a7f8000fa80c00070e004000000028003c000affff00001b6e
  985.250 02171e0017fc18fc1800360028fc18fc18fc18fc18fc18000f00c0001efc18fc1820d2
  985.343 1e10000000091200010000000000000001000000000000000086dd
  985.343 1e10000000090260
  985.405 1e1000140003060000000000008c5f
  985.405 1e1000140003c263
  985.451 1e040000001673ab
  985.513 1e042c00e700e200ba00cf0085008400fa0000ffff000000320000000000000000000001e0000000000000001800214084
  985.635 1e04001e00061261
  985.635 1e040c000000000000000000000000cabf
  986.253 0217a7f8000fa80c00070e004000000028003c000affff00001b6e
  986.300 02171e0017fc18fc1800360028fc18fc18fc18fc18fc18000f00c0001efc18fc1820d2
  986.361 0a17b3b00003b3c4000306000f001e00005050
  986.530 0f1008340012240000000000000000000000000000000000800000000000000000015e015e00000000000055c5
  986.530 0f10083400120284
  987.298 0217a7f8000fa80c00070e004000000028003c000affff00001b6e
  987.359 02171e0017fc18fc1800360028fc18fc18fc18fc18fc18000f00c0001efc18fc1820d2
  987.437 1e10000000091200010000000000000001000000000000000086dd
  987.437 1e10000000090260
  987.514 1e1000140003060000000000008c5f
  987.514 1e1000140003c263
  987.545 1e040000001673ab
  987.621 1e042c00e700e200ba00cf0085008400fa0000ffff000000320000000000000000000001e0000000000000001800214084
  987.697 1e04001e00061261
  987.729 1e040c000000000000000000000000cabf
  987.791 0617afc8000cafdc00050a0020000000000000000f827f
  987.899 0f03070800064450
  987.931 0f030c0000000000000000000000001d74
  988.346 0217a7f8000fa80c00070e004000000028003c000affff00001b6e
  988.407 02171e0017fc18fc1800360028fc18fc18fc18fc18fc18000f00c0001efc18fc1820d2
  988.516 0f10084800172e003e0028002800360036000000000000000100310000000000000032000a0000001c00080014001a0009001a0005f161
  988.516 0f1008480017035f
  989.395 0217a7f8000fa80c00070e004000000028003c000affff00001b6e
  989.457 02171e0017fc18fc1800360028fc18fc18fc18fc18fc18000f00c0001efc18fc1820d2
  989.535 1e10000000091200010000000000000001000000000000000086dd
  989.535 1e10000000090260
  989.613 1e1000140003060000000000008c5f
  989.613 1e1000140003c263
  989.643 1e040000001673ab
  989.720 1e042c00e700e200ba00cf0085008400fa0000ffff000000320000000000000000000001e0000000000000001800214084
  989.798 1e04001e00061261
  989.829 1e040c000000000000000000000000cabf
  990.442 0217a7f8000fa80c00070e004000000028003c000affff00001b6e
  990.505 02171e0017fc18fc1800360028fc18fc18fc18fc18fc18000f00c0001efc18fc1820d2
  990.551 0a17b3b00003b3c4000306000f001e00005050
  990.705 0f10086400040800000000000000e85637
  990.705 0f1008640004835b
  991.503 0217a7f8000fa80c00070e004000000028003c000affff00001b6e
  991.548 02171e0017fc18fc1800360028fc18fc18fc18fc18fc18000f00c0001efc18fc1820d2
  991.642 1e10000000091200010000000000000001000000000000000086dd
  991.642 1e10000000090260
  991.704 1e1000140003060000000000008c5f
  991.704 1e1000140003c263
  991.750 1e040000001673ab
  991.812 1e042c00e700e200ba00cf0085008400fa0000ffff000000320000000000000000000001e0000000000000001800214084
  991.934 1e04001e00061261
  991.934 1e040c000000000000000000000000cabf
  991.980 0617afc8000cafdc00050a0020000000000000000f827f
  992.119 0f03070800064450
  992.119 0f030c0000000000000000000000001d74
  992.552 0217a7f8000fa80c00070e004000000028003c000affff00001b6e
  992.599 02171e0017fc18fc1800360028fc18fc18fc18fc18fc18000f00c0001efc18fc1820d2
  992.675 0f100870001122046b000001f501a701b501a700c90000000000000000012a05c378090000000000006f99
  992.707 0f10087000110290
  993.596 0217a7f8000fa80c00070e004000000028003c000affff00001b6e
  993.643 02171e0017fc18fc1800360028fc18fc18fc18fc18fc18000f00c0001efc18fc1820d2
  993.735 1e10000000091200010000000000000001000000000000000086dd
  993.735 1e10000000090260
  993.796 1e1000140003060000000000008c5f
  993.796 1e1000140003c263
  993.828 1e040000001673ab
  993.890 1e042c00e700e200ba00cf0085008400fa0000ffff000000320000000000000000000001e0000000000000001800214084
  993.983 1e04001e00061261
  994.014 1e040c000000000000000000000000cabf
  994.647 0217a7f8000fa80c00070e004000000028003c000affff00001b6e
  994.693 02171e0017fc18fc1800360028fc18fc18fc18fc18fc18000f00c0001efc18fc1820d2
  994.756 0a17b3b00003b3c4000306000f001e00005050
  995.884 0217a7f8000fa80c00070e004000000028003c000affff00001b6e
  995.884 02171e0017fc18fc1800360028fc18fc18fc18fc18fc18000f00c0001efc18fc1820d2
  995.884 1e10000000091200010000000000000001000000000000000086dd
  995.884 1e10000000090260
  995.960 1e1000140003060000000000008c5f
  995.960 1e1000140003c263
  995.991 1e040000001673ab
  996.054 1e042c00e700e200ba00cf0085008400fa0000ffff000000320000000000000000000001e0000000000000001800214084
  996.147 1e04001e00061261
  996.178 1e040c000000000000000000000000cabf
  996.226 0617afc8000cafdc00050a0020000000000000000f827f
  996.380 0f03070800064450
  996.380 0f030c0000000000000000000000001d74
  996.796 0217a7f8000fa80c00070e004000000028003c000affff00001b6e
  996.859 02171e0017fc18fc1800360028fc18fc18fc18fc18fc18000f00c0001efc18fc1820d2
  997.906 0f100884003c837f
  997.906 0217a7f8000fa80c00070e004000000028003c000affff00001b6e
  997.906 02171e0017fc18fc1800360028fc18fc18fc18fc18fc18000f00c0001efc18fc1820d2
  997.984 1e10000000091200010000000000000001000000000000000086dd
  997.984 1e10000000090260
  998.044 1e1000140003060000000000008c5f
  998.044 1e1000140003c263
  998.091 1e040000001673ab
  998.153 1e042c00e700e200ba00cf0085008400fa0000ffff000000320000000000000000000001e0000000000000001800214084
  998.275 1e04001e00061261
  998.275 1e040c000000000000000000000000cabf
  998.888 0217a7f8000fa80c00070e004000000028003c000affff00001b6e
  998.950 02171e0017fc18fc1800360028fc18fc18fc18fc18fc18000f00c0001efc18fc1820d2
  998.996 0a17b3b00003b3c4000306000f001e00005050
  999.938 0217a7f8000fa80c00070e004000000008003c000affff000082af
  999.999 02171e0017fc18fc1800360028fc18fc18fc18fc18fc18000f00c0001efc18fc1820d2
 1000.075 1e10000000091200010000000000000001000000000000000086dd
 1000.075 1e10000000090260
 1000.152 1e1000140003060000000000008c5f
 1000.152 1e1000140003c263
 1000.183 1e040000001673ab
 1000.245 1e042c00e700e200ba00cf0085008400fa0000ffff000000320000000000000000000001e0000000000000001800214084
 1000.337 1e04001e00061261
 1000.367 1e040c000000000000000000000000cabf
 1000.428 0617afc8000cafdc00050a0000000000000000000f1bbe
 1000.569 0f03070800064450
 1000.569 0f030c0000000000000000000000001d74
 1000.985 0217a7f8000fa80c00070e004000000008003c000affff000082af
 1001.046 02171e0017fc18fc1800360028fc18fc18fc18fc18fc18000f00c0001efc18fc1820d2
 1001.123 0f1007d000132600170017ff9c00360028ff9cff9cff9cff9cff9c000f00c0001e004000000008003c000a000036e6
 1001.155 0f1007d000138067
 1002.029 0217a7f8000fa80c00070e004000000008003c000affff000082af
 1002.090 02171e0017fc18fc1800360028fc18fc18fc18fc18fc18000f00c0001efc18fc1820d2
 1002.168 1e10000000091200010000000000000001000000000000000086dd
 1002.168 1e10000000090260
 1002.243 1e1000140003060000000000008c5f
 1002.243 1e1000140003c263
 1002.274 1e040000001673ab
 1002.350 1e042c00e700e200ba00cf0085008400fa0000ffff000000320000000000000000000001e0000000000000001800214084
 1002.471 1e04001e00061261
 1002.471 1e040c000000000000000000000000cabf
 1003.087 0217a7f8000fa80c00070e004000000008003c000affff000082af
 1003.133 02171e0017fc18fc1800360028fc18fc18fc18fc18fc18000f00c0001efc18fc1820d2
 1003.195 0a17b3b00003b3c4000306000f001e00005050
 1003.364 0f1007e4001122000d00000000000f0906070909670579000000000000000000000000000000000000ec20
 1003.364 0f1007e400114068
 1004.140 0217a7f8000fa80c00070e004000000008003c000affff000082af
 1004.187 02171e0017fc18fc1800360028fc18fc18fc18fc18fc18000f00c0001efc18fc1820d2
 1004.264 1e10000000091200010000000000000001000000000000000086dd
 1004.264 1e10000000090260
 1004.341 1e1000140003060000000000008c5f
 1004.341 1e1000140003c263
 1004.387 1e040000001673ab
 1004.448 1e042c00e700e200ba00cf0085008400fa0000ffff000000320000000000000000000001e0000000000000001800214084
 1004.571 1e04001e00061261
 1004.571 1e040c000000000000000000000000cabf
 1004.618 0617afc8000cafdc00050a0000000000000000000f1bbe
 1004.725 0f03070800064450
 1004.770 0f030c0000000000000000000000001d74
 1005.186 0217a7f8000fa80c00070e004000000008003c000affff000082af
 1005.233 02171e0017fc18fc1800360028fc18fc18fc18fc18fc18000f00c0001efc18fc1820d2
 1005.340 0f1007f8001122000000000000000000000000000000000000000000000000000000000000000000006fb5
 1005.340 0f1007f8001181ae
 1006.235 0217a7f8000fa80c00070e004000000008003c000affff000082af
 1006.281 02171e0017fc18fc1800360028fc18fc18fc18fc18fc18000f00c0001efc18fc1820d2
 1006.374 1e10000000091200010000000000000001000000000000000086dd
 1006.374 1e10000000090260
 1006.436 1e1000140003060000000000008c5f
 1006.436 1e1000140003c263
 1006.467 1e040000001673ab
 1006.543 1e042c00e700e200ba00cd0085008400fa0000ffff000000320000000000000000000001e0000000000000001800217be4
 1006.620 1e04001e00061261
 1006.651 1e040c000000000000000000000000cabf
 1007.286 0217a7f8000fa80c00070e004000000008003c000affff000082af
 1007.331 02171e0017fc18fc1800360028fc18fc18fc18fc18fc18000f00c0001efc18fc1820d2
 1007.392 0a17b3b00003b3c4000306000f001e00005050
 1007.563 0f10080c00122400c8000000000000000000000000000000000000000000000000001400000000000000009422
 1007.563 0f10080c00128349
 1008.333 0217a7f8000fa80c00070e004000000008003c000affff000082af
 1008.380 02171e0017fc18fc1800360028fc18fc18fc18fc18fc18000f00c0001efc18fc1820d2
 1008.471 1e10000000091200010000000000000001000000000000000086dd
 1008.471 1e10000000090260
 1008.533 1e1000140003060000000000008c5f
 1008.533 1e1000140003c263
 1008.563 1e040000001673ab
 1008.640 1e042c00e700e200ba00cd0085008400fa0000ffff000000320000000000000000000001e0000000000000001800217be4
 1008.718 1e04001e00061261
 1008.748 1e040c000000000000000000000000cabf
 1008.810 0617afc8000cafdc00050a0000000000000000000f1bbe
 1008.918 0f03070800064450
 1008.949 0f030c0000000000000000000000001d74
 1009.380 0217a7f8000fa80c00070e004000000008003c000affff000082af
 1009.427 02171e0017fc18fc1800360028fc18fc18fc18fc18fc18000f00c0001efc18fc1820d2
 1009.535 0f10082000122400e700e200ba00cd0085008400fa00320000000000000000000001e000180021096705792033
 1009.535 0f10082000124280
 1010.426 0217a7f8000fa80c00070e004000000008003c000affff000082af
 1010.472 02171e0017fc18fc1800360028fc18fc18fc18fc18fc18000f00c0001efc18fc1820d2
 1010.564 1e10000000091200010000000000000001000000000000000086dd
 1010.564 1e10000000090260
 1010.626 1e1000140003060000000000008c5f
 1010.626 1e1000140003c263
 1010.672 1e040000001673ab
 1010.733 1e042c00e700e200ba00cd0085008400fa0000ffff000000320000000000000000000001e0000000000000001800217be4
 1010.856 1e04001e00061261
 1010.856 1e040c000000000000000000000000cabf
 1011.475 0217a7f8000fa80c00070e004000000008003c000affff000082af
 1011.521 02171e0017fc18fc1800360028fc18fc18fc18fc18fc18000f00c0001efc18fc1820d2
 1011.582 0a17b3b00003b3c4000306000f001e00005050
 1011.766 0f1008340012240000000000000000000000000000000000800000000000000000015e015e00000000000055c5
 1011.766 0f10083400120284
 1012.522 0217a7f8000fa80c00070e004000000008003c000affff000082af
 1012.583 02171e0017fc18fc1800360028fc18fc18fc18fc18fc18000f00c0001efc18fc1820d2
 1012.661 1e10000000091200010000000000000001000000000000000086dd
 1012.661 1e10000000090260
 1012.722 1e1000140003060000000000008c5f
 1012.722 1e1000140003c263
 1012.769 1e040000001673ab
 1012.831 1e042c00e700e200ba00cd0085008400fa0000ffff000000320000000000000000000001e0000000000000001800217be4
 1012.923 1e04001e00061261
 1012.954 1e040c000000000000000000000000cabf
 1013.015 0617afc8000cafdc00050a0000000000000000000f1bbe
 1013.122 0f03070800064450
 1013.153 0f030c0000000000000000000000001d74
 1013.568 0217a7f8000fa80c00070e004000000008003c000affff000082af
 1013.631 02171e0017fc18fc1800360028fc18fc18fc18fc18fc18000f00c0001efc18fc1820d2
 1013.739 0f10084800172e00460028002800360036000000000000000100310000000000000032000a0000003600080014001a0009001a00054c30
 1013.739 0f1008480017035f
 1014.617 0217a7f8000fa80c00070e004000000008003c000affff000082af
 1014.679 02171e0017fc18fc1800360028fc18fc18fc18fc18fc18000f00c0001efc18fc1820d2
 1014.756 1e10000000091200010000000000000001000000000000000086dd
 1014.756 1e10000000090260
 1014.832 1e1000140003060000000000008c5f
 1014.832 1e1000140003c263
 1014.863 1e040000001673ab
 1014.941 1e042c00e700e200ba00cd0085008400fa0000ffff000000320000000000000000000001e0000000000000001800217be4
 1015.016 1e04001e00061261
 1015.046 1e040c000000000000000000000000cabf
 1015.678 0217a7f8000fa80c00070e004000000008003c000affff000082af
 1015.725 02171e0017fc18fc1800360028fc18fc18fc18fc18fc18000f00c0001efc18fc1820d2
 1015.785 0a17b3b00003b3c4000306000f001e00005050
 1015.924 0f10086400040800000000000000e85637
 1015.924 0f1008640004835b
 1016.724 0217a7f8000fa80c00070e004000000008003c000affff000082af
 1016.769 02171e0017fc18fc1800360028fc18fc18fc18fc18fc18000f00c0001efc18fc1820d2
 1016.861 1e10000000091200010000000000000001000000000000000086dd
 1016.861 1e10000000090260
 1016.923 1e1000140003060000000000008c5f
 1016.923 1e1000140003c263
 1016.953 1e040000001673ab
 1017.030 1e042c00e700e200ba00cd0084008400fa0000ffff000000320000000000000000000001e0000000000000001800215724
 1017.108 1e04001e00061261
 1017.139 1e040c000000000000000000000000cabf
 1017.200 0617afc8000cafdc00050a0000000000000000000f1bbe
 1017.308 0f03070800064450
 1017.339 0f030c0000000000000000000000001d74
 1017.769 0217a7f8000fa80c00070e004000000008003c000affff000082af
 1017.829 02171e0017fc18fc1800360028fc18fc18fc18fc18fc18000f00c0001efc18fc1820d2
 1017.921 0f100870001122046b000001f501a701b501a700c90000000000000000012a05c378090000000000006f99
 1017.921 0f10087000110290
 1018.816 0217a7f8000fa80c00070e004000000008003c000affff000082af
 1018.862 02171e0017fc18fc1800360028fc18fc18fc18fc18fc18000f00c0001efc18fc1820d2
 1018.954 1e10000000091200010000000000000001000000000000000086dd
 1018.954 1e10000000090260
 1019.015 1e1000140003060000000000008c5f
 1019.015 1e1000140003c263
 1019.062 1e040000001673ab
 1019.124 1e042c00e700e200ba00cd0084008400fa0000ffff000000320000000000000000000001e0000000000000001800215724
 1019.216 1e04001e00061261
 1019.246 1e040c000000000000000000000000cabf
 1019.861 0217a7f8000fa80c00070e004000000008003c000affff000082af
 1019.923 02171e0017fc18fc1800360028fc18fc18fc18fc18fc18000f00c0001efc18fc1820d2
 1019.969 0a17b3b00003b3c4000306000f001e00005050
 1021.031 0f100884003c837f
 1021.031 0217a7f8000fa80c00070e004000000008003c000affff000082af
 1021.031 02171e0017fc18fc1800360028fc18fc18fc18fc18fc18000f00c0001efc18fc1820d2
 1021.109 1e10000000091200010000000000000001000000000000000086dd
 1021.109 1e10000000090260
 1021.185 1e1000140003060000000000008c5f
 1021.185 1e1000140003c263
 1021.216 1e040000001673ab
 1021.278 1e042c00e700e200ba00cd0084008400fa0000ffff000000320000000000000000000001e0000000000000001800215724
 1021.371 1e04001e00061261
 1021.401 1e040c000000000000000000000000cabf
 1021.462 0617afc8000cafdc00050a0000000000000000000f1bbe
 1021.572 0f03070800064450
 1021.603 0f030c0000000000000000000000001d74
 1022.020 0217a7f8000fa80c00070e004000000008003c000affff000082af
 1022.080 02171e0017fc18fc1800360028fc18fc18fc18fc18fc18000f00c0001efc18fc1820d2
 1022.159 0f1007d000132600170017ff9c00360028ff9cff9cff9cff9cff9c000f00c0001e004000000008003c000a000036e6
 1022.190 0f1007d000138067
 1023.069 0217a7f8000fa80c00070e004000000008003c000affff000082af
 1023.130 02171e0017fc18fc1800360028fc18fc18fc18fc18fc18000f00c0001efc18fc1820d2
 1023.207 1e10000000091200010000000000000001000000000000000086dd
 1023.207 1e10000000090260
 1023.283 1e1000140003060000000000008c5f
 1023.283 1e1000140003c263
 1023.314 1e040000001673ab
 1023.391 1e042c00e700e200ba00cd0084008400fa0000ffff000000320000000000000000000001e0000000000000001800215724
 1023.467 1e04001e00061261
 1023.498 1e040c000000000000000000000000cabf
 1024.113 0217a7f8000fa80c00070e004000000008003c000affff000082af
 1024.173 02171e0017fc18fc1800360028fc18fc18fc18fc18fc18000f00c0001efc18fc1820d2
 1024.235 0a17b3b00003b3c4000306000f001e00005050
 1024.375 0f1007e4001122000d00000000000f0906070909670579000000000000000000000000000000000000ec20
 1024.405 0f1007e400114068
 1025.161 0217a7f8000fa80c00070e004000000008003c000affff000082af
 1025.224 02171e0017fc18fc1800360028fc18fc18fc18fc18fc18000f00c0001efc18fc1820d2
 1025.301 1e10000000091200010000000000000001000000000000000086dd
 1025.301 1e10000000090260
 1025.378 1e1000140003060000000000008c5f
 1025.378 1e1000140003c263
 1025.408 1e040000001673ab
 1025.470 1e042c00e700e200ba00cd0084008400fa0000ffff000000320000000000000000000001e0000000000000001800215724
 1025.562 1e04001e00061261
 1025.593 1e040c000000000000000000000000cabf
 1025.655 0617afc8000cafdc00050a0000000000000000000f1bbe
 1025.763 0f03070800064450
 1025.793 0f030c0000000000000000000000001d74
 1026.224 0217a7f8000fa80c00070e004000000008003c000affff000082af
 1026.270 02171e0017fc18fc1800360028fc18fc18fc18fc18fc18000f00c0001efc18fc1820d2
 1026.379 0f1007f8001122000000000000000000000000000000000000000000000000000000000000000000006fb5
 1026.379 0f1007f8001181ae
 1027.258 0217a7f8000fa80c00070e004000000008003c000affff000082af
 1027.321 02171e0017fc18fc1800360028fc18fc18fc18fc18fc18000f00c0001efc18fc1820d2
 1027.398 1e10000000091200010000000000000001000000000000000086dd
 1027.398 1e10000000090260
 1027.474 1e1000140003060000000000008c5f
 1027.474 1e1000140003c263
 1027.505 1e040000001673ab
 1027.567 1e042c00e700e200ba00cd0084008300fa0000ffff000000320000000000000000000001e00000000000000018002152e5
 1027.658 1e04001e00061261
 1027.690 1e040c000000000000000000000000cabf
 1028.320 0217a7f8000fa80c00070e004000000008003c000affff000082af
 1028.367 02171e0017fc18fc1800360028fc18fc18fc18fc18fc18000f00c0001efc18fc1820d2
 1028.429 0a17b3b00003b3c4000306000f001e00005050
 1028.598 0f10080c00122400c8000000000000000000000000000000000000000000000000001400000000000000009422
 1028.598 0f10080c00128349
 1029.369 0217a7f8000fa80c00070e004000000008003c000affff000082af
 1029.416 02171e0017fc18fc1800360028fc18fc18fc18fc18fc18000f00c0001efc18fc1820d2
 1029.507 1e10000000091200010000000000000001000000000000000086dd
 1029.507 1e10000000090260
 1029.568 1e1000140003060000000000008c5f
 1029.568 1e1000140003c263
 1029.614 1e040000001673ab
 1029.675 1e042c00e700e200ba00cd0084008300fa0000ffff000000320000000000000000000001e00000000000000018002152e5
 1029.799 1e04001e00061261
 1029.799 1e040c000000000000000000000000cabf
 1029.845 0617afc8000cafdc00050a0000000000000000000f1bbe
 1029.985 0f03070800064450
 1029.985 0f030c0000000000000000000000001d74
 1030.415 0217a7f8000fa80c00070e004000000008003c000affff000082af
 1030.461 02171e0017fc18fc1800360028fc18fc18fc18fc18fc18000f00c0001efc18fc1820d2
 1030.569 0f10082000122400e700e200ba00cd0084008300fa00320000000000000000000001e0001800210967057974df
 1030.569 0f10082000124280
 1031.461 0217a7f8000fa80c00070e004000000008003c000affff000082af
 1031.507 02171e0017fc18fc1800360028fc18fc18fc18fc18fc18000f00c0001efc18fc1820d2
 1031.599 1e10000000091200010000000000000001000000000000000086dd
 1031.599 1e10000000090260
 1031.660 1e1000140003060000000000008c5f
 1031.660 1e1000140003c263
 1031.691 1e040000001673ab
 1031.769 1e042c00e700e200ba00cd0084008300fa0000ffff000000320000000000000000000001e00000000000000018002152e5
 1031.846 1e04001e00061261
 1031.876 1e040c000000000000000000000000cabf
 1032.508 0217a7f8000fa80c00070e004000000008003c000affff000082af
 1032.570 02171e0017fc18fc1800360028fc18fc18fc18fc18fc18000f00c0001efc18fc1820d2
 1032.615 0a17b3b00003b3c4000306000f001e00005050
 1032.785 0f1008340012240000000000000000000000000000000000800000000000000000015e015e00000000000055c5
 1032.785 0f10083400120284
 1033.553 0217a7f8000fa80c00070e004000000008003c000affff000082af
 1033.613 02171e0017fc18fc1800360028fc18fc18fc18fc18fc18000f00c0001efc18fc1820d2
 1033.690 1e10000000091200010000000000000001000000000000000086dd
 1033.690 1e10000000090260
 1033.767 1e1000140003060000000000008c5f
 1033.767 1e1000140003c263
 1033.798 1e040000001673ab
 1033.859 1e042c00e700e200ba00cd0084008300fa0000ffff000000320000000000000000000001e00000000000000018002152e5
 1033.951 1e04001e00061261
 1033.982 1e040c000000000000000000000000cabf
 1034.043 0617afc8000cafdc00050a0000000000000000000f1bbe
 1034.182 0f03070800064450
 1034.182 0f030c0000000000000000000000001d74
 1034.613 0217a7f8000fa80c00070e004000000008003c000affff000082af
 1034.659 02171e0017fc18fc1800360028fc18fc18fc18fc18fc18000f00c0001efc18fc1820d2
 1034.752 0f10084800172e004d0028002800360036000000000000000100310000000000000032000a0000000f00090014001a0009001a00052900
 1034.783 0f1008480017035f
 1035.648 0217a7f8000fa80c00070e004000000008003c000affff000082af
 1035.710 02171e0017fc18fc1800360028fc18fc18fc18fc18fc18000f00c0001efc18fc1820d2
 1035.786 1e10000000091200010000000000000001000000000000000086dd
 1035.786 1e10000000090260
 1035.863 1e1000140003060000000000008c5f
 1035.863 1e1000140003c263
 1035.909 1e040000001673ab
 1035.970 1e042c00e700e200ba00cd0084008300fa0000ffff000000320000000000000000000001e00000000000000018002152e5
 1036.093 1e04001e00061261
 1036.093 1e040c000000000000000000000000cabf
 1036.708 0217a7f8000fa80c00070e004000000008003c000affff000082af
 1036.754 02171e0017fc18fc1800360028fc18fc18fc18fc18fc18000f00c0001efc18fc1820d2
 1036.816 0a17b3b00003b3c4000306000f001e00005050
 1036.955 0f10086400040800000000000000e85637
 1036.955 0f1008640004835b
 1037.757 0217a7f8000fa80c00070e004000000008003c000affff000082af
 1037.803 02171e0017fc18fc1800360028fc18fc18fc18fc18fc18000f00c0001efc18fc1820d2
 1037.896 1e10000000091200010000000000000001000000000000000086dd
 1037.896 1e10000000090260
 1037.958 1e1000140003060000000000008c5f
 1037.958 1e1000140003c263
 1037.988 1e040000001673ab
 1038.066 1e042c00e700e200ba00cd0084008300fa0000ffff000000320000000000000000000001e00000000000000018002152e5
 1038.143 1e04001e00061261
 1038.175 1e040c000000000000000000000000cabf
 1038.237 0617afc8000cafdc00050a0000000000000000000f1bbe
 1038.344 0f03070800064450
 1038.374 0f030c0000000000000000000000001d74
 1038.806 0217a7f8000fa80c00070e004000000008003c000affff000082af
 1038.852 02171e0017fc18fc1800360028fc18fc18fc18fc18fc18000f00c0001efc18fc1820d2
 1038.930 0f100870001122046b000001f501a701b501a700c90000000000000000012a05c378090000000000006f99
 1038.961 0f10087000110290
 1039.854 0217a7f8000fa80c00070e004000000008003c000affff000082af
 1039.900 02171e0017fc18fc1800360028fc18fc18fc18fc18fc18000f00c0001efc18fc1820d2
 1039.978 1e10000000091200010000000000000001000000000000000086dd
 1039.978 1e10000000090260
 1040.054 1e1000140003060000000000008c5f
 1040.054 1e1000140003c263
 1040.101 1e040000001673ab
 1040.163 1e042c00e700e200ba00cd0084008300fa0000ffff000000320000000000000000000001e00000000000000018002152e5
 1040.269 1e04001e00061261
 1040.269 1e040c000000000000000000000000cabf
 1040.903 0217a7f8000fa80c00070e004000000008003c000affff000082af
 1040.949 02171e0017fc18fc1800360028fc18fc18fc18fc18fc18000f00c0001efc18fc1820d2
 1041.009 0a17b3b00003b3c4000306000f001e00005050
 1042.145 0217a7f8000fa80c00070e004000000008003c000affff000082af
 1042.145 02171e0017fc18fc1800360028fc18fc18fc18fc18fc18000f00c0001efc18fc1820d2
 1042.145 1e10000000091200010000000000000001000000000000000086dd
 1042.145 1e10000000090260
 1042.206 1e1000140003060000000000008c5f
 1042.206 1e1000140003c263
 1042.251 1e040000001673ab
 1042.314 1e042c00e700e200ba00cd0084008300fa0000ffff000000320000000000000000000001e00000000000000018002152e5
 1042.439 1e04001e00061261
 1042.439 1e040c000000000000000000000000cabf
 1042.486 0617afc8000cafdc00050a0000000000000000000f1bbe
 1042.625 0f03070800064450
 1042.625 0f030c0000000000000000000000001d74
 1043.059 0217a7f8000fa80c00070e004000000008003c000affff000082af
 1043.104 02171e0017fc18fc1800360028fc18fc18fc18fc18fc18000f00c0001efc18fc1820d2
 1044.148 0f100884003c837f
 1044.148 0217a7f8000fa80c00070e004000000008003c000affff000082af
 1044.148 02171e0017fc18fc1800360028fc18fc18fc18fc18fc18000f00c0001efc18fc1820d2
 1044.239 1e10000000091200010000000000000001000000000000000086dd
 1044.239 1e10000000090260
 1044.300 1e1000140003060000000000008c5f
 1044.300 1e1000140003c263
 1044.347 1e040000001673ab
 1044.408 1e042c00e700e200ba00cd0084008300fa0000ffff000000320000000000000000000001e00000000000000018002152e5
 1044.500 1e04001e00061261
 1044.531 1e040c000000000000000000000000cabf
 1045.149 0217a7f8000fa80c00070e004000000008003c000affff000082af
 1045.210 02171e0017fc18fc1800360028fc18fc18fc18fc18fc18000f00c0001efc18fc1820d2
 1045.256 0a17b3b00003b3c4000306000f001e00005050
 1046.196 0217a7f8000fa80c00070e004000000028003c000affff00001b6e
 1046.242 02171e0017fc18fc1800360028fc18fc18fc18fc18fc18000f00c0001efc18fc1820d2
 1046.335 1e10000000091200010000000000000001000000000000000086dd
 1046.335 1e10000000090260
 1046.397 1e1000140003060000000000008c5f
 1046.397 1e1000140003c263
 1046.428 1e040000001673ab
 1046.490 1e042c00e700e200ba00cd0084008300fa0000ffff000000320000000000000000000001e00000000000000018002152e5
 1046.583 1e04001e00061261
 1046.613 1e040c000000000000000000000000cabf
 1046.675 0617afc8000cafdc00050a0020000000000000000f827f
 1046.814 0f03070800064450
 1046.814 0f030c0000000000000000000000001d74
 1047.246 0217a7f8000fa80c00070e004000000028003c000affff00001b6e
 1047.292 02171e0017fc18fc1800360028fc18fc18fc18fc18fc18000f00c0001efc18fc1820d2
 1047.401 0f1007d000132600170017ff9c00360028ff9cff9cff9cff9cff9c000f00c0001e004000000028003c000a00001724
 1047.401 0f1007d000138067
 1048.295 0217a7f8000fa80c00070e004000000028003c000affff00001b6e
 1048.342 02171e0017fc18fc1800360028fc18fc18fc18fc18fc18000f00c0001efc18fc1820d2
 1048.433 1e10000000091200010000000000000001000000000000000086dd
 1048.433 1e10000000090260
 1048.493 1e1000140003060000000000008c5f
 1048.493 1e1000140003c263
 1048.539 1e040000001673ab
 1048.600 1e042c00e700e200ba00cd0084008300fa0000ffff000000320000000000000000000001e00000000000000018002152e5
 1048.692 1e04001e00061261
 1048.723 1e040c000000000000000000000000cabf
 1049.341 0217a7f8000fa80c00070e004000000028003c000affff00001b6e
 1049.402 02171e0017fc18fc1800360028fc18fc18fc18fc18fc18000f00c0001efc18fc1820d2
 1049.447 0a17b3b00003b3c4000306000f001e00005050
 1049.617 0f1007e4001122000d00000000000f0906070909670579000000000000000000000000000000000000ec20
 1049.617 0f1007e400114068
 1050.387 0217a7f8000fa80c00070e004000000028003c000affff00001b6e
 1050.448 02171e0017fc18fc1800360028fc18fc18fc18fc18fc18000f00c0001efc18fc1820d2
 1050.525 1e10000000091200010000000000000001000000000000000086dd
 1050.525 1e10000000090260
 1050.587 1e1000140003060000000000008c5f
 1050.587 1e1000140003c263
 1050.633 1e040000001673ab
 1050.693 1e042c00e700e200ba00cd0084008300fa0000ffff000000320000000000000000000001e00000000000000018002152e5
 1050.785 1e04001e00061261
 1050.816 1e040c000000000000000000000000cabf
 1050.862 0617afc8000cafdc00050a0020000000000000000f827f
 1051.016 0f03070800064450
 1051.016 0f030c0000000000000000000000001d74
 1051.432 0217a7f8000fa80c00070e004000000028003c000affff00001b6e
 1051.495 02171e0017fc18fc1800360028fc18fc18fc18fc18fc18000f00c0001efc18fc1820d2
 1051.588 0f1007f8001122000000000000000000000000000000000000000000000000000000000000000000006fb5
 1051.588 0f1007f8001181ae
 1052.481 0217a7f8000fa80c00070e004000000028003c000affff00001b6e
 1052.544 02171e0017fc18fc1800360028fc18fc18fc18fc18fc18000f00c0001efc18fc1820d2
 1052.621 1e10000000091200010000000000000001000000000000000086dd
 1052.621 1e10000000090260
 1052.697 1e1000140003060000000000008c5f
 1052.697 1e1000140003c263
 1052.727 1e040000001673ab
 1052.805 1e042c00e700e200ba00cd0084008300fa0000ffff000000320000000000000000000001e00000000000000018002152e5
 1052.881 1e04001e00061261
 1052.911 1e040c000000000000000000000000cabf
 1053.530 0217a7f8000fa80c00070e004000000028003c000affff00001b6e
 1053.592 02171e0017fc18fc1800360028fc18fc18fc18fc18fc18000f00c0001efc18fc1820d2
 1053.638 0a17b3b00003b3c4000306000f001e00005050
 1053.794 0f10080c00122400c800000000000000000000000000000000000000000000000000140020000000000000b5e0
 1053.825 0f10080c00128349
 1054.562 0217a7f8000fa80c00070e004000000028003c000affff00001b6e
 1054.623 02171e0017fc18fc1800360028fc18fc18fc18fc18fc18000f00c0001efc18fc1820d2
 1054.701 1e10000000091200010000000000000001000000000000000086dd
 1054.701 1e10000000090260
 1054.762 1e1000140003060000000000008c5f
 1054.762 1e1000140003c263
 1054.809 1e040000001673ab
 1054.869 1e042c00e700e200ba00cd0084008300fa0000ffff000000320000000000000000000001e00000000000000018002152e5
 1054.961 1e04001e00061261
 1054.993 1e040c000000000000000000000000cabf
 1055.055 0617afc8000cafdc00050a0020000000000000000f827f
 1055.163 0f03070800064450
 1055.194 0f030c0000000000000000000000001d74
 1055.608 0217a7f8000fa80c00070e004000000028003c000affff00001b6e
 1055.655 02171e0017fc18fc1800360028fc18fc18fc18fc18fc18000f00c0001efc18fc1820d2
 1055.763 0f10082000122400e700e200ba00cd0084008300fa00320000000000000000000001e0001800210967057974df
 1055.763 0f10082000124280
 1056.653 0217a7f8000fa80c00070e004000000028003c000affff00001b6e
 1056.714 02171e0017fc18fc1800360028fc18fc18fc18fc18fc18000f00c0001efc18fc1820d2
 1056.900 1e10000000091200010000000000000001000000000000000086dd
 1056.900 1e10000000090260
 1056.961 1e1000140003060000000000008c5f
 1056.961 1e1000140003c263
 1057.006 1e040000001673ab
 1057.069 1e042c00e700e200ba00cd0084008300fa0000ffff000000320000000000000000000001e00000000000000018002152e5
 1057.161 1e04001e00061261
 1057.192 1e040c000000000000000000000000cabf
 1057.733 0217a7f8000fa80c00070e004000000028003c000affff00001b6e
 1057.779 02171e0017fc18fc1800360028fc18fc18fc18fc18fc18000f00c0001efc18fc1820d2
 1057.947 0a17b3b00003b3c4000306000f001e00005050
 1058.086 0f1008340012240000000000000000000000000000000000800000000000000000015e015e00000000000055c5
 1058.763 0217a7f8000fa80c00070e004000000028003c000affff00001b6e
 1058.809 02171e0017fc18fc1800360028fc18fc18fc18fc18fc18000f00c0001efc18fc1820d2
 1058.902 1e10000000091200010000000000000001000000000000000086dd
 1058.902 1e10000000090260
 1058.964 1e1000140003060000000000008c5f
 1058.964 1e1000140003c263
 1059.010 1e040000001673ab
 1059.073 1e042c00e700e200ba00cd0084008300fa0000ffff000000320000000000000000000001e00000000000000018002152e5
 1059.152 1e04001e00061261
 1059.183 1e040c000000000000000000000000cabf
 1059.244 0617afc8000cafdc00050a0020000000000000000f827f
 1059.352 0f03070800064450
 1059.383 0f030c0000000000000000000000001d74
 1059.801 0217a7f8000fa80c00070e004000000028003c000affff00001b6e
 1059.848 02171e0017fc18fc1800360028fc18fc18fc18fc18fc18000f00c0001efc18fc1820d2
 1059.955 0f1008340012240000000000000000000000000000000000800000000000000000015e015e00000000000055c5
 1059.955 0f10083400120284
 1060.847 0217a7f8000fa80c00070e004000000028003c000affff00001b6e
 1060.893 02171e0017fc18fc1800360028fc18fc18fc18fc18fc18000f00c0001efc18fc1820d2
 1060.985 1e10000000091200010000000000000001000000000000000086dd
 1060.985 1e10000000090260
 1061.169 1e1000140003060000000000008c5f
 1061.169 1e1000140003c263
 1061.215 1e040000001673ab
 1061.276 1e042c00e700e200ba00cd0084008300fa0000ffff000000320000000000000000000001e00000000000000018002152e5
 1061.461 1e04001e00061261
 1061.491 1e040c000000000000000000000000cabf
 1061.889 0217a7f8000fa80c00070e004000000028003c000affff00001b6e
 1061.951 02171e0017fc18fc1800360028fc18fc18fc18fc18fc18000f00c0001efc18fc1820d2
 1062.089 0a17b3b00003b3c4000306000f001e00005050
 1062.275 0f10084800172e00560028002800360036000000000000000100310000000000000032000a0000002a00090014001a0009001a00057b99
 1062.275 0f1008480017035f
 1063.027 0217a7f8000fa80c00070e004000000008003c000affff000082af
 1063.089 02171e0017fc18fc1800360028fc18fc18fc18fc18fc18000f00c0001efc18fc1820d2
 1063.259 1e10000000091200010000000000000001000000000000000086dd
 1063.259 1e10000000090260
 1063.336 1e1000140003060000000000008c5f
 1063.336 1e1000140003c263
 1063.367 1e040000001673ab
 1063.428 1e042c00e700e200ba00cd0084008300fa0000ffff000000320000000000000000000001e00000000000000018002152e5
 1063.521 1e04001e00061261
 1063.551 1e040c000000000000000000000000cabf
 1063.612 0617afc8000cafdc00050a0000000000000000000f1bbe
 1063.720 0f03070800064450
 1063.750 0f030c0000000000000000000000001d74
 1064.074 0217a7f8000fa80c00070e004000000008003c000affff000082af
 1064.137 02171e0017fc18fc1800360028fc18fc18fc18fc18fc18000f00c0001efc18fc1820d2
 1064.183 0f10086400040800000000000000e85637
 1064.213 0f1008640004835b
 1065.120 0217a7f8000fa80c00070e004000000008003c000affff000082af
 1065.181 02171e0017fc18fc1800360028fc18fc18fc18fc18fc18000f00c0001efc18fc1820d2
 1065.257 1e10000000091200010000000000000001000000000000000086dd
 1065.257 1e10000000090260
 1065.335 1e1000140003060000000000008c5f
 1065.335 1e1000140003c263
 1065.366 1e040000001673ab
 1065.441 1e042c00e700e200ba00cd0084008300fa0000ffff000000320000000000000000000001e00000000000000018002152e5
 1065.519 1e04001e00061261
 1065.552 1e040c000000000000000000000000cabf
 1066.169 0217a7f8000fa80c00070e004000000008003c000affff000082af
 1066.231 02171e0017fc18fc1800360028fc18fc18fc18fc18fc18000f00c0001efc18fc1820d2
 1066.277 0a17b3b00003b3c4000306000f001e00005050
 1066.430 0f100870001122046b000001f501a701b501a700c90000000000000000012a05c378090000000000006f99
 1066.461 0f10087000110290
 1067.217 0217a7f8000fa80c00070e004000000008003c000affff000082af
 1067.280 02171e0017fc18fc1800360028fc18fc18fc18fc18fc18000f00c0001efc18fc1820d2
 1067.357 1e10000000091200010000000000000001000000000000000086dd
 1067.357 1e10000000090260
 1067.434 1e1000140003060000000000008c5f
 1067.434 1e1000140003c263
 1067.466 1e040000001673ab
 1067.529 1e042c00e700e200ba00cd0084008300fa0000ffff000000320000000000000000000001e00000000000000018002152e5
 1067.623 1e04001e00061261
 1067.654 1e040c000000000000000000000000cabf
 1067.701 0617afc8000cafdc00050a0000000000000000000f1bbe
 1067.857 0f03070800064450
 1067.857 0f030c0000000000000000000000001d74
 1068.278 0217a7f8000fa80c00070e004000000008003c000affff000082af
 1068.325 02171e0017fc18fc1800360028fc18fc18fc18fc18fc18000f00c0001efc18fc1820d2
 1069.367 0f100884003c837f
 1069.367 0217a7f8000fa80c00070e004000000008003c000affff000082af
 1069.367 02171e0017fc18fc1800360028fc18fc18fc18fc18fc18000f00c0001efc18fc1820d2
 1069.459 1e10000000091200010000000000000001000000000000000086dd
 1069.459 1e10000000090260
 1069.522 1e1000140003060000000000008c5f
 1069.522 1e1000140003c263
 1069.569 1e040000001673ab
 1069.630 1e042c00e700e200ba00cd0084008300fa0000ffff000000320000000000000000000001e00000000000000018002152e5
 1069.752 1e04001e00061261
 1069.752 1e040c000000000000000000000000cabf
 1070.512 0217a7f8000fa80c00070e004000000008003c000affff000082af
 1070.574 02171e0017fc18fc1800360028fc18fc18fc18fc18fc18000f00c0001efc18fc1820d2
 1070.619 0a17b3b00003b3c4000306000f001e00005050
 1071.637 0217a7f8000fa80c00070e004000000008003c000affff000082af
 1071.699 02171e0017fc18fc1800360028fc18fc18fc18fc18fc18000f00c0001efc18fc1820d2
 1071.777 1e10000000091200010000000000000001000000000000000086dd
 1071.777 1e10000000090260
 1071.851 1e1000140003060000000000008c5f
 1071.851 1e1000140003c263
 1071.898 1e040000001673ab
 1071.959 1e042c00e700e200ba00cd0083008300fa0000ffff000000320000000000000000000001e0000000000000001800219025
 1072.081 1e04001e00061261
 1072.081 1e040c000000000000000000000000cabf
 1072.126 0617afc8000cafdc00050a0000000000000000000f1bbe
 1072.280 0f03070800064450
 1072.280 0f030c0000000000000000000000001d74
 1072.695 0217a7f8000fa80c00070e004000000008003c000affff000082af
 1072.741 02171e0017fc18fc1800360028fc18fc18fc18fc18fc18000f00c0001efc18fc1820d2
 1072.863 0f1007d000132600170017ff9c00360028ff9cff9cff9cff9cff9c000f00c0001e004000000008003c000a000036e6
 1072.863 0f1007d000138067
 1073.740 0217a7f8000fa80c00070e004000000008003c000affff000082af
 1073.800 02171e0017fc18fc1800360028fc18fc18fc18fc18fc18000f00c0001efc18fc1820d2
 1073.876 1e10000000091200010000000000000001000000000000000086dd
 1073.876 1e10000000090260
 1073.953 1e1000140003060000000000008c5f
 1073.953 1e1000140003c263
 1073.984 1e040000001673ab
 1074.046 1e042c00e700e200ba00cd0083008300fa0000ffff000000320000000000000000000001e0000000000000001800219025
 1074.169 1e04001e00061261
 1074.169 1e040c000000000000000000000000cabf
 1074.798 0217a7f8000fa80c00070e004000000008003c000affff000082af
 1074.845 02171e0017fc18fc1800360028fc18fc18fc18fc18fc18000f00c0001efc18fc1820d2
 1074.907 0a17b3b00003b3c4000306000f001e00005050
 1075.045 0f1007e4001122000d00000000000f0906070909670579000000000000000000000000000000000000ec20
 1075.076 0f1007e400114068
 1075.828 0217a7f8000fa80c00070e004000000008003c000affff000082af
 1075.888 02171e0017fc18fc1800360028fc18fc18fc18fc18fc18000f00c0001efc18fc1820d2
 1075.966 1e10000000091200010000000000000001000000000000000086dd
 1075.966 1e10000000090260
 1076.043 1e1000140003060000000000008c5f
 1076.043 1e1000140003c263
 1076.073 1e040000001673ab
 1076.150 1e042c00e700e200ba00cd0083008300fa0000ffff000000320000000000000000000001e0000000000000001800219025
 1076.226 1e04001e00061261
 1076.257 1e040c000000000000000000000000cabf
 1076.318 0617afc8000cafdc00050a0000000000000000000f1bbe
 1076.425 0f03070800064450
 1076.470 0f030c0000000000000000000000001d74
 1076.874 0217a7f8000fa80c00070e004000000008003c000affff000082af
 1076.935 02171e0017fc18fc1800360028fc18fc18fc18fc18fc18000f00c0001efc18fc1820d2
 1077.027 0f1007f8001122000000000000000000000000000000000000000000000000000000000000000000006fb5
 1077.027 0f1007f8001181ae
 1077.948 0217a7f8000fa80c00070e004000000008003c000affff000082af
 1077.995 02171e0017fc18fc1800360028fc18fc18fc18fc18fc18000f00c0001efc18fc1820d2
 1078.086 1e10000000091200010000000000000001000000000000000086dd
 1078.086 1e10000000090260
 1078.147 1e1000140003060000000000008c5f
 1078.147 1e1000140003c263
 1078.194 1e040000001673ab
 1078.255 1e042c00e700e200ba00cd0083008300fa0000ffff000000320000000000000000000001e0000000000000001800219025
 1078.346 1e04001e00061261
 1078.377 1e040c000000000000000000000000cabf
 1078.994 0217a7f8000fa80c00070e004000000008003c000affff000082af
 1079.041 02171e0017fc18fc1800360028fc18fc18fc18fc18fc18000f00c0001efc18fc1820d2
 1079.102 0a17b3b00003b3c4000306000f001e00005050
 1079.408 0f10080c00122400c8000000000000000000000000000000000000000000000000001400000000000000009422
 1079.408 0f10080c00128349
 1080.039 0217a7f8000fa80c00070e004000000008003c000affff000082af
 1080.099 02171e0017fc18fc1800360028fc18fc18fc18fc18fc18000f00c0001efc18fc1820d2
 1080.177 1e10000000091200010000000000000001000000000000000086dd
 1080.177 1e10000000090260
 1080.255 1e1000140003060000000000008c5f
 1080.255 1e1000140003c263
 1080.286 1e040000001673ab
 1080.347 1e042c00e700e200ba00cd0083008300fa0000ffff000000320000000000000000000001e0000000000000001800219025
 1080.439 1e04001e00061261
 1080.469 1e040c000000000000000000000000cabf
 1080.530 0617afc8000cafdc00050a0000000000000000000f1bbe
 1080.638 0f03070800064450
 1080.668 0f030c0000000000000000000000001d74
 1081.082 0217a7f8000fa80c00070e004000000008003c000affff000082af
 1081.144 02171e0017fc18fc1800360028fc18fc18fc18fc18fc18000f00c0001efc18fc1820d2
 1081.250 0f10082000122400e700e200ba00cd0083008300fa00320000000000000000000001e000180021096705798b93
 1081.250 0f10082000124280
 1082.129 0217a7f8000fa80c00070e004000000008003c000affff000082af
 1082.191 02171e0017fc18fc1800360028fc18fc18fc18fc18fc18000f00c0001efc18fc1820d2
 1082.268 1e10000000091200010000000000000001000000000000000086dd
 1082.268 1e10000000090260
 1082.345 1e1000140003060000000000008c5f
 1082.345 1e1000140003c263
 1082.376 1e040000001673ab
 1082.454 1e042c00e700e200ba00cd0083008300fa0000ffff000000320000000000000000000001e0000000000000001800219025
 1082.531 1e04001e00061261
 1082.562 1e040c000000000000000000000000cabf
 1083.186 0217a7f8000fa80c00070e004000000008003c000affff000082af
 1083.232 02171e0017fc18fc1800360028fc18fc18fc18fc18fc18000f00c0001efc18fc1820d2
 1083.294 0a17b3b00003b3c4000306000f001e00005050
 1083.466 0f1008340012240000000000000000000000000000000000800000000000000000015e015e00000000000055c5
 1083.466 0f10083400120284
 1084.234 0217a7f8000fa80c00070e004000000008003c000affff000082af
 1084.281 02171e0017fc18fc1800360028fc18fc18fc18fc18fc18000f00c0001efc18fc1820d2
 1084.373 1e10000000091200010000000000000001000000000000000086dd
 1084.373 1e10000000090260
 1084.435 1e1000140003060000000000008c5f
 1084.435 1e1000140003c263
 1084.481 1e040000001673ab
 1084.542 1e042c00e700e200ba00cd0083008300fa0000ffff000000320000000000000000000001e0000000000000001800219025
 1084.667 1e04001e00061261
 1084.667 1e040c000000000000000000000000cabf
 1084.714 0617afc8000cafdc00050a0000000000000000000f1bbe
 1084.820 0f03070800064450
 1084.868 0f030c0000000000000000000000001d74
 1085.269 0217a7f8000fa80c00070e004000000008003c000affff000082af
 1085.332 02171e0017fc18fc1800360028fc18fc18fc18fc18fc18000f00c0001efc18fc1820d2
 1085.441 0f10084800172e005d0028002800360036000000000000000100310000000000000032000a00000005000a0014001a0009001a00052247
 1085.441 0f1008480017035f
 1086.328 0217a7f8000fa80c00070e004000000008003c000affff000082af
 1086.376 02171e0017fc18fc1800360028fc18fc18fc18fc18fc18000f00c0001efc18fc1820d2
 1086.452 1e10000000091200010000000000000001000000000000000086dd
 1086.452 1e10000000090260
 1086.529 1e1000140003060000000000008c5f
 1086.529 1e1000140003c263
 1086.560 1e040000001673ab
 1086.637 1e042c00e700e200ba00cd0083008300fa0000ffff000000320000000000000000000001e0000000000000001800219025
 1086.713 1e04001e00061261
 1086.744 1e040c000000000000000000000000cabf
 1087.379 0217a7f8000fa80c00070e004000000008003c000affff000082af
 1087.425 02171e0017fc18fc1800360028fc18fc18fc18fc18fc18000f00c0001efc18fc1820d2
 1087.486 0a17b3b00003b3c4000306000f001e00005050
 1087.623 0f10086400040800000000000000e85637
 1087.623 0f1008640004835b
 1088.411 0217a7f8000fa80c00070e004000000008003c000affff000082af
 1088.473 02171e0017fc18fc1800360028fc18fc18fc18fc18fc18000f00c0001efc18fc1820d2
 1088.550 1e10000000091200010000000000000001000000000000000086dd
 1088.550 1e10000000090260
 1088.628 1e1000140003060000000000008c5f
 1088.628 1e1000140003c263
 1088.658 1e040000001673ab
 1088.734 1e042c00e700e200ba00cd0083008300fa0000ffff000000320000000000000000000001e0000000000000001800219025
 1088.812 1e04001e00061261
 1088.844 1e040c000000000000000000000000cabf
 1088.906 0617afc8000cafdc00050a0000000000000000000f1bbe
 1089.014 0f03070800064450
 1089.045 0f030c0000000000000000000000001d74
 1089.464 0217a7f8000fa80c00070e004000000008003c000affff000082af
 1089.512 02171e0017fc18fc1800360028fc18fc18fc18fc18fc18000f00c0001efc18fc1820d2
 1089.619 0f100870001122046b000001f501a701b501a700c90000000000000000012a05c378090000000000006f99
 1089.619 0f10087000110290
 1090.500 0217a7f8000fa80c00070e004000000008003c000affff000082af
 1090.560 02171e0017fc18fc1800360028fc18fc18fc18fc18fc18000f00c0001efc18fc1820d2
 1090.638 1e10000000091200010000000000000001000000000000000086dd
 1090.638 1e10000000090260
 1090.714 1e1000140003060000000000008c5f
 1090.714 1e1000140003c263
 1090.761 1e040000001673ab
 1090.822 1e042c00e700e200ba00cd0083008300fa0000ffff000000320000000000000000000001e0000000000000001800219025
 1090.945 1e04001e00061261
 1090.945 1e040c000000000000000000000000cabf
 1091.560 0217a7f8000fa80c00070e004000000008003c000affff000082af
 1091.606 02171e0017fc18fc1800360028fc18fc18fc18fc18fc18000f00c0001efc18fc1820d2
 1091.775 0a17b3b00003b3c4000306000f001e00005050
 1092.903 0217a7f8000fa80c00070e004000000008003c000affff000082af
 1092.903 02171e0017fc18fc1800360028fc18fc18fc18fc18fc18000f00c0001efc18fc1820d2
 1092.903 1e10000000091200010000000000000001000000000000000086dd
 1092.903 1e10000000090260
 1093.073 1e1000140003060000000000008c5f
 1093.073 1e1000140003c263
 1093.104 1e040000001673ab
 1093.181 1e042c00e700e200ba00cd0083008300fa0000ffff000000320000000000000000000001e0000000000000001800219025
 1093.259 1e04001e00061261
 1093.290 1e040c000000000000000000000000cabf
 1093.351 0617afc8000cafdc00050a0000000000000000000f1bbe
 1093.458 0f03070800064450
 1093.489 0f030c0000000000000000000000001d74
 1093.768 0217a7f8000fa80c00070e004000000008003c000affff000082af
 1093.830 02171e0017fc18fc1800360028fc18fc18fc18fc18fc18000f00c0001efc18fc1820d2
 1094.909 0f100884003c837f
 1094.909 0217a7f8000fa80c00070e004000000008003c000affff000082af
 1094.909 02171e0017fc18fc1800360028fc18fc18fc18fc18fc18000f00c0001efc18fc1820d2
 1095.002 1e10000000091200010000000000000001000000000000000086dd
 1095.002 1e10000000090260
 1095.063 1e1000140003060000000000008c5f
 1095.063 1e1000140003c263
 1095.108 1e040000001673ab
 1095.170 1e042c00e700e200ba00cd0083008300fa0000ffff000000320000000000000000000001e0000000000000001800219025
 1095.356 1e04001e00061261
 1095.386 1e040c000000000000000000000000cabf
 1096.016 0217a7f8000fa80c00070e004000000008003c000affff000082af
 1096.076 02171e0017fc18fc1800360028fc18fc18fc18fc18fc18000f00c0001efc18fc1820d2
 1096.139 0a17b3b00003b3c4000306000f001e00005050
 1097.063 0217a7f8000fa80c00070e004000000008003c000affff000082af
 1097.125 02171e0017fc18fc1800360028fc18fc18fc18fc18fc18000f00c0001efc18fc1820d2
 1097.202 1e10000000091200010000000000000001000000000000000086dd
 1097.202 1e10000000090260
 1097.278 1e1000140003060000000000008c5f
 1097.278 1e1000140003c263
 1097.309 1e040000001673ab
 1097.385 1e042c00e700e200ba00cd0083008300fa0000ffff000000320000000000000000000001e0000000000000001800219025
 1097.462 1e04001e00061261
 1097.493 1e040c000000000000000000000000cabf
 1097.553 0617afc8000cafdc00050a0000000000000000000f1bbe
 1097.662 0f03070800064450
 1097.693 0f030c0000000000000000000000001d74
 1098.169 0217a7f8000fa80c00070e004000000008003c000affff000082af
 1098.216 02171e0017fc18fc1800360028fc18fc18fc18fc18fc18000f00c0001efc18fc1820d2
 1098.338 0f1007d000132600170017ff9c00360028ff9cff9cff9cff9cff9c000f00c0001e004000000008003c000a000036e6
 1098.338 0f1007d000138067
 1099.293 0217a7f8000fa80c00070e004000000008003c000affff000082af
 1099.353 02171e0017fc18fc1800360028fc18fc18fc18fc18fc18000f00c0001efc18fc1820d2
 1099.446 1e10000000091200010000000000000001000000000000000086dd
 1099.446 1e10000000090260
 1099.506 1e1000140003060000000000008c5f
 1099.506 1e1000140003c263
 1099.552 1e040000001673ab
 1099.613 1e042c00e700e200ba00cd0083008300fa0000ffff000000320000000000000000000001e0000000000000001800219025
 1099.736 1e04001e00061261
 1099.736 1e040c000000000000000000000000cabf
 1100.354 0217a7f8000fa80c00070e004000000008003c000affff000082af
 1100.400 02171e0017fc18fc1800360028fc18fc18fc18fc18fc18000f00c0001efc18fc1820d2
 1100.462 0a17b3b00003b3c4000306000f001e00005050
 1100.631 0f1007e4001122000d00000000000f0906070909670579000000000000000000000000000000000000ec20
 1100.631 0f1007e400114068
 1101.401 0217a7f8000fa80c00070e004000000008003c000affff000082af
 1101.449 02171e0017fc18fc1800360028fc18fc18fc18fc18fc18000f00c0001efc18fc1820d2
 1101.541 1e10000000091200010000000000000001000000000000000086dd
 1101.541 1e10000000090260
 1101.602 1e1000140003060000000000008c5f
 1101.602 1e1000140003c263
 1101.633 1e040000001673ab
 1101.712 1e042c00e700e200ba00cd0083008300fa0000ffff000000320000000000000000000001e0000000000000001800219025
 1101.789 1e04001e00061261
 1101.819 1e040c000000000000000000000000cabf
 1101.880 0617afc8000cafdc00050a0000000000000000000f1bbe
 1101.989 0f03070800064450
 1102.019 0f030c0000000000000000000000001d74
 1102.449 0217a7f8000fa80c00070e004000000008003c000affff000082af
 1102.495 02171e0017fc18fc1800360028fc18fc18fc18fc18fc18000f00c0001efc18fc1820d2
 1102.620 0f1007f8001122000000000000000000000000000000000000000000000000000000000000000000006fb5
 1102.620 0f1007f8001181ae
 1103.500 0217a7f8000fa80c00070e004000000008003c000affff000082af
 1103.547 02171e0017fc18fc1800360028fc18fc18fc18fc18fc18000f00c0001efc18fc1820d2
 1103.624 1e10000000091200010000000000000001000000000000000086dd
 1103.624 1e10000000090260
 1103.701 1e1000140003060000000000008c5f
 1103.701 1e1000140003c263
 1103.733 1e040000001673ab
 1103.810 1e042c00e700e200ba00cd0082008300fc0000ffff000000320000000000000000000001e000000000000000180021dce6
 1103.886 1e04001e00061261
 1103.916 1e040c000000000000000000000000cabf
 1104.547 0217a7f8000fa80c00070e004000000008003c000affff000082af
 1104.608 02171e0017fc18fc1800360028fc18fc18fc18fc18fc18000f00c0001efc18fc1820d2
 1104.655 0a17b3b00003b3c4000306000f001e00005050
 1104.822 0f10080c00122400c8000000000000000000000000000000000000000000000000001400000000000000009422
 1104.822 0f10080c00128349
 1105.591 0217a7f8000fa80c00070e0040000000080050000affff00002ea9
 1105.652 02171e0017fc18fc1800360028fc18fc18fc18fc18fc18000f00c0001efc18fc1820d2
 1105.730 1e10000000091200010000000000000001000000000001000116dd
 1105.730 1e10000000090260
 1105.805 1e1000140003060000000000008c5f
 1105.805 1e1000140003c263
 1105.851 1e040000001673ab
 1105.913 1e042c00e700e200ba00cd0082008300fc0000ffff000000320000000000000000000001e000000000000000180021dce6
 1106.035 1e04001e00061261
 1106.035 1e040c000000000000000000000000cabf
 1106.081 0617afc8000cafdc00050a0000000000000000000f1bbe
 1106.189 0f03070800064450
 1106.234 0f030c0000000000000000000000001d74
 1106.650 0217a7f8000fa80c00070e0040000000080050000affff00002ea9
 1106.696 02171e0017fc18fc1800360028fc18fc18fc18fc18fc18000f00c0001efc18fc1820d2
 1106.804 0f10082000122400e700e200ba00cd0082008300fc00320000000000000000000001e00018002109670579de9b
 1106.804 0f10082000124280
 1107.696 0217a7f8000fa80c00070e0040000000080050000affff00002ea9
 1107.742 02171e0017fc18fc1800360028fc18fc18fc18fc18fc18000f00c0001efc18fc1820d2
 1107.834 1e1000000009120001019000000000000100000000000100014721
 1107.834 1e10000000090260
 1107.896 1e1000140003060000000000008c5f
 1107.896 1e1000140003c263
 1107.942 1e040000001673ab
 1108.003 1e042c00e700e200ba00cd0082008300fc0000ffff000001900000000000000000000001e000000000000000180221eb15
 1108.128 1e04001e00061261
 1108.128 1e040c000000000000000000000000cabf
 1108.743 0217a7f8000fa80c00070e0040000000080050000affff00002ea9
 1108.789 02171e0017fc18fc1800360028fc18fc18fc18fc18fc18000f00c0001efc18fc1820d2
 1108.852 0a17b3b00003b3c4000306000f001e00005050
 1109.037 0f1008340012240100000000000000000000000000000000000000000000000000015e015e000000000300bd36
 1109.037 0f10083400120284
 1109.792 0217a7f8000fa80c00070e0040000000280050000affff0000b768
 1109.838 02171e0017fc18fc1800360028fc18fc18fc18fc18fc18000f00c0001efc18fc1820d2
 1109.930 1e1000000009120001019000000000000100000000000100014721
 1109.930 1e10000000090260
 1109.994 1e1000140003060000000000008c5f
 1109.994 1e1000140003c263
 1110.025 1e040000001673ab
 1110.102 1e042c00e700e200ba00cd0082008300fc0000ffff000001900000000000000000000001e000000000000000180221eb15
 1110.224 1e04001e00061261
 1110.224 1e040c000000000000000000000000cabf
 1110.270 0617afc8000cafdc00050a0020000000000000000f827f
 1110.378 0f03070800064450
 1110.409 0f030c0000000000000000000000001d74
 1110.839 0217a7f8000fa80c00070e0040000000280050000affff0000b768
 1110.884 02171e0017fc18fc1800360028fc18fc18fc18fc18fc18000f00c0001efc18fc1820d2
 1111.008 0f10084800172e00650028002800360036000000000000000100310000000000000032000a0000001f000a0014001a0009001a0005aec2
 1111.008 0f1008480017035f
 1111.885 0217a7f8000fa80c00070e0040000000280050000affff0000b768
 1111.931 02171e0017fc18fc1800360028fc18fc18fc18fc18fc18000f00c0001efc18fc1820d2
 1112.009 1e1000000009120001019000000000000100000000000100014721
 1112.009 1e10000000090260
 1112.086 1e1000140003060000000000008c5f
 1112.086 1e1000140003c263
 1112.133 1e040000001673ab
 1112.193 1e042c00e700e200ba00cd0082008300fc0000ffff000001900000000000000000000001e000000000000000180221eb15
 1112.316 1e04001e00061261
 1112.316 1e040c000000000000000000000000cabf
 1112.931 0217a7f8000fa80c00070e0040000000280050000affff0000b768
 1112.993 02171e0017fc18fc1800360028fc18fc18fc18fc18fc18000f00c0001efc18fc1820d2
 1113.039 0a17b3b00003b3c4000306000f001e00005050
 1113.177 0f10086400040800000000000100e807f7
 1113.177 0f1008640004835b
 1113.976 0217a7f8000fa80c00070e0040000000280050000affff0000b768
 1114.037 02171e0017fc18fc1800360028fc18fc18fc18fc18fc18000f00c0001efc18fc1820d2
 1114.114 1e1000000009120001019000000000000100000000000100014721
 1114.114 1e10000000090260
 1114.189 1e1000140003060000000000008c5f
 1114.189 1e1000140003c263
 1114.221 1e040000001673ab
 1114.284 1e042c00e700e200ba00ca0082008300fa0000ffff000001900000000000000000000000fb000000000000001802215601
 1114.406 1e04001e00061261
 1114.406 1e040c000000000000000000000000cabf
 1114.453 0617afc8000cafdc00050a0020000000000000000f827f
 1114.608 0f03070800064450
 1114.608 0f030c0000000000000000000000001d74
 1115.021 0217a7f8000fa80c00070e0040000000280050000affff0000b768
 1115.083 02171e0017fc18fc1800360028fc18fc18fc18fc18fc18000f00c0001efc18fc1820d2
 1115.191 0f100870001122046b000001f501a701b501a700c90000000000000000012a05c378090000000000006f99
 1115.191 0f10087000110290
 1116.067 0217a7f8000fa80c00070e0040000000280050000affff0000b768
 1116.128 02171e0017fc18fc1800360028fc18fc18fc18fc18fc18000f00c0001efc18fc1820d2
 1116.219 1e1000000009120001019000000000000100000000000100014721
 1116.219 1e10000000090260
 1116.280 1e1000140003060000000000008c5f
 1116.280 1e1000140003c263
 1116.326 1e040000001673ab
 1116.389 1e042c00e700e200ba00ca0082008300fa0000ffff000001900000000000000000000000fb000000000000001802215601
 1116.512 1e04001e00061261
 1116.512 1e040c000000000000000000000000cabf
 1117.126 0217a7f8000fa80c00070e0040000000280050000affff0000b768
 1117.174 02171e0017fc18fc1800360028fc18fc18fc18fc18fc18000f00c0001efc18fc1820d2
 1117.235 0a17b3b00003b3c4000306000f001e00005050
 1118.376 0217a7f8000fa80c00070e0040000000280050000affff0000b768
 1118.376 02171e0017fc18fc1800360028fc18fc18fc18fc18fc18000f00c0001efc18fc1820d2
 1118.376 1e1000000009120001019000000000000100000000000100014721
 1118.376 1e10000000090260
 1118.439 1e1000140003060000000000008c5f
 1118.439 1e1000140003c263
 1118.485 1e040000001673ab
 1118.546 1e042c00e700e200ba00ca0082008300fa0000ffff000001900000000000000000000000fb000000000000001802215601
 1118.638 1e04001e00061261
 1118.668 1e040c000000000000000000000000cabf
 1118.731 0617afc8000cafdc00050a0020000000000000000f827f
 1118.838 0f03070800064450
 1118.869 0f030c0000000000000000000000001d74
 1119.285 0217a7f8000fa80c00070e0040000000280050000affff0000b768
 1119.346 02171e0017fc18fc1800360028fc18fc18fc18fc18fc18000f00c0001efc18fc1820d2
 1120.388 0f100884003c837f
 1120.388 0217a7f8000fa80c00070e0040000000280050000affff0000b768
 1120.388 02171e0017fc18fc1800360028fc18fc18fc18fc18fc18000f00c0001efc18fc1820d2
 1120.466 1e1000000009120001019000000000000100000000000100014721
 1120.466 1e10000000090260
 1120.542 1e1000140003060000000000008c5f
 1120.542 1e1000140003c263
 1120.573 1e040000001673ab
 1120.649 1e042c00e700e200ba00ca0082008300fa0000ffff000001900000000000000000000000fb000000000000001802215601
 1120.757 1e04001e00061261
 1120.757 1e040c000000000000000000000000cabf
 1121.388 0217a7f8000fa80c00070e0040000000280050000affff0000b768
 1121.434 02171e0017fc18fc1800360028fc18fc18fc18fc18fc18000f00c0001efc18fc1820d2
 1121.496 0a17b3b00003b3c4000306000f001e00005050
 1122.425 0217a7f8000fa80c00070e0040000000280050000affff0000b768
 1122.472 02171e0017fc18fc1800360028fc18fc18fc18fc18fc18000f00c0001efc18fc1820d2
 1122.566 1e1000000009120001019000000000000100000000000100014721
 1122.566 1e10000000090260
 1122.627 1e1000140003060000000000008c5f
 1122.627 1e1000140003c263
 1122.674 1e040000001673ab
 1122.736 1e042c00e700e200ba00ca0082008300fa0000ffff000001900000000000000000000000fb000000000000001802215601
 1122.828 1e04001e00061261
 1122.859 1e040c000000000000000000000000cabf
 1122.921 0617afc8000cafdc00050a0020000000000000000f827f
 1123.059 0f03070800064450
 1123.059 0f030c0000000000000000000000001d74
 1123.478 0217a7f8000fa80c00070e0040000000280050000affff0000b768
 1123.523 02171e0017fc18fc1800360028fc18fc18fc18fc18fc18000f00c0001efc18fc1820d2
 1123.631 0f1007d000132600170017ff9c00360028ff9cff9cff9cff9cff9c000f00c0001e0040000000280050000a0000872d
 1123.631 0f1007d000138067
 1124.514 0217a7f8000fa80c00070e0040000000280050000affff0000b768
 1124.575 02171e0017fc18fc1800360028fc18fc18fc18fc18fc18000f00c0001efc18fc1820d2
 1124.652 1e1000000009120001019000000000000100000000000100014721
 1124.652 1e10000000090260
 1124.729 1e1000140003060000000000008c5f
 1124.729 1e1000140003c263
 1124.759 1e040000001673ab
 1124.837 1e042c00e700e200ba00cd0082008300fa0000ffff0000019000000000000002f800000000000000000000001c022119f4
 1124.914 1e04001e00061261
 1124.945 1e040c000000000000000000000000cabf
 1125.560 0217a7f8000fa80c00070e0040000000280050000affff0000b768
 1125.621 02171e0017fc18fc1800360028fc18fc18fc18fc18fc18000f00c0001efc18fc1820d2
 1125.669 0a17b3b00003b3c4000306000f001e00005050
 1125.824 0f1007e4001122000d00000000000f0906070909670579000000000000000000000000000000000004ede3
 1125.854 0f1007e400114068
 1126.609 0217a7f8000fa80c00070e0040000000080050000affff00002ea9
 1126.670 02171e0017fc18fc1800360028fc18fc18fc18fc18fc18000f00c0001efc18fc1820d2
 1126.748 1e1000000009120001019000000000000100000000000100014721
 1126.748 1e10000000090260
 1126.823 1e1000140003060000000000008c5f
 1126.823 1e1000140003c263
 1126.854 1e040000001673ab
 1126.930 1e042c00e700e200ba00cd0082008300fa0000ffff0000019000000000000002f800000000000000000000001c022119f4
 1127.008 1e04001e00061261
 1127.039 1e040c000000000000000000000000cabf
 1127.100 0617afc8000cafdc00050a0000000000000000000f1bbe
 1127.208 0f03070800064450
 1127.238 0f030c0000000000000000000000001d74
 1127.653 0217a7f8000fa80c00070e0040000000080050000affff00002ea9
 1127.714 02171e0017fc18fc1800360028fc18fc18fc18fc18fc18000f00c0001efc18fc1820d2
 1127.791 0f1007f8001122000000000000000000000000000000000000000000000000000000000000000000006fb5
 1127.822 0f1007f8001181ae
 1128.698 0217a7f8000fa80c00070e0040000000080050000affff00002ea9
 1128.759 02171e0017fc18fc1800360028fc18fc18fc18fc18fc18000f00c0001efc18fc1820d2
 1128.836 1e1000000009120001019000000000000100000000000100014721
 1128.836 1e10000000090260
 1128.913 1e1000140003060000000000008c5f
 1128.913 1e1000140003c263
 1128.959 1e040000001673ab
 1129.020 1e042c00e700e200ba00cd0082008300fa0000ffff0000019000000000000002f800000000000000000000001c022119f4
 1129.099 1e04001e00061261
 1129.130 1e040c000000000000000000000000cabf
 1129.758 0217a7f8000fa80c00070e0040000000080050000affff00002ea9
 1129.804 02171e0017fc18fc1800360028fc18fc18fc18fc18fc18000f00c0001efc18fc1820d2
 1129.867 0a17b3b00003b3c4000306000f001e00005050
 1130.037 0f10080c00122400c8000000000000000000000000000000000000000000000000001400000000000000009422
 1130.037 0f10080c00128349
 1130.804 0217a7f8000fa80c00070e0040000000080050000affff00002ea9
 1130.849 02171e0017fc18fc1800360028fc18fc18fc18fc18fc18000f00c0001efc18fc1820d2
 1130.943 1e1000000009120001019000000000000100000000000100014721
 1130.943 1e10000000090260
 1131.004 1e1000140003060000000000008c5f
 1131.004 1e1000140003c263
 1131.050 1e040000001673ab
 1131.111 1e042c00e700e200ba00cd0082008300fa0000ffff0000019000000000000002f800000000000000000000001c022119f4
 1131.235 1e04001e00061261
 1131.235 1e040c000000000000000000000000cabf
 1131.295 0617afc8000cafdc00050a0000000000000000000f1bbe
 1131.434 0f03070800064450
 1131.434 0f030c0000000000000000000000001d74
 1131.849 0217a7f8000fa80c00070e0040000000080050000affff00002ea9
 1131.896 02171e0017fc18fc1800360028fc18fc18fc18fc18fc18000f00c0001efc18fc1820d2
 1132.004 0f10082000122400e700e200ba00cd0082008300fa019000000000000002f800000000001c022109670579becd
 1132.004 0f10082000124280
 1132.898 0217a7f8000fa80c00070e0040000000080050000affff00002ea9
 1132.945 02171e0017fc18fc1800360028fc18fc18fc18fc18fc18000f00c0001efc18fc1820d2
 1133.037 1e1000000009120001019000000000000100000000000100014721
 1133.037 1e10000000090260
 1133.099 1e1000140003060000000000008c5f
 1133.099 1e1000140003c263
 1133.144 1e040000001673ab
 1133.204 1e042c00e700e200ba00cd0082008300fa0000ffff0000019000000000000002f800000000000000000000001c022119f4
 1133.296 1e04001e00061261
 1133.327 1e040c000000000000000000000000cabf
 1133.946 0217a7f8000fa80c00070e0040000000080050000affff00002ea9
 1133.993 02171e0017fc18fc1800360028fc18fc18fc18fc18fc18000f00c0001efc18fc1820d2
 1134.054 0a17b3b00003b3c4000306000f001e00005050
 1134.239 0f1008340012240000000000000000000000000000000000000000000000000000015e015e0000000003007ceb
 1134.239 0f10083400120284
 1134.992 0217a7f8000fa80c00070e0040000000080050000affff00002ea9
 1135.038 02171e0017fc18fc1800360028fc18fc18fc18fc18fc18000f00c0001efc18fc1820d2
 1135.131 1e1000000009120001019000000000000100000000000100014721
 1135.131 1e10000000090260
 1135.192 1e1000140003060000000000008c5f
 1135.192 1e1000140003c263
 1135.239 1e040000001673ab
 1135.301 1e042c00e700e200ba00cd0082008300fa0000ffff0000019000000000000302f800000000000000000000001d0221b8c4
 1135.424 1e04001e00061261
 1135.424 1e040c000000000000000000000000cabf
 1135.470 0617afc8000cafdc00050a0000000000000000000f1bbe
 1135.626 0f03070800064450
 1135.626 0f030c0000000000000000000000001d74
 1136.041 0217a7f8000fa80c00070e0040000000080050000affff00002ea9
 1136.088 02171e0017fc18fc1800360028fc18fc18fc18fc18fc18000f00c0001efc18fc1820d2
 1136.181 0f10084800172e006e0028002800360036000000000000000100310000000000000032000a00000038000a0014001a0009001a0005e710
 1136.228 0f1008480017035f
 1137.077 0217a7f8000fa80c00070e0040000000080050000affff00002ea9
 1137.138 02171e0017fc18fc1800360028fc18fc18fc18fc18fc18000f00c0001efc18fc1820d2
 1137.216 1e1000000009120001019000000000000100000000000100014721
 1137.216 1e10000000090260
 1137.278 1e1000140003060000000000008c5f
 1137.278 1e1000140003c263
 1137.323 1e040000001673ab
 1137.386 1e042c00e700e200ba00cd0082008300fa0000ffff0000019000100000000302f800000000000000000000001d0221aa55
 1137.510 1e04001e00061261
 1137.510 1e040c000000000000000000000000cabf
 1138.127 0217a7f8000fa80c00070e0040000000080050000affff00002ea9
 1138.172 02171e0017fc18fc1800360028fc18fc18fc18fc18fc18000f00c0001efc18fc1820d2
 1138.234 0a17b3b00003b3c4000306000f001e00005050
 1138.374 0f10086400040800000001000000e86bf7
 1138.374 0f1008640004835b
 1139.177 0217a7f8000fa80c00070e0040000000080050000affff00002ea9
 1139.223 02171e0017fc18fc1800360028fc18fc18fc18fc18fc18000f00c0001efc18fc1820d2
 1139.301 1e1000000009120001019000000000000100000000000100014721
 1139.301 1e10000000090260
 1139.377 1e1000140003060000000000008c5f
 1139.377 1e1000140003c263
 1139.422 1e040000001673ab
 1139.483 1e042c00e700e200ba00cd0082008300fa0000ffff0000019000100000000302f800000000000000000000001d0221aa55
 1139.606 1e04001e00061261
 1139.606 1e040c000000000000000000000000cabf
 1139.653 0617afc8000cafdc00050a0000000000000000000f1bbe
 1139.761 0f03070800064450
 1139.793 0f030c0000000000000000000000001d74
 1140.225 0217a7f8000fa80c00070e0040000000080050000affff00002ea9
 1140.271 02171e0017fc18fc1800360028fc18fc18fc18fc18fc18000f00c0001efc18fc1820d2
 1140.376 0f100870001122046b000001f501a701b501a700c90000000000000000012a05c378090000000000006f99
 1140.376 0f10087000110290
 1141.266 0217a7f8000fa80c00070e0040000000080050000affff00002ea9
 1141.313 02171e0017fc18fc1800360028fc18fc18fc18fc18fc18000f00c0001efc18fc1820d2
 1141.405 1e1000000009120001019000000000000100000000000100014721
 1141.405 1e10000000090260
 1141.466 1e1000140003060000000000008c5f
 1141.466 1e1000140003c263
 1141.511 1e040000001673ab
 1141.589 1e042c00e700e200ba00cd0082008300fa0000ffff0000019000100000000302f800000000000000000000001d0221aa55
 1141.666 1e04001e00061261
 1141.698 1e040c000000000000000000000000cabf
 1142.311 0217a7f8000fa80c00070e0040000000080050000affff00002ea9
 1142.373 02171e0017fc18fc1800360028fc18fc18fc18fc18fc18000f00c0001efc18fc1820d2
 1142.420 0a17b3b00003b3c4000306000f001e00005050
 1143.455 0f100884003c837f
 1143.455 0217a7f8000fa80c00070e0040000000080050000affff00002ea9
 1143.455 02171e0017fc18fc1800360028fc18fc18fc18fc18fc18000f00c0001efc18fc1820d2
 1143.531 1e1000000009120001019000000000000100000000000100014721
 1143.531 1e10000000090260
 1143.607 1e1000140003060000000000008c5f
 1143.607 1e1000140003c263
 1143.638 1e040000001673ab
 1143.714 1e042c00e700e200ba00cd0082008300fa0000ffff0000019000100000000302f800000000000000000000001d0221aa55
 1143.790 1e04001e00061261
 1143.821 1e040c000000000000000000000000cabf
 1143.882 0617afc8000cafdc00050a0000000000000000000f1bbe
 1143.989 0f03070800064450
 1144.020 0f030c0000000000000000000000001d74
 1144.436 0217a7f8000fa80c00070e0040000000080050000affff00002ea9
 1144.497 02171e0017fc18fc1800360028fc18fc18fc18fc18fc18000f00c0001efc18fc1820d2
 1144.605 0f1007d000132600170017ff9c00360028ff9cff9cff9cff9cff9c000f00c0001e0040000000080050000a0000a6ef
 1144.605 0f1007d000138067
 1145.482 0217a7f8000fa80c00070e0040000000080050000affff00002ea9
 1145.541 02171e0017fc18fc1800360028fc18fc18fc18fc18fc18000f00c0001efc18fc1820d2
 1145.634 1e1000000009120001019000000000000100000000000100014721
 1145.634 1e10000000090260
 1145.694 1e1000140003060000000000008c5f
 1145.694 1e1000140003c263
 1145.741 1e040000001673ab
 1145.803 1e042c00e700e200ba00cd0082008300fa0000ffff0000019000100000000302f800000000000000000000001d0221aa55
 1145.924 1e04001e00061261
 1145.924 1e040c000000000000000000000000cabf
 1146.539 0217a7f8000fa80c00070e0040000000080050000affff00002ea9
 1146.585 02171e0017fc18fc1800360028fc18fc18fc18fc18fc18000f00c0001efc18fc1820d2
 1146.648 0a17b3b00003b3c4000306000f001e00005050
 1146.787 0f1007e4001122000d00000000000f09060709096705790000000000000000000000000000000000066c22
 1146.818 0f1007e400114068
 1147.585 0217a7f8000fa80c00070e0040000000080050000affff00002ea9
 1147.632 02171e0017fc18fc1800360028fc18fc18fc18fc18fc18000f00c0001efc18fc1820d2
 1147.709 1e1000000009120001019000000000000100000000000100014721
 1147.709 1e10000000090260
 1147.787 1e1000140003060000000000008c5f
 1147.787 1e1000140003c263
 1147.832 1e040000001673ab
 1147.893 1e042c00e600ea00bd00cf007f008300fa0000ffff00000190001c0000001902f80000006c000000000000001d02213c39
 1148.016 1e04001e00061261
 1148.016 1e040c000000000000000000000000cabf
 1148.063 0617afc8000cafdc00050a0000000000000000000f1bbe
 1148.171 0f03070800064450
 1148.217 0f030c0000000000000000000000001d74
 1148.618 0217a7f8000fa80c00070e0040000000080050000affff00002ea9
 1148.678 02171e0017fc18fc1800360028fc18fc18fc18fc18fc18000f00c0001efc18fc1820d2
 1148.786 0f1007f8001122000000000000000000000000000000000000000000000000000000000000000000006fb5
 1148.786 0f1007f8001181ae
 1149.677 0217a7f8000fa80c00070e0040000000080050000affff00002ea9
 1149.722 02171e0017fc18fc1800360028fc18fc18fc18fc18fc18000f00c0001efc18fc1820d2
 1149.814 1e1000000009120001019000000000000100000000000100014721
 1149.814 1e10000000090260
 1149.876 1e1000140003060000000000008c5f
 1149.876 1e1000140003c263
 1149.906 1e040000001673ab
 1149.983 1e042c00e600ea00bd00cf007f008300fa0000ffff00000190001c0000001902f80000006c000000000000001d02213c39
 1150.061 1e04001e00061261
 1150.091 1e040c000000000000000000000000cabf
 1150.724 0217a7f8000fa80c00070e0040000000080050000affff00002ea9
 1150.771 02171e0017fc18fc1800360028fc18fc18fc18fc18fc18000f00c0001efc18fc1820d2
 1150.833 0a17b3b00003b3c4000306000f001e00005050
 1151.000 0f10080c00122400c8000000000000000000000000000000000000000000000000001400000000000000009422
 1151.000 0f10080c00128349
 1151.769 0217a7f8000fa80c00070e0040000000080050000affff00002ea9
 1151.814 02171e0017fc18fc1800360028fc18fc18fc18fc18fc18000f00c0001efc18fc1820d2
 1151.908 1e1000000009120001019000000000000100000000000100014721
 1151.908 1e10000000090260
 1151.970 1e1000140003060000000000008c5f
 1151.970 1e1000140003c263
 1152.001 1e040000001673ab
 1152.078 1e042c00e600ea00bd00cf007f008300fa0000ffff00000190001c0000001902f80000006c000000000000001d02213c39
 1152.154 1e04001e00061261
 1152.187 1e040c000000000000000000000000cabf
 1152.248 0617afc8000cafdc00050a0000000000000000000f1bbe
 1152.356 0f03070800064450
 1152.387 0f030c0000000000000000000000001d74
 1152.801 0217a7f8000fa80c00070e0040000000080050000affff00002ea9
 1152.861 02171e0017fc18fc1800360028fc18fc18fc18fc18fc18000f00c0001efc18fc1820d2
 1152.969 0f10082000122400e600ea00bd00cf007f008300fa0190001c0000001902f80000006c001d0221096705799dfa
 1152.969 0f10082000124280
 1153.858 0217a7f8000fa80c00070e0040000000080050000affff00002ea9
 1153.905 02171e0017fc18fc1800360028fc18fc18fc18fc18fc18000f00c0001efc18fc1820d2
 1153.997 1e1000000009120001019000000000000100000000000100014721
 1153.997 1e10000000090260
 1154.058 1e1000140003060000000000008c5f
 1154.058 1e1000140003c263
 1154.088 1e040000001673ab
 1154.166 1e042c00e600ea00bd00cf007f008300fa0000ffff00000190001c0000001902f80000006c000000000000001d02213c39
 1154.286 1e04001e00061261
 1154.286 1e040c000000000000000000000000cabf
 1154.901 0217a7f8000fa80c00070e0040000000080050000affff00002ea9
 1154.946 02171e0017fc18fc1800360028fc18fc18fc18fc18fc18000f00c0001efc18fc1820d2
 1155.007 0a17b3b00003b3c4000306000f001e00005050
 1155.158 0f1008340012240000000000000000000000000000001300800000000000000000015e015e0000000003007497
 1155.189 0f10083400120284
 1155.943 0217a7f8000fa80c00070e0040000000080050000affff00002ea9
 1156.005 02171e0017fc18fc1800360028fc18fc18fc18fc18fc18000f00c0001efc18fc1820d2
 1156.083 1e1000000009120001019000000000000100000000000100014721
 1156.083 1e10000000090260
 1156.159 1e1000140003060000000000008c5f
 1156.159 1e1000140003c263
 1156.190 1e040000001673ab
 1156.252 1e042c00e600ea00bd00cf007f008300fa0000ffff00000190001c0000001902f80000006c000000000000001d02213c39
 1156.343 1e04001e00061261
 1156.374 1e040c000000000000000000000000cabf
 1156.436 0617afc8000cafdc00050a0000000000000000000f1bbe
 1156.543 0f03070800064450
 1156.574 0f030c0000000000000000000000001d74
 1156.989 0217a7f8000fa80c00070e0040000000080050000affff00002ea9
 1157.052 02171e0017fc18fc1800360028fc18fc18fc18fc18fc18000f00c0001efc18fc1820d2
 1157.159 0f10084800172e00280028002800360036000000000000000100310000000000000032000a00000011000b0014001a0009001a000594c2
 1157.159 0f1008480017035f
 1158.030 0217a7f8000fa80c00070e0040000000080050000affff00002ea9
 1158.090 02171e0017fc18fc1800360028fc18fc18fc18fc18fc18000f00c0001efc18fc1820d2
 1158.168 1e1000000009120001019000000000000100000000000100014721
 1158.168 1e10000000090260
 1158.229 1e1000140003060000000000008c5f
 1158.229 1e1000140003c263
 1158.275 1e040000001673ab
 1158.337 1e042c00e700f800ce00dc0072008300fa0000ffff00000190001e0000001802f80000006c000000000000001d02213527
 1158.429 1e04001e00061261
 1158.460 1e040c000000000000000000000000cabf
 1159.091 0217a7f8000fa80c00070e0040000000080050000affff00002ea9
 1159.136 02171e0017fc18fc1800360028fc18fc18fc18fc18fc18000f00c0001efc18fc1820d2
 1159.198 0a17b3b00003b3c4000306000f001e00005050
 1159.335 0f10086400040800000001000000e86bf7
 1159.335 0f1008640004835b
 1160.133 0217a7f8000fa80c00070e0040000000080050000affff00002ea9
 1160.180 02171e0017fc18fc1800360028fc18fc18fc18fc18fc18000f00c0001efc18fc1820d2
 1160.271 1e1000000009120001019000000000000100000000000100014721
 1160.271 1e10000000090260
 1160.331 1e1000140003060000000000008c5f
 1160.331 1e1000140003c263
 1160.377 1e040000001673ab
 1160.439 1e042c00e700f800ce00dc0072008300fa0000ffff00000190001e0000001802f80000006c000000000000001d02213527
 1160.564 1e04001e00061261
 1160.564 1e040c000000000000000000000000cabf
 1160.610 0617afc8000cafdc00050a0000000000000000000f1bbe
 1160.763 0f03070800064450
 1160.763 0f030c0000000000000000000000001d74
 1161.180 0217a7f8000fa80c00070e0040000000080050000affff00002ea9
 1161.225 02171e0017fc18fc1800360028fc18fc18fc18fc18fc18000f00c0001efc18fc1820d2
 1161.301 0f100870001122046b000001f501a701b501a700c90000000000000000012a05c378090000000000006f99
 1161.333 0f10087000110290
 1162.222 0217a7f8000fa80c00070e0040000000080050000affff00002ea9
 1162.268 02171e0017fc18fc1800360028fc18fc18fc18fc18fc18000f00c0001efc18fc1820d2
 1162.360 1e1000000009120001019000000000000100000000000100014721
 1162.360 1e10000000090260
 1162.422 1e1000140003060000000000008c5f
 1162.422 1e1000140003c263
 1162.467 1e040000001673ab
 1162.531 1e042c00e700f800ce00dc0072008300fa0000ffff00000190001e0000001802f80000006c000000000000001d02213527
 1162.653 1e04001e00061261
 1162.653 1e040c000000000000000000000000cabf
 1163.272 0217a7f8000fa80c00070e0040000000080050000affff00002ea9
 1163.319 02171e0018fc18fc1800360028fc18fc18fc18fc18fc18000f00c0001efc18fc1860d9
 1163.379 0a17b3b00003b3c4000306000f001e00005050
 1164.494 0217a7f8000fa80c00070e0040000000080050000affff00002ea9
 1164.494 02171e0018fc18fc1800360028fc18fc18fc18fc18fc18000f00c0001efc18fc1860d9
 1164.494 1e1000000009120001019000000000000100000000000100014721
 1164.494 1e10000000090260
 1164.555 1e1000140003060000000000008c5f
 1164.555 1e1000140003c263
 1164.601 1e040000001673ab
 1164.663 1e042c00e700f800ce00dc0072008300fa0000ffff00000190001e0000001802f80000006c000000000000001d02213527
 1164.786 1e04001e00061261
 1164.786 1e040c000000000000000000000000cabf
 1164.832 0617afc8000cafdc00050a0000000000000000000f1bbe
 1164.941 0f03070800064450
 1164.973 0f030c0000000000000000000000001d74
 1165.388 0217a7f8000fa80c00070e0040000000080050000affff00002ea9
 1165.448 02171e0018fc18fc1800360028fc18fc18fc18fc18fc18000f00c0001efc18fc1860d9
 1166.497 0f100884003c837f
 1166.497 0217a7f8000fa80c00070e0040000000080050000affff00002ea9
 1166.497 02171e0018fc18fc1800360028fc18fc18fc18fc18fc18000f00c0001efc18fc1860d9
 1166.573 1e1000000009120001019000000000000100000000000100014721
 1166.573 1e10000000090260
 1166.650 1e1000140003060000000000008c5f
 1166.650 1e1000140003c263
 1166.681 1e040000001673ab
 1166.759 1e042c00e700f800ce00dc0072008300fa0000ffff00000190001e0000001802f80000006c000000000000001d02213527
 1166.836 1e04001e00061261
 1166.866 1e040c000000000000000000000000cabf
 1167.481 0217a7f8000fa80c00070e0040000000080050000affff00002ea9
 1167.544 02171e0018fc18fc1800360028fc18fc18fc18fc18fc18000f00c0001efc18fc1860d9
 1167.589 0a17b3b00003b3c4000306000f001e00005050
 1168.526 0217a7f8000fa80c00070e0040000000080050000affff00002ea9
 1168.587 02171e0018fc18fc1800360028fc18fc18fc18fc18fc18000f00c0001efc18fc1860d9
 1168.663 1e1000000009120001019000000000000100000000000100014721
 1168.663 1e10000000090260
 1168.741 1e1000140003060000000000008c5f
 1168.741 1e1000140003c263
 1168.772 1e040000001673ab
 1168.833 1e042c00e700fa00d900ed0064008300fa0000ffff00000190001e0000001902f80000006c000000000000001d02218b99
 1168.924 1e04001e00061261
 1168.954 1e040c000000000000000000000000cabf
 1169.016 0617afc8000cafdc00050a0000000000000000000f1bbe
 1169.125 0f03070800064450
 1169.155 0f030c0000000000000000000000001d74
 1169.635 0217a7f8000fa80c00070e0040000000080050000affff00002ea9
 1169.682 02171e0018fc18fc1800360028fc18fc18fc18fc18fc18000f00c0001efc18fc1860d9
 1169.790 0f1007d000132600180017ff9c00360028ff9cff9cff9cff9cff9c000f00c0001e0040000000080050000a0000181f
 1169.790 0f1007d000138067
 1170.673 0217a7f8000fa80c00070e0040000000080050000affff00002ea9
 1170.735 02171e0018fc18fc1800360028fc18fc18fc18fc18fc18000f00c0001efc18fc1860d9
 1170.812 1e1000000009120001019000000000000100000000000100014721
 1170.812 1e10000000090260
 1170.889 1e1000140003060000000000008c5f
 1170.889 1e1000140003c263
 1170.919 1e040000001673ab
 1170.997 1e042c00e700fa00d900ed0064008300fa0000ffff00000190001e0000001902f80000006c000000000000001d02218b99
 1171.074 1e04001e00061261
 1171.105 1e040c000000000000000000000000cabf
 1171.722 0217a7f8000fa80c00070e0040000000080050000affff00002ea9
 1171.785 02171e0018fc18fc1800360028fc18fc18fc18fc18fc18000f00c0001efc18fc1860d9
 1171.831 0a17b3b00003b3c4000306000f001e00005050
 1172.016 0f1007e4001122000d00000000000f09060709096705790000000000000000000000000000000000066c22
 1172.016 0f1007e400114068
 1172.774 0217a7f8000fa80c00070e0040000000280050000affff0000b768
 1172.821 02171e0018fc18fc1800360028fc18fc18fc18fc18fc18000f00c0001efc18fc1860d9
 1172.913 1e1000000009120001019000000000000100000000000100014721
 1172.913 1e10000000090260
 1172.975 1e1000140003060000000000008c5f
 1172.975 1e1000140003c263
 1173.022 1e040000001673ab
 1173.082 1e042c00e700fa00d900ed0064008300fa0000ffff00000190001e0000001902f80000006c000000000000001d02218b99
 1173.205 1e04001e00061261
 1173.205 1e040c000000000000000000000000cabf
 1173.252 0617afc8000cafdc00050a0020000000000000000f827f
 1173.390 0f03070800064450
 1173.390 0f030c0000000000000000000000001d74
 1173.819 0217a7f8000fa80c00070e0040000000280050000affff0000b768
 1173.865 02171e0019fc18fc1800360028fc18fc18fc18fc18fc18000f00c0001efc18fc18a0d8
 1173.972 0f1007f8001122000000000000000000000000000000000000000000000000000000000000000000006fb5
 1173.972 0f1007f8001181ae
 1174.869 0217a7f8000fa80c00070e0040000000280050000affff0000b768
 1174.917 02171e0019fc18fc1800360028fc18fc18fc18fc18fc18000f00c0001efc18fc18a0d8
 1175.008 1e1000000009120001019000000000000100000000000100014721
 1175.008 1e10000000090260
 1175.070 1e1000140003060000000000008c5f
 1175.070 1e1000140003c263
 1175.117 1e040000001673ab
 1175.179 1e042c00e700fa00d900ed0064008300fa0000ffff00000190001e0000001902f80000006c000000000000001d02218b99
 1175.288 1e04001e00061261
 1175.288 1e040c000000000000000000000000cabf
 1175.906 0217a7f8000fa80c00070e0040000000280050000affff0000b768
 1175.968 02171e0019fc18fc1800360028fc18fc18fc18fc18fc18000f00c0001efc18fc18a0d8
 1176.014 0a17b3b00003b3c4000306000f001e00005050
 1176.200 0f10080c00122400c800000000000000000000000000000000000000000000000000140020000000000000b5e0
 1176.200 0f10080c00128349
 1176.957 0217a7f8000fa80c00070e0040000000280050000affff0000b768
 1177.003 02171e0019fc18fc1800360028fc18fc18fc18fc18fc18000f00c0001efc18fc18a0d8
 1177.096 1e1000000009120001019000000000000100000000000100014721
 1177.096 1e10000000090260
 1177.157 1e1000140003060000000000008c5f
 1177.157 1e1000140003c263
 1177.204 1e040000001673ab
 1177.265 1e042c00e700fa00d900ed0064008300fa0000ffff00000190001e0000001902f80000006c000000000000001d02218b99
 1177.357 1e04001e00061261
 1177.388 1e040c000000000000000000000000cabf
 1177.450 0617afc8000cafdc00050a0020000000000000000f827f
 1177.589 0f03070800064450
 1177.589 0f030c0000000000000000000000001d74
 1178.007 0217a7f8000fa80c00070e0040000000280050000affff0000b768
 1178.053 02171e0019fc18fc1800360028fc18fc18fc18fc18fc18000f00c0001efc18fc18a0d8
 1178.144 0f10082000122400e700fa00d900ed0064008300fa0190001e0000001902f80000006c001d022109670579c8b4
 1178.176 0f10082000124280
 1179.054 0217a7f8000fa80c00070e0040000000280050000affff0000b768
 1179.100 02171e0019fc18fc1800360028fc18fc18fc18fc18fc18000f00c0001efc18fc18a0d8
 1179.177 1e1000000009120001019000000000000100000000000100014721
 1179.177 1e10000000090260
 1179.254 1e1000140003060000000000008c5f
 1179.254 1e1000140003c263
 1179.284 1e040000001673ab
 1179.361 1e042c00e700f800dc00fc0054008300fc0000ffff00000190001e0000001a02f80000006c000000000000001d0221899a
 1179.440 1e04001e00061261
 1179.471 1e040c000000000000000000000000cabf
 1180.100 0217a7f8000fa80c00070e0040000000280050000affff0000b768
 1180.146 02171e0019fc18fc1800360028fc18fc18fc18fc18fc18000f00c0001efc18fc18a0d8
 1180.208 0a17b3b00003b3c4000306000f001e00005050
 1180.379 0f1008340012240000000000000000000000000000002b00800000000000000000015e015e000000000300c82c
 1180.379 0f10083400120284
 1181.139 0217a7f8000fa80c00070e0040000000280050000affff0000b768
 1181.201 02171e0019fc18fc1800360028fc18fc18fc18fc18fc18000f00c0001efc18fc18a0d8
 1181.277 1e1000000009120001019000000000000100000000000100014721
 1181.277 1e10000000090260
 1181.339 1e1000140003060000000000008c5f
 1181.339 1e1000140003c263
 1181.385 1e040000001673ab
 1181.447 1e042c00e700f800dc00fc0054008300fc0000ffff00000190001e0000001a02f80000006c000000000000001d0221899a
 1181.539 1e04001e00061261
 1181.570 1e040c000000000000000000000000cabf
 1181.632 0617afc8000cafdc00050a0020000000000000000f827f
 1181.739 0f03070800064450
 1181.770 0f030c0000000000000000000000001d74
 1182.187 0217a7f8000fa80c00070e0040000000280050000affff0000b768
 1182.248 02171e0019fc18fc1800360028fc18fc18fc18fc18fc18000f00c0001efc18fc18a0d8
 1182.355 0f10084800172e00280028002800360036000000000000000000310000000000000032000a0000002a000b0014001a0009001a00050fb8
 1182.355 0f1008480017035f
 1183.232 0217a7f8000fa80c00070e0040000000280050000affff0000b768
 1183.277 02171e0019fc18fc1800360028fc18fc18fc18fc18fc18000f00c0001efc18fc18a0d8
 1183.368 1e1000000009120001019000000000000100000000000100014721
 1183.368 1e10000000090260
 1183.429 1e1000140003060000000000008c5f
 1183.429 1e1000140003c263
 1183.476 1e040000001673ab
 1183.537 1e042c00e700f800dc00fc0054008300fc0000ffff00000190001e0000001a02f80000006c000000000000001d0221899a
 1183.629 1e04001e00061261
 1183.660 1e040c000000000000000000000000cabf
 1184.273 0217a7f8000fa80c00070e0040000000280050000affff0000b768
 1184.334 02171e0019fc18fc1800360028fc18fc18fc18fc18fc18000f00c0001efc18fc18a0d8
 1184.380 0a17b3b00003b3c4000306000f001e00005050
 1184.501 0f10086400040800000001000000e86bf7
 1184.532 0f1008640004835b
 1185.327 0217a7f8000fa80c00070e0040000000280050000affff0000b768
 1185.372 02171e0019fc18fc1800360028fc18fc18fc18fc18fc18000f00c0001efc18fc18a0d8
 1185.465 1e1000000009120001019000000000000100000000000100014721
 1185.465 1e10000000090260
 1185.527 1e1000140003060000000000008c5f
 1185.527 1e1000140003c263
 1185.571 1e040000001673ab
 1185.634 1e042c00e700f800dc00fc0054008300fc0000ffff00000190001e0000001a02f80000006c000000000000001d0221899a
 1185.725 1e04001e00061261
 1185.756 1e040c000000000000000000000000cabf
 1185.817 0617afc8000cafdc00050a0020000000000000000f827f
 1185.923 0f03070800064450
 1185.954 0f030c0000000000000000000000001d74
 1186.368 0217a7f8000fa80c00070e0040000000280050000affff0000b768
 1186.430 02171e0019fc18fc1800360028fc18fc18fc18fc18fc18000f00c0001efc18fc18a0d8
 1186.523 0f100870001122046b000001f501a701b501a700c90000000000000000012a05c378090000000000006f99
 1186.523 0f10087000110290
 1187.421 0217a7f8000fa80c00070e0040000000280050000affff0000b768
 1187.467 02171e0019fc18fc1800360028fc18fc18fc18fc18fc18000f00c0001efc18fc18a0d8
 1187.558 1e1000000009120001019000000000000100000000000100014721
 1187.558 1e10000000090260
 1187.619 1e1000140003060000000000008c5f
 1187.619 1e1000140003c263
 1187.665 1e040000001673ab
 1187.728 1e042c00e700f800dc00fc0054008300fc0000ffff00000190001e0000001a02f80000006c000000000000001d0221899a
 1187.820 1e04001e00061261
 1187.849 1e040c000000000000000000000000cabf
 1188.467 0217a7f8000fa80c00070e0040000000280050000affff0000b768
 1188.512 02171e0019fc18fc1800360028fc18fc18fc18fc18fc18000f00c0001efc18fc18a0d8
 1188.572 0a17b3b00003b3c4000306000f001e00005050
 1189.681 0217a7f8000fa80c00070e0040000000080050000affff00002ea9
 1189.681 02171e0019fc18fc1800360028fc18fc18fc18fc18fc18000f00c0001efc18fc18a0d8
 1189.681 1e1000000009120001019000000000000100000000000100014721
 1189.681 1e10000000090260
 1189.759 1e1000140003060000000000008c5f
 1189.759 1e1000140003c263
 1189.788 1e040000001673ab
 1189.865 1e042c00e700f800dc01040044008300fc0000ffff00000190001e0000001b02f80000006c000000000000001d022183ca
 1189.940 1e04001e00061261
 1189.971 1e040c000000000000000000000000cabf
 1190.032 0617afc8000cafdc00050a0000000000000000000f1bbe
 1190.140 0f03070800064450
 1190.186 0f030c0000000000000000000000001d74
 1190.585 0217a7f8000fa80c00070e0040000000080050000affff00002ea9
 1190.646 02171e0019fc18fc1800360028fc18fc18fc18fc18fc18000f00c0001efc18fc18a0d8
 1191.696 0f100884003c837f
 1191.696 0217a7f8000fa80c00070e0040000000080050000affff00002ea9
 1191.696 02171e0019fc18fc1800360028fc18fc18fc18fc18fc18000f00c0001efc18fc18a0d8
 1191.772 1e1000000009120001019000000000000100000000000100014721
 1191.772 1e10000000090260
 1191.849 1e1000140003060000000000008c5f
 1191.849 1e1000140003c263
 1191.880 1e040000001673ab
 1191.957 1e042c00e700f700dc01040044008300ff0000ffff00000190001e0000001b02f80000006c000000000000001d022117d0
 1192.034 1e04001e00061261
 1192.065 1e040c000000000000000000000000cabf
 1192.681 0217a7f8000fa80c00070e0040000000080050000affff00002ea9
 1192.742 02171e0019fc18fc1800360028fc18fc18fc18fc18fc18000f00c0001efc18fc18a0d8
 1192.787 0a17b3b00003b3c4000306000f001e00005050
 1193.725 0217a7f8000fa80c00070e0040000000080050000affff00002ea9
 1193.787 02171e0019fc18fc1800360028fc18fc18fc18fc18fc18000f00c0001efc18fc18a0d8
 1193.864 1e1000000009120001019000000000000100000000000100014721
 1193.864 1e10000000090260
 1193.942 1e1000140003060000000000008c5f
 1193.942 1e1000140003c263
 1193.972 1e040000001673ab
 1194.048 1e042c00e700f700dc01040044008300ff0000ffff00000190001e0000001b02f80000006c000000000000001d022117d0
 1194.126 1e04001e00061261
 1194.157 1e040c000000000000000000000000cabf
 1194.219 0617afc8000cafdc00050a0000000000000000000f1bbe
 1194.328 0f03070800064450
 1194.358 0f030c0000000000000000000000001d74
 1194.771 0217a7f8000fa80c00070e0040000000080050000affff00002ea9
 1194.832 02171e0019fc18fc1800360028fc18fc18fc18fc18fc18000f00c0001efc18fc18a0d8
 1194.910 0f1007d000132600190017ff9c00360028ff9cff9cff9cff9cff9c000f00c0001e0040000000080050000a0000048f
 1194.941 0f1007d000138067
 1195.818 0217a7f8000fa80c00070e0040000000080050000affff00002ea9
 1195.880 02171e0019fc18fc1800360028fc18fc18fc18fc18fc18000f00c0001efc18fc18a0d8
 1195.958 1e1000000009120001019000000000000100000000000100014721
 1195.958 1e10000000090260
 1196.035 1e1000140003060000000000008c5f
 1196.035 1e1000140003c263
 1196.066 1e040000001673ab
 1196.129 1e042c00e700f700dc01040044008300ff0000ffff00000190001e0000001b02f80000006c000000000000001d022117d0
 1196.222 1e04001e00061261
 1196.252 1e040c000000000000000000000000cabf
 1196.868 0217a7f8000fa80c00070e0040000000080050000affff00002ea9
 1196.930 02171e0019fc18fc1800360028fc18fc18fc18fc18fc18000f00c0001efc18fc18a0d8
 1196.978 0a17b3b00003b3c4000306000f001e00005050
 1197.160 0f1007e4001122000d00000000000f09060709096705790000000000000000000000000000000000066c22
 1197.160 0f1007e400114068
 1197.932 0217a7f8000fa80c00070e0040000000080050000affff00002ea9
 1197.994 02171e0019fc18fc1800360028fc18fc18fc18fc18fc18000f00c0001efc18fc18a0d8
 1198.071 1e1000000009120001019000000000000100000000000100014721
 1198.071 1e10000000090260
 1198.148 1e1000140003060000000000008c5f
 1198.148 1e1000140003c263
 1198.179 1e040000001673ab
 1198.241 1e042c00e700f700dc01040044008300ff0000ffff00000190001e0000001b02f80000006c000000000000001d022117d0
 1198.332 1e04001e00061261
 1198.362 1e040c000000000000000000000000cabf
 1198.424 0617afc8000cafdc00050a0000000000000000000f1bbe
 1198.529 0f03070800064450
 1198.560 0f030c0000000000000000000000001d74
 1198.960 0217a7f8000fa80c00070e0040000000080050000affff00002ea9
 1199.005 02171e0019fc18fc1800360028fc18fc18fc18fc18fc18000f00c0001efc18fc18a0d8
 1199.128 0f1007f8001122000000000000000000000000000000000000000000000000000000000000000000006fb5
 1199.128 0f1007f8001181ae
 1200.006 0217a7f8000fa80c00070e0040000000080050000affff00002ea9
 1200.067 02171e0019fc18fc1800360028fc18fc18fc18fc18fc18000f00c0001efc18fc18a0d8
 1200.146 1e1000000009120001019000000000000100000000000100014721
 1200.146 1e10000000090260
 1200.208 1e1000140003060000000000008c5f
 1200.208 1e1000140003c263
 1200.254 1e040000001673ab
 1200.317 1e042c00e700f700dc01040044008300ff0000ffff00000190001e0000001b02f80000006c000000000000001d022117d0
 1200.410 1e04001e00061261
 1200.440 1e040c000000000000000000000000cabf
 1201.056 0217a7f8000fa80c00070e0040000000080050000affff00002ea9
 1201.117 02171e0019fc18fc1800360028fc18fc18fc18fc18fc18000f00c0001efc18fc18a0d8
 1201.163 0a17b3b00003b3c4000306000f001e00005050
 1201.316 0f10080c00122400c8000000000000000000000000000000000000000000000000001400000000000000009422
 1201.347 0f10080c00128349
 1202.099 0217a7f8000fa80c00070e0040000000080050000affff00002ea9
 1202.162 02171e0019fc18fc1800360028fc18fc18fc18fc18fc18000f00c0001efc18fc18a0d8
 1202.238 1e1000000009120001019000000000000100000000000100014721
 1202.238 1e10000000090260
 1202.300 1e1000140003060000000000008c5f
 1202.300 1e1000140003c263
 1202.346 1e040000001673ab
 1202.409 1e042c00e700f700dc01130037008201010000ffff00000190001e0000001a02f800000088000000000000001d02214352
 1202.532 1e04001e00061261
 1202.532 1e040c000000000000000000000000cabf
 1202.579 0617afc8000cafdc00050a0000000000000000000f1bbe
 1202.688 0f03070800064450
 1202.718 0f030c0000000100000001000000002d24
 1202.764 0f0303e8000e4550
 1202.809 0f031c0019001300280000000000000015001300020028001e0001001400020d98
 1203.226 0217a7f8000fa80c00070e0040000000080050000affff00002ea9
 1203.272 02171e0019fc18fc1800360028fc18fc18fc18fc18fc18000f00c0001efc18fc18a0d8
 1203.380 0f1003e8000e1c0019001300280000000000000015001300020028001e000100140002e77e
 1203.380 0f1003e8000ec093
 1203.489 0f10082000122400e700f700dc01130037008201010190001e0000001a02f800000088001d022109670579aca7
 1203.489 0f10082000124280
 1204.263 0217a7f8000fa80c00070e0040000000080050000affff00002ea9
 1204.324 02171e0019fc18fc1800360028fc18fc18fc18fc18fc18000f00c0001efc18fc18a0d8
 1204.402 1e1000000009120001019000000000000100000000000100014721
 1204.402 1e10000000090260
 1204.477 1e1000140003060000000000008c5f
 1204.477 1e1000140003c263
 1204.508 1e040000001673ab
 1204.586 1e042c00e700f700dc01130037008201010000ffff00000190001e0000001a02f800000088000000000000001d02214352
 1204.662 1e04001e00061261
 1204.694 1e040c000000000000000000000000cabf
 1205.311 0217a7f8000fa80c00070e0040000000080050000affff00002ea9
 1205.373 02171e0019fc18fc1800360028fc18fc18fc18fc18fc18000f00c0001efc18fc18a0d8
 1205.419 0a17b3b00003b3c4000306000f001400007052
 1205.588 0f1008340012240000000000000000000000000000000700800000000000000000015e015e0000000003002382
 1205.588 0f10083400120284
 1206.355 0217a7f8000fa80c00070e0040000000080050000affff00002ea9
 1206.416 02171e0019fc18fc1800360028fc18fc18fc18fc18fc18000f00c0001efc18fc18a0d8
 1206.492 1e1000000009120001019000000000000100000000000100014721
 1206.492 1e10000000090260
 1206.569 1e1000140003060000000000008c5f
 1206.569 1e1000140003c263
 1206.600 1e040000001673ab
 1206.662 1e042c00e700f700dc01130037008201010000ffff00000190001e0000001a02f800000088000000000000001d02214352
 1206.754 1e04001e00061261
 1206.785 1e040c000000000000000000000000cabf
 1206.831 0617afc8000cafdc00050a0000000000000000000f1bbe
 1206.985 0f03070800064450
 1206.985 0f030c0000000000000000000000001d74
 1207.403 0217a7f8000fa80c00070e0040000000080050000affff00002ea9
 1207.466 02171e0019fc18fc1800360028fc18fc18fc18fc18fc18000f00c0001efc18fc18a0d8
 1207.573 0f10084800172effec0015001500180018000000000000000000310000000000000032000a00000007000c0014001a0009001a0005c78c
 1207.573 0f1008480017035f
 1208.452 0217a7f8000fa80c00070e0040000000080050000affff00002ea9
 1208.498 02171e0019fc18fc1800360028fc18fc18fc18fc18fc18000f00c0001efc18fc18a0d8
 1208.590 1e1000000009120001019000000000000100000000000100014721
 1208.590 1e10000000090260
 1208.652 1e1000140003060000000000008c5f
 1208.652 1e1000140003c263
 1208.698 1e040000001673ab
 1208.760 1e042c00e700f700dc01130037008201010000ffff00000190001e0000001a02f800000088000000000000001d02214352
 1208.884 1e04001e00061261
 1208.884 1e040c000000000000000000000000cabf
 1209.500 0217a7f8000fa80c00070e0040000000080050000affff00002ea9
 1209.546 02171e0019fc18fc1800360028fc18fc18fc18fc18fc18000f00c0001efc18fc18a0d8
 1209.607 0a17b3b00003b3c4000306000f001400007052
 1209.747 0f10086400040800000001000000e86bf7
 1209.747 0f1008640004835b
 1210.533 0217a7f8000fa80c00070e0040000000080050000affff00002ea9
 1210.596 02171e0019fc18fc1800360028fc18fc18fc18fc18fc18000f00c0001efc18fc18a0d8
 1210.671 1e1000000009120001019000000000000100000000000100014721
 1210.671 1e10000000090260
 1210.747 1e1000140003060000000000008c5f
 1210.747 1e1000140003c263
 1210.777 1e040000001673ab
 1210.854 1e042c00e700f700dc01130037008201010000ffff00000190001e0000001a02f800000088000000000000001d02214352
 1210.931 1e04001e00061261
 1210.961 1e040c000000000000000000000000cabf
 1211.022 0617afc8000cafdc00050a0000000000000000000f1bbe
 1211.130 0f03070800064450
 1211.162 0f030c0000000000000000000000001d74
 1211.579 0217a7f8000fa80c00070e0040000000080050000affff00002ea9
 1211.640 02171e0019fc18fc1800360028fc18fc18fc18fc18fc18000f00c0001efc18fc18a0d8
 1211.749 0f100870001122046b000001f501a701b501a700c90000000000000000012a05c3780a0000000000005c99
 1211.749 0f10087000110290
 1212.626 0217a7f8000fa80c00070e0040000000080050000affff00002ea9
 1212.686 02171e0019fc18fc1800360028fc18fc18fc18fc18fc18000f00c0001efc18fc18a0d8
 1212.762 1e1000000009120001019000000000000100000000000100014721
 1212.762 1e10000000090260
 1212.837 1e1000140003060000000000008c5f
 1212.837 1e1000140003c263
 1212.868 1e040000001673ab
 1212.945 1e042c00e700f600dc01180030008201010000ffff00000190001e0000001902f800000088000000000000001d0221beef
 1213.022 1e04001e00061261
 1213.053 1e040c000000000000000000000000cabf
 1213.670 0217a7f8000fa80c00070e0040000000080050000affff00002ea9
 1213.732 02171e0019fc18fc1800360028fc18fc18fc18fc18fc18000f00c0001efc18fc18a0d8
 1213.778 0a17b3b00003b3c4000306000f001400007052
 1214.805 0f100884003c837f
 1214.805 0217a7f8000fa80c00070e0040000000080050000affff00002ea9
 1214.805 02171e0019fc18fc1800360028fc18fc18fc18fc18fc18000f00c0001efc18fc18a0d8
 1214.898 1e1000000009120001019000000000000100000000000100014721
 1214.898 1e10000000090260
 1214.960 1e1000140003060000000000008c5f
 1214.960 1e1000140003c263
 1215.006 1e040000001673ab
 1215.068 1e042c00e700f600dc01180030008201010000ffff00000190001e0000001902f800000088000000000000001d0221beef
 1215.160 1e04001e00061261
 1215.192 1e040c000000000000000000000000cabf
 1215.253 0617afc8000cafdc00050a0000000000000000000f1bbe
 1215.393 0f03070800064450
 1215.393 0f030c0000000000000000000000001d74
 1215.809 0217a7f8000fa80c00070e0040000000080050000affff00002ea9
 1215.855 02171e0019fc18fc1800360028fc18fc18fc18fc18fc18000f00c0001efc18fc18a0d8
 1215.947 0f1007d000132600190017ff9c00360028ff9cff9cff9cff9cff9c000f00c0001e0040000000080050000a0000048f
 1215.978 0f1007d000138067
 1216.853 0217a7f8000fa80c00070e0040000000080050000affff00002ea9
 1216.900 02171e0019fc18fc1800360028fc18fc18fc18fc18fc18000f00c0001efc18fc18a0d8
 1216.991 1e1000000009120001019000000000000100000000000100014721
 1216.991 1e10000000090260
 1217.053 1e1000140003060000000000008c5f
 1217.053 1e1000140003c263
 1217.099 1e040000001673ab
 1217.160 1e042c00e700f600dc01180030008201010000ffff00000190001e0000001902f800000088000000000000001d0221beef
 1217.283 1e04001e00061261
 1217.283 1e040c000000000000000000000000cabf
 1217.900 0217a7f8000fa80c00070e0040000000080050000affff00002ea9
 1217.946 02171e0019fc18fc1800360028fc18fc18fc18fc18fc18000f00c0001efc18fc18a0d8
 1218.007 0a17b3b00003b3c4000306000f001400007052
 1218.175 0f1007e4001122000d00000000000f09060709096705790000000000000000000000000000000000066c22
 1218.175 0f1007e400114068
 1218.947 0217a7f8000fa80c00070e0040000000080050000affff00002ea9
 1219.008 02171e0019fc18fc1800360028fc18fc18fc18fc18fc18000f00c0001efc18fc18a0d8
 1219.086 1e1000000009120001019000000000000100000000000100014721
 1219.086 1e10000000090260
 1219.149 1e1000140003060000000000008c5f
 1219.149 1e1000140003c263
 1219.196 1e040000001673ab
 1219.257 1e042c00e700f600dc01180030008201010000ffff00000190001e0000001902f800000088000000000000001d0221beef
 1219.381 1e04001e00061261
 1219.381 1e040c000000000000000000000000cabf
 1219.426 0617afc8000cafdc00050a0000000000000000000f1bbe
 1219.580 0f03070800064450
 1219.580 0f030c0000000000000000000000001d74
 1219.996 0217a7f8000fa80c00070e0040000000080050000affff00002ea9
 1220.043 02171e0019fc18fc1800360028fc18fc18fc18fc18fc18000f00c0001efc18fc18a0d8
 1220.120 0f1007f8001122000000000000000000000000000000000000000000000000000000000000000000006fb5
 1220.150 0f1007f8001181ae
 1221.044 0217a7f8000fa80c00070e0040000000080050000affff00002ea9
 1221.090 02171e0019fc18fc1800360028fc18fc18fc18fc18fc18000f00c0001efc18fc18a0d8
 1221.183 1e1000000009120001019000000000000100000000000100014721
 1221.183 1e10000000090260
 1221.246 1e1000140003060000000000008c5f
 1221.246 1e1000140003c263
 1221.292 1e040000001673ab
 1221.353 1e042c00e700f600dc01180030008201010000ffff00000190001e0000001902f800000088000000000000001d0221beef
 1221.477 1e04001e00061261
 1221.477 1e040c000000000000000000000000cabf
 1222.078 0217a7f8000fa80c00070e0040000000080050000affff00002ea9
 1222.139 02171e0019fc18fc1800360028fc18fc18fc18fc18fc18000f00c0001efc18fc18a0d8
 1222.200 0a17b3b00003b3c4000306000f001400007052
 1222.369 0f10080c00122400c8000000000000000000000000000000000000000000000000001400000000000000009422
 1222.369 0f10080c00128349
 1223.137 0217a7f8000fa80c00070e0040000000080050000affff00002ea9
 1223.182 02171e0019fc18fc1800360028fc18fc18fc18fc18fc18000f00c0001efc18fc18a0d8
 1223.276 1e1000000009120001019000000000000100000000000100014721
 1223.276 1e10000000090260
 1223.336 1e1000140003060000000000008c5f
 1223.336 1e1000140003c263
 1223.367 1e040000001673ab
 1223.444 1e042c00e700f600dc011a002f008201070000ffff0000019000210000001b02f800000088000000000000001d0221f423
 1223.521 1e04001e00061261
 1223.552 1e040c000000000000000000000000cabf
 1223.614 0617afc8000cafdc00050a0000000000000000000f1bbe
 1223.722 0f03070800064450
 1223.752 0f030c0000000000000000000000001d74
 1224.168 0217a7f8000fa80c00070e0040000000080050000affff00002ea9
 1224.230 02171e0019fc18fc1800360028fc18fc18fc18fc18fc18000f00c0001efc18fc18a0d8
 1224.337 0f10082000122400e700f600dc011a002f00820107019000210000001b02f800000088001d022109670579720b
 1224.337 0f10082000124280
 1225.215 0217a7f8000fa80c00070e0040000000080050000affff00002ea9
 1225.277 02171e0019fc18fc1800360028fc18fc18fc18fc18fc18000f00c0001efc18fc18a0d8
 1225.354 1e1000000009120001019000000000000100000000000100014721
 1225.354 1e10000000090260
 1225.431 1e1000140003060000000000008c5f
 1225.431 1e1000140003c263
 1225.461 1e040000001673ab
 1225.538 1e042c00e700f600dc011a002f008201070000ffff0000019000210000001b02f800000088000000000000001d0221f423
 1225.615 1e04001e00061261
 1225.647 1e040c000000000000000000000000cabf
 1226.261 0217a7f8000fa80c00070e0040000000080050000affff00002ea9
 1226.324 02171e0019fc18fc1800360028fc18fc18fc18fc18fc18000f00c0001efc18fc18a0d8
 1226.370 0a17b3b00003b3c4000306000f001400007052
 1226.555 0f1008340012240000000000000000000000000000001b00800000000000000000015e015e000000000300fddf
 1226.555 0f10083400120284
 1227.313 0217a7f8000fa80c00070e0040000000080050000affff00002ea9
 1227.374 02171e0019fc18fc1800360028fc18fc18fc18fc18fc18000f00c0001efc18fc18a0d8
 1227.452 1e1000000009120001019000000000000100000000000100014721
 1227.452 1e10000000090260
 1227.513 1e1000140003060000000000008c5f
 1227.513 1e1000140003c263
 1227.560 1e040000001673ab
 1227.621 1e042c00e700f600dc011a002f008201070000ffff0000019000210000001b02f800000088000000000000001d0221f423
 1227.713 1e04001e00061261
 1227.743 1e040c000000000000000000000000cabf
 1227.806 0617afc8000cafdc00050a0000000000000000000f1bbe
 1227.914 0f03070800064450
 1227.944 0f030c0000000000000000000000001d74
 1228.361 0217a7f8000fa80c00070e0040000000080050000affff00002ea9
 1228.408 02171e0019fc18fc1800360028fc18fc18fc18fc18fc18000f00c0001efc18fc18a0d8
 1228.500 0f10084800172effec0015001500180018000000000000000000310000000000000032000a0000001c000c0014001a0009001a0005e397
 1228.530 0f1008480017035f
 1229.406 0217a7f8000fa80c00070e0040000000080050000affff00002ea9
 1229.452 02171e0019fc18fc1800360028fc18fc18fc18fc18fc18000f00c0001efc18fc18a0d8
 1229.544 1e1000000009120001019000000000000100000000000100014721
 1229.544 1e10000000090260
 1229.605 1e1000140003060000000000008c5f
 1229.605 1e1000140003c263
 1229.635 1e040000001673ab
 1229.712 1e042c00e700f600dc011a002f008201070000ffff0000019000210000001b02f800000088000000000000001d0221f423
 1229.789 1e04001e00061261
 1229.835 1e040c000000000000000000000000cabf
 1230.450 0217a7f8000fa80c00070e0040000000080050000affff00002ea9
 1230.496 02171e0019fc18fc1800360028fc18fc18fc18fc18fc18000f00c0001efc18fc18a0d8
 1230.557 0a17b3b00003b3c4000306000f001400007052
 1230.695 0f10086400040800000001000000e86bf7
 1230.695 0f1008640004835b
 1231.495 0217a7f8000fa80c00070e0040000000080050000affff00002ea9
 1231.556 02171e0019fc18fc1800360028fc18fc18fc18fc18fc18000f00c0001efc18fc18a0d8
 1231.632 1e1000000009120001019000000000000100000000000100014721
 1231.632 1e10000000090260
 1231.741 1e1000140003060000000000008c5f
 1231.741 1e1000140003c263
 1231.741 1e040000001673ab
 1231.804 1e042c00e700f600dc011a002f008201070000ffff0000019000210000001b02f800000088000000000000001d0221f423
 1231.928 1e04001e00061261
 1231.928 1e040c000000000000000000000000cabf
 1231.974 0617afc8000cafdc00050a0000000000000000000f1bbe
 1232.127 0f03070800064450
 1232.127 0f030c0000000000000000000000001d74
 1232.540 0217a7f8000fa80c00070e0040000000080050000affff00002ea9
 1232.601 02171e0019fc18fc1800360028fc18fc18fc18fc18fc18000f00c0001efc18fc18a0d8
 1232.693 0f100870001122046b000001f501a701b501a700c90000000000000000012a05c3780a0000000000005c99
 1232.693 0f10087000110290
 1233.598 0217a7f8000fa80c00070e0040000000080050000affff00002ea9
 1233.644 02171e0019fc18fc1800360028fc18fc18fc18fc18fc18000f00c0001efc18fc18a0d8
 1233.721 1e1000000009120001019000000000000100000000000100014721
 1233.721 1e10000000090260
 1233.796 1e1000140003060000000000008c5f
 1233.796 1e1000140003c263
 1233.827 1e040000001673ab
 1233.890 1e042c00e600f800dc011f00320082010a0000ffff0000019000240000001c02f800000088000000000000001d0221e835
 1234.014 1e04001e00061261
 1234.014 1e040c000000000000000000000000cabf
 1234.708 0217a7f8000fa80c00070e0040000000080050000affff00002ea9
 1234.755 02171e0019fc18fc1800360028fc18fc18fc18fc18fc18000f00c0001efc18fc18a0d8
 1234.818 0a17b3b00003b3c4000306000f001400007052
 1235.926 0217a7f8000fa80c00070e0040000000280050000affff0000b768
 1235.926 02171e0019fc18fc1800360028fc18fc18fc18fc18fc18000f00c0001efc18fc18a0d8
 1235.926 1e1000000009120001019000000000000100000000000100014721
 1235.926 1e10000000090260
 1235.989 1e1000140003060000000000008c5f
 1235.989 1e1000140003c263
 1236.036 1e040000001673ab
 1236.098 1e042c00e600f800dc011f00320082010a0000ffff0000019000240000001c02f800000088000000000000001d0221e835
 1236.221 1e04001e00061261
 1236.221 1e040c000000000000000000000000cabf
 1236.268 0617afc8000cafdc00050a0020000000000000000f827f
 1236.391 0f03070800064450
 1236.838 0217a7f8000fa80c00070e0040000000200050000affff0000d0a8
 1236.885 02171e0019fc18fc1800360028fc18fc18fc18fc18fc18000f00c0001efc18fc18a0d8
 1237.934 0f100884003c837f
 1237.934 0217a7f8000fa80c00070e0040000000200050000affff0000d0a8
 1237.934 02171e0019fc18fc1800360028fc18fc18fc18fc18fc18000f00c0001efc18fc18a0d8
 1238.010 1e1000000009120001019000000000000100000000000100014721
 1238.010 1e10000000090260
 1238.088 1e1000140003060000000000008c5f
 1238.088 1e1000140003c263
 1238.118 1e040000001673ab
 1238.179 1e042c00e600f800dc011f00320082010a0000ffff0000019000240000001c02f800000088000000000000001d0221e835
 1238.272 1e04001e00061261
 1238.303 1e040c000000000000000000000000cabf
 1238.920 0217a7f8000fa80c00070e0040000000200050000affff0000d0a8
 1238.981 02171e0019fc18fc1800360028fc18fc18fc18fc18fc18000f00c0001efc18fc18a0d8
 1239.026 0a17b3b00003b3c4000306000f001400007052
 1239.978 0217a7f8000fa80c00070e0040000000200050000affff0000d0a8
 1240.024 02171e0019fc18fc1800360028fc18fc18fc18fc18fc18000f00c0001efc18fc18a0d8
 1240.115 1e1000000009120001019000000000000100000000000100014721
 1240.115 1e10000000090260
 1240.176 1e1000140003060000000000008c5f
 1240.176 1e1000140003c263
 1240.223 1e040000001673ab
 1240.286 1e042c00e600f800dc011f00320082010a0000ffff0000019000240000001c02f800000088000000000000001d0221e835
 1240.408 1e04001e00061261
 1240.408 1e040c000000000000000000000000cabf
 1240.455 0617afc8000cafdc00050a0020000000000000000f827f
 1240.563 0f03070800064450
 1240.609 0f030c0000000000000000000000001d74
 1241.008 0217a7f8000fa80c00070e0040000000200050000affff0000d0a8
 1241.069 02171e0019fc18fc1800360028fc18fc18fc18fc18fc18000f00c0001efc18fc18a0d8
 1241.177 0f1007d000132600190017ff9c00360028ff9cff9cff9cff9cff9c000f00c0001e0040000000200050000a0000ac8d
 1241.177 0f1007d000138067
 1242.066 0217a7f8000fa80c00070e0040000000200050000affff0000d0a8
 1242.112 02171e0019fc18fc1800360028fc18fc18fc18fc18fc18000f00c0001efc18fc18a0d8
 1242.205 1e1000000009120001019000000000000100000000000100014721
 1242.205 1e10000000090260
 1242.267 1e1000140003060000000000008c5f
 1242.267 1e1000140003c263
 1242.313 1e040000001673ab
 1242.374 1e042c00e600f800dc011f00320082010a0000ffff0000019000240000001c02f800000088000000000000001d0221e835
 1242.498 1e04001e00061261
 1242.498 1e040c000000000000000000000000cabf
 1243.117 0217a7f8000fa80c00070e0040000000200050000affff0000d0a8
 1243.163 02171e0019fc18fc1800360028fc18fc18fc18fc18fc18000f00c0001efc18fc18a0d8
 1243.223 0a17b3b00003b3c4000306000f001400007052
 1243.393 0f1007e4001122000d00000000000f09060709096705790000000000000000000000000000000000066c22
 1243.393 0f1007e400114068
 1244.163 0217a7f8000fa80c00070e0040000000200050000affff0000d0a8
 1244.210 02171e0019fc18fc1800360028fc18fc18fc18fc18fc18000f00c0001efc18fc18a0d8
 1244.302 1e1000000009120001019000000000000100000000000100014721
 1244.302 1e10000000090260
 1244.364 1e1000140003060000000000008c5f
 1244.364 1e1000140003c263
 1244.395 1e040000001673ab
 1244.471 1e042c00e600fa00dc012200340082010e0000ffff0000019000260000001f02f800000088000000000000001d0221784d
 1244.548 1e04001e00061261
 1244.579 1e040c000000000000000000000000cabf
 1244.640 0617afc8000cafdc00050a0020000000000000000f827f
 1244.748 0f03070800064450
 1244.778 0f030c0000000000000000000000001d74
 1245.207 0217a7f8000fa80c00070e0040000000200050000affff0000d0a8
 1245.253 02171e0019fc18fc1800360028fc18fc18fc18fc18fc18000f00c0001efc18fc18a0d8
 1245.362 0f1007f8001122000000000000000000000000000000000000000000000000000000000000000000006fb5
 1245.362 0f1007f8001181ae
 1246.255 0217a7f8000fa80c00070e0040000000200050000affff0000d0a8
 1246.301 02171e0019fc18fc1800360028fc18fc18fc18fc18fc18000f00c0001efc18fc18a0d8
 1246.393 1e1000000009120001019000000000000100000000000100014721
 1246.393 1e10000000090260
 1246.454 1e1000140003060000000000008c5f
 1246.454 1e1000140003c263
 1246.501 1e040000001673ab
 1246.563 1e042c00e600fa00dc012200340082010e0000ffff0000019000260000001f02f800000088000000000000001d0221784d
 1246.655 1e04001e00061261
 1246.686 1e040c000000000000000000000000cabf
 1247.305 0217a7f8000fa80c00070e0040000000200050000affff0000d0a8
 1247.352 02171e0019fc18fc1800360028fc18fc18fc18fc18fc18000f00c0001efc18fc18a0d8
 1247.400 0a17b3b00003b3c4000306000f001400007052
 1247.583 0f10080c00122400c800000000000000000000000000000000000000000000000000140020000000000000b5e0
 1247.583 0f10080c00128349
 1248.339 0217a7f8000fa80c00070e0040000000200050000affff0000d0a8
 1248.400 02171e001afc18fc1800360028fc18fc18fc18fc18fc18000f00c0001efc18fc18e0da
 1248.477 1e1000000009120001019000000000000100000000000100014721
 1248.477 1e10000000090260
 1248.554 1e1000140003060000000000008c5f
 1248.554 1e1000140003c263
 1248.585 1e040000001673ab
 1248.647 1e042c00e600fa00dc012200340082010e0000ffff0000019000260000001f02f800000088000000000000001d0221784d
 1248.738 1e04001e00061261
 1248.769 1e040c000000000000000000000000cabf
 1248.832 0617afc8000cafdc00050a0020000000000000000f827f
 1248.940 0f03070800064450
 1248.971 0f030c0000000000000000000000001d74
 1249.388 0217a7f8000fa80c00070e0040000000200050000affff0000d0a8
 1249.449 02171e001afc18fc1800360028fc18fc18fc18fc18fc18000f00c0001efc18fc18e0da
 1249.556 0f10082000122400e600fa00dc012200340082010e019000260000001f02f800000088001d0221096705799591
 1249.556 0f10082000124280
 1250.434 0217a7f8000fa80c00070e0040000000200050000affff0000d0a8
 1250.497 02171e001afc18fc1800360028fc18fc18fc18fc18fc18000f00c0001efc18fc18e0da
 1250.573 1e1000000009120001019000000000000100000000000100014721
 1250.573 1e10000000090260
 1250.634 1e1000140003060000000000008c5f
 1250.634 1e1000140003c263
 1250.682 1e040000001673ab
 1250.744 1e042c00e600fa00dc012200340082010e0000ffff0000019000260000001f02f800000088000000000000001d0221784d
 1250.836 1e04001e00061261
 1250.867 1e040c000000000000000000000000cabf
 1251.483 0217a7f8000fa80c00070e0040000000200050000affff0000d0a8
 1251.529 02171e001afc18fc1800360028fc18fc18fc18fc18fc18000f00c0001efc18fc18e0da
 1251.590 0a17b3b00003b3c4000306000f001400007052
 1251.758 0f1008340012240000000000000000000000000000003300800000000000000000015e015e00000000030053f5
 1251.758 0f10083400120284
 1252.524 0217a7f8000fa80c00070e0040000000000050000affff00004969
 1252.585 02171e001afc18fc1800360028fc18fc18fc18fc18fc18000f00c0001efc18fc18e0da
 1252.663 1e1000000009120001019000000000000100000000000100014721
 1252.663 1e10000000090260
 1252.740 1e1000140003060000000000008c5f
 1252.740 1e1000140003c263
 1252.771 1e040000001673ab
 1252.847 1e042c00e600fa00dc012200340082010e0000ffff0000019000260000001f02f800000088000000000000001d0221784d
 1252.924 1e04001e00061261
 1252.954 1e040c000000000000000000000000cabf
 1253.016 0617afc8000cafdc00050a0000000000000000000f1bbe
 1253.124 0f03070800064450
 1253.154 0f030c0000000000000000000000001d74
 1253.571 0217a7f8000fa80c00070e0040000000000050000affff00004969
 1253.632 02171e001afc18fc1800360028fc18fc18fc18fc18fc18000f00c0001efc18fc18e0da
 1253.741 0f10084800172effe70015001500180018000000000000000000310000000000000032000a00000036000c0014001a0009001a0005b908
 1253.741 0f1008480017035f
 1254.616 0217a7f8000fa80c00070e0040000000000050000affff00004969
 1254.678 02171e001afc18fc1800360028fc18fc18fc18fc18fc18000f00c0001efc18fc18e0da
 1254.754 1e1000000009120001019000000000000100000000000100014721
 1254.754 1e10000000090260
 1254.831 1e1000140003060000000000008c5f
 1254.831 1e1000140003c263
 1254.862 1e040000001673ab
 1254.938 1e042c00e600fa00dc012400340082010e0000ffff0000019000260000002102f800000088000000000000001d02214581
 1255.015 1e04001e00061261
 1255.046 1e040c000000000000000000000000cabf
 1255.661 0217a7f8000fa80c00070e0040000000000050000affff00004969
 1255.723 02171e001afc18fc1800360028fc18fc18fc18fc18fc18000f00c0001efc18fc18e0da
 1255.770 0a17b3b00003b3c4000306000f001400007052
 1255.894 0f10086400040800000001000000e86bf7
 1255.925 0f1008640004835b
 1256.708 0217a7f8000fa80c00070e0040000000000050000affff00004969
 1256.768 02171e001afc18fc1800360028fc18fc18fc18fc18fc18000f00c0001efc18fc18e0da
 1256.846 1e1000000009120001019000000000000100000000000100014721
 1256.846 1e10000000090260
 1256.923 1e1000140003060000000000008c5f
 1256.923 1e1000140003c263
 1256.954 1e040000001673ab
 1257.015 1e042c00e600fc00dd01240034008201100000ffff0000019000290000002102f800000088000000000000001d02214592
 1257.109 1e04001e00061261
 1257.140 1e040c000000000000000000000000cabf
 1257.203 0617afc8000cafdc00050a0000000000000000000f1bbe
 1257.311 0f03070800064450
 1257.342 0f030c0000000000000000000000001d74
 1257.759 0217a7f8000fa80c00070e0040000000000050000affff00004969
 1257.805 02171e001afc18fc1800360028fc18fc18fc18fc18fc18000f00c0001efc18fc18e0da
 1257.912 0f100870001122046b000001f501a701b501a700c90000000000000000012a05c3780a0000000000005c99
 1257.912 0f10087000110290
 1258.806 0217a7f8000fa80c00070e0040000000000050000affff00004969
 1258.867 02171e001afc18fc1800360028fc18fc18fc18fc18fc18000f00c0001efc18fc18e0da
 1258.944 1e1000000009120001019000000000000100000000000100014721
 1258.944 1e10000000090260
 1259.020 1e1000140003060000000000008c5f
 1259.020 1e1000140003c263
 1259.050 1e040000001673ab
 1259.127 1e042c00e600fc00dd01240034008201100000ffff0000019000290000002102f800000088000000000000001d02214592
 1259.204 1e04001e00061261
 1259.235 1e040c000000000000000000000000cabf
 1259.854 0217a7f8000fa80c00070e0040000000000050000affff00004969
 1259.915 02171e001afc18fc1800360028fc18fc18fc18fc18fc18000f00c0001efc18fc18e0da
 1259.961 0a17b3b00003b3c4000306000f001400007052
 1261.021 0f100884003c837f
 1261.021 0217a7f8000fa80c00070e0040000000000050000affff00004969
 1261.021 02171e001afc18fc1800360028fc18fc18fc18fc18fc18000f00c0001efc18fc18e0da
 1261.096 1e1000000009120001019000000000000100000000000100014721
 1261.096 1e10000000090260
 1261.173 1e1000140003060000000000008c5f
 1261.173 1e1000140003c263
 1261.204 1e040000001673ab
 1261.280 1e042c00e600fc00dd01240034008201100000ffff0000019000290000002102f800000088000000000000001d02214592
 1261.401 1e04001e00061261
 1261.401 1e040c000000000000000000000000cabf
 1261.447 0617afc8000cafdc00050a0000000000000000000f1bbe
 1261.556 0f03070800064450
 1261.601 0f030c0000000800000008000000009b75
 1261.632 0f03042e000f65d9
 1261.693 0f031e0001000000000014fff6000500280000002d00000000000000000000000012fd
 1262.032 0217a7f8000fa80c00070e0040000000000050000affff00004969
 1262.093 02171e001afc18fc1800360028fc18fc18fc18fc18fc18000f00c0001efc18fc18e0da
 1262.184 0f10042e000f1e0001000000000014fff6000500280000002d0000000000000000000000003295
 1262.184 0f10042e000fe01a
 1262.261 0f1007d0001326001a0017ff9c00360028ff9cff9cff9cff9cff9c000f00c0001e0040000000000050000a0000aabf
 1262.306 0f1007d000138067
 1263.078 0217a7f8000fa80c00070e0040000000000050000affff00004969
 1263.141 02171e001afc18fc1800360028fc18fc18fc18fc18fc18000f00c0001efc18fc18e0da
 1263.217 1e1000000009120001019000000000000100000000000100014721
 1263.217 1e10000000090260
 1263.279 1e1000140003060000000000008c5f
 1263.279 1e1000140003c263
 1263.326 1e040000001673ab
 1263.388 1e042c00e600fc00dd01240034008201100000ffff0000019000290000002102f800000088000000000000001d02214592
 1263.481 1e04001e00061261
 1263.511 1e040c000000000000000000000000cabf
 1264.129 0217a7f8000fa80c00070e0040000000000050000affff00004969
 1264.177 02171e001afc18fc1800360028fc18fc18fc18fc18fc18000f00c0001efc18fc18e0da
 1264.238 0a17b3b00003b3c4000306000f001400007052
 1264.408 0f1007e4001122000d00000000000f09060709096705790000000000000000000000000000000000066c22
 1264.408 0f1007e400114068
 1265.178 0217a7f8000fa80c00070e0040000000000050000affff00004969
 1265.225 02171e001afc18fc1800360028fc18fc18fc18fc18fc18000f00c0001efc18fc18e0da
 1265.318 1e1000000009120001019000000000000100000000000100014721
 1265.318 1e10000000090260
 1265.379 1e1000140003060000000000008c5f
 1265.379 1e1000140003c263
 1265.425 1e040000001673ab
 1265.486 1e042c00e600fc00dd01240034008201100000ffff0000019000290000002102f800000088000000000000001d02214592
 1265.577 1e04001e00061261
 1265.609 1e040c000000000000000000000000cabf
 1265.671 0617afc8000cafdc00050a0000000000000000000f1bbe
 1265.809 0f03070800064450
 1265.809 0f030c0000000000000000000000001d74
 1266.225 0217a7f8000fa80c00070e0040000000000050000affff00004969
 1266.270 02171e001afc18fc1800360028fc18fc18fc18fc18fc18000f00c0001efc18fc18e0da
 1266.378 0f1007f8001122000000000000000000000000000000000000000000000000000000000000000000006fb5
 1266.378 0f1007f8001181ae
 1267.270 0217a7f8000fa80c00070e0040000000000050000affff00004969
 1267.317 02171e001afc18fc1800360028fc18fc18fc18fc18fc18000f00c0001efc18fc18e0da
 1267.409 1e1000000009120001019000000000000100000000000100014721
 1267.409 1e10000000090260
 1267.471 1e1000140003060000000000008c5f
 1267.471 1e1000140003c263
 1267.518 1e040000001673ab
 1267.579 1e042c00e600fc00dc01260032008201130000ffff00000190002c0000002502f80000009e000000000000001d02217583
 1267.703 1e04001e00061261
 1267.703 1e040c000000000000000000000000cabf
 1268.318 0217a7f8000fa80c00070e0040000000000050000affff00004969
 1268.364 02171e001afc18fc1800360028fc18fc18fc18fc18fc18000f00c0001efc18fc18e0da
 1268.425 0a17b3b00003b3c4000306000f001400007052
 1268.609 0f10080c00122400c8000000000000000000000000000000000000000000000000001400000000000000009422
 1268.609 0f10080c00128349
 1269.361 0217a7f8000fa80c00070e0040000000000050000affff00004969
 1269.423 02171e001afc18fc1800360028fc18fc18fc18fc18fc18000f00c0001efc18fc18e0da
 1269.501 1e1000000009120001019000000000000100000000000100014721
 1269.501 1e10000000090260
 1269.562 1e1000140003060000000000008c5f
 1269.562 1e1000140003c263
 1269.608 1e040000001673ab
 1269.671 1e042c00e600fc00dc01260032008201130000ffff00000190002c0000002502f80000009e000000000000001d02217583
 1269.763 1e04001e00061261
 1269.795 1e040c000000000000000000000000cabf
 1269.855 0617afc8000cafdc00050a0000000000000000000f1bbe
 1269.962 0f03070800064450
 1269.992 0f030c0000000000000000000000001d74
 1270.409 0217a7f8000fa80c00070e0040000000000050000affff00004969
 1270.471 02171e001afc18fc1800360028fc18fc18fc18fc18fc18000f00c0001efc18fc18e0da
 1270.564 0f10082000122400e600fc00dc01260032008201130190002c0000002502f80000009e001d0221096705796e36
 1270.564 0f10082000124280
 1271.458 0217a7f8000fa80c00070e0040000000000050000affff00004969
 1271.505 02171e001afc18fc1800360028fc18fc18fc18fc18fc18000f00c0001efc18fc18e0da
 1271.583 1e1000000009120001019000000000000100000000000100014721
 1271.583 1e10000000090260
 1271.660 1e1000140003060000000000008c5f
 1271.660 1e1000140003c263
 1271.691 1e040000001673ab
 1271.753 1e042c00e600fc00dc01260032008201130000ffff00000190002c0000002502f80000009e000000000000001d02217583
 1271.846 1e04001e00061261
 1271.877 1e040c000000000000000000000000cabf
 1272.493 0217a7f8000fa80c00070e0040000000000050000affff00004969
 1272.555 02171e001afc18fc1800360028fc18fc18fc18fc18fc18000f00c0001efc18fc18e0da
 1272.602 0a17b3b00003b3c4000306000f001400007052
 1272.755 0f1008340012240000000000000000000000000000000b00800000000000000000015e015e000000000300ef4e
 1272.786 0f10083400120284
 1273.539 0217a7f8000fa80c00070e0040000000000050000affff00004969
 1273.601 02171e001afc18fc1800360028fc18fc18fc18fc18fc18000f00c0001efc18fc18e0da
 1273.676 1e1000000009120001019000000000000100000000000100014721
 1273.676 1e10000000090260
 1273.753 1e1000140003060000000000008c5f
 1273.753 1e1000140003c263
 1273.785 1e040000001673ab
 1273.862 1e042c00e600fc00dc01260032008201130000ffff00000190002c0000002502f80000009e000000000000001d02217583
 1273.938 1e04001e00061261
 1273.970 1e040c000000000000000000000000cabf
 1274.031 0617afc8000cafdc00050a0000000000000000000f1bbe
 1274.138 0f03070800064450
 1274.170 0f030c0000000000000000000000001d74
 1274.585 0217a7f8000fa80c00070e0040000000000050000affff00004969
 1274.647 02171e001afc18fc1800360028fc18fc18fc18fc18fc18000f00c0001efc18fc18e0da
 1274.755 0f10084800172effe700150015001800180000000000000000002c0000000000000032000a0000000f000d0014001a0009001a0005e03c
 1274.755 0f1008480017035f
 1275.636 0217a7f8000fa80c00070e0040000000000050000affff00004969
 1275.697 02171e001afc18fc1800360028fc18fc18fc18fc18fc18000f00c0001efc18fc18e0da
 1275.774 1e1000000009120001019000000000000100000000000100014721
 1275.774 1e10000000090260
 1275.835 1e1000140003060000000000008c5f
 1275.835 1e1000140003c263
 1275.882 1e040000001673ab
 1275.943 1e042c00e600fc00dc01260032008201130000ffff00000190002c0000002502f80000009e000000000000001d02217583
 1276.035 1e04001e00061261
 1276.066 1e040c000000000000000000000000cabf
 1276.681 0217a7f8000fa80c00070e0040000000000050000affff00004969
 1276.727 02171e001afc18fc1800360028fc18fc18fc18fc18fc18000f00c0001efc18fc18e0da
 1276.789 0a17b3b00003b3c4000306000f001400007052
 1276.926 0f10086400040800000001000000e86bf7
 1276.926 0f1008640004835b
 1277.725 0217a7f8000fa80c00070e0040000000000050000affff00004969
 1277.786 02171e001afc18fc1800360028fc18fc18fc18fc18fc18000f00c0001efc18fc18e0da
 1277.865 1e1000000009120001019000000000000100000000000100014721
 1277.865 1e10000000090260
 1277.943 1e1000140003060000000000008c5f
 1277.943 1e1000140003c263
 1277.974 1e040000001673ab
 1278.036 1e042c00e600fc00dc012e002d008201150000ffff00000190002f0000002902f80000009e000000000000001d022176b3
 1278.129 1e04001e00061261
 1278.160 1e040c000000000000000000000000cabf
 1278.221 0617afc8000cafdc00050a0000000000000000000f1bbe
 1278.363 0f03070800064450
 1278.363 0f030c0000000000000000000000001d74
 1278.768 0217a7f8000fa80c00070e0040000000000050000affff00004969
 1278.832 02171e001afc18fc1800360028fc18fc18fc18fc18fc18000f00c0001efc18fc18e0da
 1278.926 0f100870001122046b000001f501a701b501a700c90000000000000000012a05c3780b0000000000004c59
 1278.926 0f10087000110290
 1279.829 0217a7f8000fa80c00070e0040000000000050000affff00004969
 1279.875 02171e001afc18fc1800360028fc18fc18fc18fc18fc18000f00c0001efc18fc18e0da
 1279.968 1e1000000009120001019000000000000100000000000100014721
 1279.968 1e10000000090260
 1280.030 1e1000140003060000000000008c5f
 1280.030 1e1000140003c263
 1280.077 1e040000001673ab
 1280.138 1e042c00e600fc00dc012e002d008201150000ffff00000190002f0000002902f80000009e000000000000001d022176b3
 1280.261 1e04001e00061261
 1280.261 1e040c000000000000000000000000cabf
 1280.867 0217a7f8000fa80c00070e0040000000000050000affff00004969
 1280.927 02171e001afc18fc1800360028fc18fc18fc18fc18fc18000f00c0001efc18fc18e0da
 1280.975 0a17b3b00003b3c4000306000f001400007052
 1282.007 0f100884003c837f
 1282.007 0217a7f8000fa80c00070e0040000000000050000affff00004969
 1282.007 02171e001afc18fc1800360028fc18fc18fc18fc18fc18000f00c0001efc18fc18e0da
 1282.085 1e1000000009120001019000000000000100000000000100014721
 1282.085 1e10000000090260
 1282.163 1e1000140003060000000000008c5f
 1282.163 1e1000140003c263
 1282.195 1e040000001673ab
 1282.257 1e042c00e600fc00dc012e002d008201150000ffff00000190002f0000002902f80000009e000000000000001d022176b3
 1282.380 1e04001e00061261
 1282.380 1e040c000000000000000000000000cabf
 1282.428 0617afc8000cafdc00050a0000000000000000000f1bbe
 1282.566 0f03070800064450
 1282.566 0f030c0000000000000000000000001d74
 1282.997 0217a7f8000fa80c00070e0040000000000050000affff00004969
 1283.044 02171e001afc18fc1800360028fc18fc18fc18fc18fc18000f00c0001efc18fc18e0da
 1283.154 0f1007d0001326001a0017ff9c00360028ff9cff9cff9cff9cff9c000f00c0001e0040000000000050000a0000aabf
 1283.154 0f1007d000138067
 1284.037 0217a7f8000fa80c00070e0040000000000050000affff00004969
 1284.098 02171e001afc18fc1800360028fc18fc18fc18fc18fc18000f00c0001efc18fc18e0da
 1284.176 1e1000000009120001019000000000000100000000000100014721
 1284.176 1e10000000090260
 1284.238 1e1000140003060000000000008c5f
 1284.238 1e1000140003c263
 1284.284 1e040000001673ab
 1284.345 1e042c00e600fc00dc012e002d008201150000ffff00000190002f0000002902f80000009e000000000000001d022176b3
 1284.436 1e04001e00061261
 1284.468 1e040c000000000000000000000000cabf
 1285.093 0217a7f8000fa80c00070e0040000000000050000affff00004969
 1285.153 02171e001afc18fc1800360028fc18fc18fc18fc18fc18000f00c0001efc18fc18e0da
 1285.199 0a17b3b00003b3c4000306000f001400007052
 1285.370 0f1007e4001122000d00000000000f09060709096705790000000000000000000000000000000000066c22
 1285.370 0f1007e400114068
 1286.133 0217a7f8000fa80c00070e0040000000000050000affff00004969
 1286.194 02171e001afc18fc1800360028fc18fc18fc18fc18fc18000f00c0001efc18fc18e0da
 1286.272 1e1000000009120001019000000000000100000000000100014721
 1286.272 1e10000000090260
 1286.349 1e1000140003060000000000008c5f
 1286.349 1e1000140003c263
 1286.380 1e040000001673ab
 1286.457 1e042c00e600fc00dc012e002d008201150000ffff00000190002f0000002902f80000009e000000000000001d022176b3
 1286.535 1e04001e00061261
 1286.566 1e040c000000000000000000000000cabf
 1286.628 0617afc8000cafdc00050a0000000000000000000f1bbe
 1286.737 0f03070800064450
 1286.784 0f030c0000000000000000000000001d74
 1287.185 0217a7f8000fa80c00070e0040000000000050000affff00004969
 1287.231 02171e001afc18fc1800360028fc18fc18fc18fc18fc18000f00c0001efc18fc18e0da
 1287.326 0f1007f8001122000000000000000000000000000000000000000000000000000000000000000000006fb5
 1287.357 0f1007f8001181ae
 1288.226 0217a7f8000fa80c00070e0040000000000050000affff00004969
 1288.289 02171e001afc18fc1800360028fc18fc18fc18fc18fc18000f00c0001efc18fc18e0da
 1288.365 1e1000000009120001019000000000000100000000000100014721
 1288.365 1e10000000090260
 1288.443 1e1000140003060000000000008c5f
 1288.443 1e1000140003c263
 1288.474 1e040000001673ab
 1288.551 1e042c00e600fe00dd013600300082011d0000ffff00000190002f0000002c02f80000009e000000000000001d0221f2b2
 1288.629 1e04001e00061261
 1288.661 1e040c000000000000000000000000cabf
 1289.281 0217a7f8000fa80c00070e0040000000000050000affff00004969
 1289.328 02171e001afc18fc1800360028fc18fc18fc18fc18fc18000f00c0001efc18fc18e0da
 1289.391 0a17b3b00003b3c4000306000f001400007052
 1289.560 0f10080c00122400c8000000000000000000000000000000000000000000000000001400000000000000009422
 1289.560 0f10080c00128349
 1290.317 0217a7f8000fa80c00070e0040000000000050000affff00004969
 1290.378 02171e001afc18fc1800360028fc18fc18fc18fc18fc18000f00c0001efc18fc18e0da
 1290.470 1e1000000009120001019000000000000100000000000100014721
 1290.470 1e10000000090260
 1290.533 1e1000140003060000000000008c5f
 1290.533 1e1000140003c263
 1290.563 1e040000001673ab
 1290.639 1e042c00e600fe00dd013600300082011d0000ffff00000190002f0000002c02f80000009e000000000000001d0221f2b2
 1290.717 1e04001e00061261
 1290.749 1e040c000000000000000000000000cabf
 1290.810 0617afc8000cafdc00050a0000000000000000000f1bbe
 1290.917 0f03070800064450
 1290.948 0f030c0000000000000000000000001d74
 1291.366 0217a7f8000fa80c00070e0040000000000050000affff00004969
 1291.427 02171e001afc18fc1800360028fc18fc18fc18fc18fc18000f00c0001efc18fc18e0da
 1291.535 0f10082000122400e600fe00dd013600300082011d0190002f0000002c02f80000009e001d0221096705799801
 1291.535 0f10082000124280
 1292.420 0217a7f8000fa80c00070e0040000000000050000affff00004969
 1292.467 02171e001afc18fc1800360028fc18fc18fc18fc18fc18000f00c0001efc18fc18e0da
 1292.560 1e1000000009120001019000000000000100000000000100014721
 1292.560 1e10000000090260
 1292.622 1e1000140003060000000000008c5f
 1292.622 1e1000140003c263
 1292.669 1e040000001673ab
 1292.730 1e042c00e600fe00dd013600300082011d0000ffff00000190002f0000002c02f80000009e000000000000001d0221f2b2
 1292.854 1e04001e00061261
 1292.854 1e040c000000000000000000000000cabf
 1293.459 0217a7f8000fa80c00070e0040000000000050000affff00004969
 1293.521 02171e001afc18fc1800360028fc18fc18fc18fc18fc18000f00c0001efc18fc18e0da
 1293.569 0a17b3b00003b3c4000306000f001400007052
 1293.740 0f1008340012240000000000000000000000000000001f00800000000000000000015e015e000000000300b85b
 1293.740 0f10083400120284
 1294.501 0217a7f8000fa80c00070e0040000000000050000affff00004969
 1294.564 02171e001afc18fc1800360028fc18fc18fc18fc18fc18000f00c0001efc18fc18e0da
 1294.642 1e1000000009120001019000000000000100000000000100014721
 1294.642 1e10000000090260
 1294.719 1e1000140003060000000000008c5f
 1294.719 1e1000140003c263
 1294.749 1e040000001673ab
 1294.826 1e042c00e600fe00dd013600300082011d0000ffff00000190002f0000002c02f80000009e000000000000001d0221f2b2
 1294.903 1e04001e00061261
 1294.933 1e040c000000000000000000000000cabf
 1294.995 0617afc8000cafdc00050a0000000000000000000f1bbe
 1295.105 0f03070800064450
 1295.135 0f030c0000000000000000000000001d74
 1295.552 0217a7f8000fa80c00070e0040000000000050000affff00004969
 1295.597 02171e001afc18fc1800360028fc18fc18fc18fc18fc18000f00c0001efc18fc18e0da
 1295.720 0f10084800172effe700150015001800180000000000000000002c0000000000000032000a00000024000d0014001a0009001a000585d7
 1295.720 0f1008480017035f
 1296.590 0217a7f8000fa80c00070e0040000000000050000affff00004969
 1296.652 02171e001afc18fc1800360028fc18fc18fc18fc18fc18000f00c0001efc18fc18e0da
 1296.730 1e1000000009120001019000000000000100000000000100014721
 1296.730 1e10000000090260
 1296.807 1e1000140003060000000000008c5f
 1296.807 1e1000140003c263
 1296.838 1e040000001673ab
 1296.915 1e042c00e600fe00dd013600300082011d0000ffff00000190002f0000002c02f80000009e000000000000001d0221f2b2
 1296.993 1e04001e00061261
 1297.024 1e040c000000000000000000000000cabf
 1297.648 0217a7f8000fa80c00070e0040000000000050000affff00004969
 1297.695 02171e001afc18fc1800360028fc18fc18fc18fc18fc18000f00c0001efc18fc18e0da
 1297.756 0a17b3b00003b3c4000306000f001400007052
 1297.866 0f10086400040800000001000000e86bf7
 1297.897 0f1008640004835b
 1298.688 0217a7f8000fa80c00070e0040000000200050000affff0000d0a8
 1298.751 02171e001afc18fc1800360028fc18fc18fc18fc18fc18000f00c0001efc18fc18e0da
 1298.830 1e1000000009120001019000000000000100000000000100014721
 1298.830 1e10000000090260
 1298.892 1e1000140003060000000000008c5f
 1298.892 1e1000140003c263
 1298.938 1e040000001673ab
 1299.001 1e042c00e600fd00dd01400023008201220000ffff00000190002f0000002b02f80000009e000000000000001d0221c4bf
 1299.094 1e04001e00061261
 1299.125 1e040c000000000000000000000000cabf
 1299.187 0617afc8000cafdc00050a0020000000000000000f827f
 1299.328 0f03070800064450
 1299.328 0f030c0000000000000000000000001d74
 1299.734 0217a7f8000fa80c00070e0040000000200050000affff0000d0a8
 1299.795 02171e001afc18fc1800360028fc18fc18fc18fc18fc18000f00c0001efc18fc18e0da
 1299.888 0f100870001122046b000001f501a701b501a700c90000000000000000012a05c3780b0000000000004c59
 1299.888 0f10087000110290
 1300.789 0217a7f8000fa80c00070e0040000000200050000affff0000d0a8
 1300.834 02171e001afc18fc1800360028fc18fc18fc18fc18fc18000f00c0001efc18fc18e0da
 1300.927 1e1000000009120001019000000000000100000000000100014721
 1300.927 1e10000000090260
 1300.988 1e1000140003060000000000008c5f
 1300.988 1e1000140003c263
 1301.035 1e040000001673ab
 1301.097 1e042c00e600fd00dd01400023008201220000ffff00000190002f0000002b02f80000009e000000000000001d0221c4bf
 1301.220 1e04001e00061261
 1301.220 1e040c000000000000000000000000cabf
 1301.840 0217a7f8000fa80c00070e0040000000200050000affff0000d0a8
 1301.887 02171e001bfc18fc1800360028fc18fc18fc18fc18fc18000f00c0001efc18fc1820db
 1301.947 0a17b3b00003b3c4000306000f001400007052
 1302.971 0f100884003c837f
 1302.971 0217a7f8000fa80c00070e0040000000200050000affff0000d0a8
 1302.971 02171e001bfc18fc1800360028fc18fc18fc18fc18fc18000f00c0001efc18fc1820db
 1303.049 1e1000000009120001019000000000000100000000000100014721
 1303.049 1e10000000090260
 1303.126 1e1000140003060000000000008c5f
 1303.126 1e1000140003c263
 1303.158 1e040000001673ab
 1303.235 1e042c00e600fd00dd01400023008201220000ffff00000190002f0000002b02f80000009e000000000000001d0221c4bf
 1303.312 1e04001e00061261
 1303.342 1e040c000000000000000000000000cabf
 1303.403 0617afc8000cafdc00050a0020000000000000000f827f
 1303.511 0f03070800064450
 1303.542 0f030c0000000000000000000000001d74
 1303.961 0217a7f8000fa80c00070e0040000000200050000affff0000d0a8
 1304.008 02171e001bfc18fc1800360028fc18fc18fc18fc18fc18000f00c0001efc18fc1820db
 1304.115 0f1007d0001326001b0017ff9c00360028ff9cff9cff9cff9cff9c000f00c0001e0040000000200050000a000097ed
 1304.115 0f1007d000138067
 1305.000 0217a7f8000fa80c00070e0040000000200050000affff0000d0a8
 1305.062 02171e001bfc18fc1800360028fc18fc18fc18fc18fc18000f00c0001efc18fc1820db
 1305.140 1e1000000009120001019000000000000100000000000100014721
 1305.140 1e10000000090260
 1305.202 1e1000140003060000000000008c5f
 1305.202 1e1000140003c263
 1305.250 1e040000001673ab
 1305.312 1e042c00e600fd00dd01400023008201220000ffff00000190002f0000002b02f80000009e000000000000001d0221c4bf
 1305.435 1e04001e00061261
 1305.435 1e040c000000000000000000000000cabf
 1306.056 0217a7f8000fa80c00070e0040000000200050000affff0000d0a8
 1306.104 02171e001bfc18fc1800360028fc18fc18fc18fc18fc18000f00c0001efc18fc1820db
 1306.167 0a17b3b00003b3c4000306000f001400007052
 1306.307 0f1007e4001122000d00000000000f09060709096705790000000000000000000000000000000000066c22
 1306.337 0f1007e400114068
 1307.097 0217a7f8000fa80c00070e0040000000200050000affff0000d0a8
 1307.158 02171e001bfc18fc1800360028fc18fc18fc18fc18fc18000f00c0001efc18fc1820db
 1307.236 1e1000000009120001019000000000000100000000000100014721
 1307.236 1e10000000090260
 1307.298 1e1000140003060000000000008c5f
 1307.298 1e1000140003c263
 1307.343 1e040000001673ab
 1307.421 1e042c00e600fd00dd01400023008201220000ffff00000190002f0000002b02f80000009e000000000000001d0221c4bf
 1307.498 1e04001e00061261
 1307.529 1e040c000000000000000000000000cabf
 1307.590 0617afc8000cafdc00050a0020000000000000000f827f
 1307.700 0f03070800064450
 1307.731 0f030c0000000000000000000000001d74
 1308.149 0217a7f8000fa80c00070e0040000000200050000affff0000d0a8
 1308.196 02171e001bfc18fc1800360028fc18fc18fc18fc18fc18000f00c0001efc18fc1820db
 1308.274 0f1007f8001122000000000000000000000000000000000000000000000000000000000000000000006fb5
 1308.320 0f1007f8001181ae
 1309.194 0217a7f8000fa80c00070e0040000000200050000affff0000d0a8
 1309.241 02171e001bfc18fc1800360028fc18fc18fc18fc18fc18000f00c0001efc18fc1820db
 1309.320 1e1000000009120001019000000000000100000000000100014721
 1309.320 1e10000000090260
 1309.398 1e1000140003060000000000008c5f
 1309.398 1e1000140003c263
 1309.429 1e040000001673ab
 1309.492 1e042c00e600fd00dd01400023008201220000ffff00000190002f0000002b02f80000009e000000000000001d0221c4bf
 1309.617 1e04001e00061261
 1309.617 1e040c000000000000000000000000cabf
 1310.286 0217a7f8000fa80c00070e0040000000200050000affff0000d0a8
 1310.349 02171e001bfc18fc1800360028fc18fc18fc18fc18fc18000f00c0001efc18fc1820db
 1310.396 0a17b3b00003b3c4000306000f001400007052
 1310.553 0f10080c00122400c800000000000000000000000000000000000000000000000000140020000000000000b5e0
 1310.584 0f10080c00128349
 1311.331 0217a7f8000fa80c00070e0040000000200050000affff0000d0a8
 1311.394 02171e001bfc18fc1800360028fc18fc18fc18fc18fc18000f00c0001efc18fc1820db
 1311.473 1e1000000009120001019000000000000100000000000100014721
 1311.473 1e10000000090260
 1311.535 1e1000140003060000000000008c5f
 1311.535 1e1000140003c263
 1311.583 1e040000001673ab
 1311.644 1e042c00e600fd00dc014a0014008101260000ffff00000190002f0000002a02f80000009e000000000000001d02210e26
 1311.738 1e04001e00061261
 1311.770 1e040c000000000000000000000000cabf
 1311.816 0617afc8000cafdc00050a0020000000000000000f827f
 1311.940 0f03070800064450
 1311.971 0f030c0000000000000000000000001d74
 1312.377 0217a7f8000fa80c00070e0040000000200050000affff0000d0a8
 1312.439 02171e001bfc18fc1800360028fc18fc18fc18fc18fc18000f00c0001efc18fc1820db
 1312.516 0f10082000122400e600fd00dc014a0014008101260190002f0000002a02f80000009e001d022109670579a117
 1312.548 0f10082000124280
 1313.431 0217a7f8000fa80c00070e0040000000200050000affff0000d0a8
 1313.477 02171e001bfc18fc1800360028fc18fc18fc18fc18fc18000f00c0001efc18fc1820db
 1313.569 1e1000000009120001019000000000000100000000000100014721
 1313.569 1e10000000090260
 1313.631 1e1000140003060000000000008c5f
 1313.631 1e1000140003c263
 1313.677 1e040000001673ab
 1313.740 1e042c00e600fd00dc014a0014008101260000ffff00000190002f0000002a02f80000009e000000000000001d02210e26
 1313.864 1e04001e00061261
 1313.864 1e040c000000000000000000000000cabf
 1314.480 0217a7f8000fa80c00070e0040000000200050000affff0000d0a8
 1314.527 02171e001bfc18fc1800360028fc18fc18fc18fc18fc18000f00c0001efc18fc1820db
 1314.589 0a17b3b00003b3c4000306000f001400007052
 1314.761 0f1008340012240000000000000000000000000000003300800000000000000000015e015e00000000030053f5
 1314.761 0f10083400120284
 1315.521 0217a7f8000fa80c00070e0040000000000050000affff00004969
 1315.582 02171e001bfc18fc1800360028fc18fc18fc18fc18fc18000f00c0001efc18fc1820db
 1315.660 1e1000000009120001019000000000000100000000000100014721
 1315.660 1e10000000090260
 1315.722 1e1000140003060000000000008c5f
 1315.722 1e1000140003c263
 1315.767 1e040000001673ab
 1315.844 1e042c00e600fd00dc014a0014008101260000ffff00000190002f0000002a02f80000009e000000000000001d02210e26
 1315.919 1e04001e00061261
 1315.950 1e040c000000000000000000000000cabf
 1316.013 0617afc8000cafdc00050a0000000000000000000f1bbe
 1316.153 0f03070800064450
 1316.153 0f030c0000000000000000000000001d74
 1316.572 0217a7f8000fa80c00070e0040000000000050000affff00004969
 1316.620 02171e001bfc18fc1800360028fc18fc18fc18fc18fc18000f00c0001efc18fc1820db
 1316.744 0f10084800172effe200150015001800180000000000000000002c0000000000000032000a00000039000d0014001a0009001a00057e58
 1316.744 0f1008480017035f
 1317.611 0217a7f8000fa80c00070e0040000000000050000affff00004969
 1317.658 02171e001bfc18fc1800360028fc18fc18fc18fc18fc18000f00c0001efc18fc1820db
 1317.752 1e1000000009120001019000000000000100000000000100014721
 1317.752 1e10000000090260
 1317.814 1e1000140003060000000000008c5f
 1317.814 1e1000140003c263
 1317.861 1e040000001673ab
 1317.924 1e042c00e600fd00dc014a0014008101260000ffff00000190002f0000002a02f80000009e000000000000001d02210e26
 1318.047 1e04001e00061261
 1318.047 1e040c000000000000000000000000cabf
 1318.664 0217a7f8000fa80c00070e0040000000000050000affff00004969
 1318.711 02171e001bfc18fc1800360028fc18fc18fc18fc18fc18000f00c0001efc18fc1820db
 1318.758 0a17b3b00003b3c4000306000f001400007052
 1318.913 0f10086400040800000001000000e86bf7
 1318.913 0f1008640004835b
 1319.705 0217a7f8000fa80c00070e0040000000000050000affff00004969
 1319.767 02171e001bfc18fc1800360028fc18fc18fc18fc18fc18000f00c0001efc18fc1820db
 1319.846 1e1000000009120001019000000000000100000000000100014721
 1319.846 1e10000000090260
 1319.922 1e1000140003060000000000008c5f
 1319.922 1e1000140003c263
 1319.953 1e040000001673ab
 1320.030 1e042c00e600fd00dc014a0014008101260000ffff00000190002f0000002a02f80000009e000000000000001d02210e26
 1320.108 1e04001e00061261
 1320.139 1e040c000000000000000000000000cabf
 1320.202 0617afc8000cafdc00050a0000000000000000000f1bbe
 1320.308 0f03070800064450
 1320.355 0f030c0000000000000000000000001d74
 1320.755 0217a7f8000fa80c00070e0040000000000050000affff00004969
 1320.802 02171e001bfc18fc1800360028fc18fc18fc18fc18fc18000f00c0001efc18fc1820db
 1320.910 0f100870001122046b000001f501a701b501a700c90000000000000000012a05c3780b0000000000004c59
 1320.910 0f10087000110290
 1321.796 0217a7f8000fa80c00070e0040000000000050000affff00004969
 1321.857 02171e001bfc18fc1800360028fc18fc18fc18fc18fc18000f00c0001efc18fc1820db
 1321.934 1e1000000009120001019000000000000100000000000100014721
 1321.934 1e10000000090260
 1321.995 1e1000140003060000000000008c5f
 1321.995 1e1000140003c263
 1322.042 1e040000001673ab
 1322.103 1e042c00e600fe00dc014f000f0081012a0000ffff00000190002f0000002a02f8000000aa000000000000001d02218bc4
 1322.194 1e04001e00061261
 1322.226 1e040c000000000000000000000000cabf
 1322.847 0217a7f8000fa80c00070e0040000000000050000affff00004969
 1322.893 02171e001bfc18fc1800360028fc18fc18fc18fc18fc18000f00c0001efc18fc1820db
 1322.955 0a17b3b00003b3c4000306000f001400007052
 1324.003 0f100884003c837f
 1324.003 0217a7f8000fa80c00070e0040000000000050000affff00004969
 1324.003 02171e001bfc18fc1800360028fc18fc18fc18fc18fc18000f00c0001efc18fc1820db
 1324.095 1e1000000009120001019000000000000100000000000100014721
 1324.095 1e10000000090260
 1324.157 1e1000140003060000000000008c5f
 1324.157 1e1000140003c263
 1324.204 1e040000001673ab
 1324.266 1e042c00e600fe00dc014f000f0081012a0000ffff00000190002f0000002a02f8000000aa000000000000001d02218bc4
 1324.390 1e04001e00061261
 1324.390 1e040c000000000000000000000000cabf
 1324.437 0617afc8000cafdc00050a0000000000000000000f1bbe
 1324.545 0f03070800064450
 1324.576 0f030c0000000000000000000000001d74
 1324.974 0217a7f8000fa80c00070e0040000000000050000affff00004969
 1325.021 02171e001bfc18fc1800360028fc18fc18fc18fc18fc18000f00c0001efc18fc1820db
 1325.144 0f1007d0001326001b0017ff9c00360028ff9cff9cff9cff9cff9c000f00c0001e0040000000000050000a0000b62f
 1325.144 0f1007d000138067
 1326.029 0217a7f8000fa80c00070e0040000000000050000affff00004969
 1326.076 02171e001bfc18fc1800360028fc18fc18fc18fc18fc18000f00c0001efc18fc1820db
 1326.155 1e1000000009120001019000000000000100000000000100014721
 1326.155 1e10000000090260
 1326.232 1e1000140003060000000000008c5f
 1326.232 1e1000140003c263
 1326.263 1e040000001673ab
 1326.324 1e042c00e600fe00dc014f000f0081012a0000ffff00000190002f0000002a02f8000000aa000000000000001d02218bc4
 1326.417 1e04001e00061261
 1326.448 1e040c000000000000000000000000cabf
 1327.070 0217a7f8000fa80c00070e0040000000000050000affff00004969
 1327.132 02171e001bfc18fc1800360028fc18fc18fc18fc18fc18000f00c0001efc18fc1820db
 1327.179 0a17b3b00003b3c4000306000f001400007052
 1327.364 0f1007e4001122000c00000000000f090607090967057900000000000000000000000000000000000601e2
 1327.364 0f1007e400114068
 1328.110 0217a7f8000fa80c00070e0040000000000050000affff00004969
 1328.172 02171e001bfc18fc1800360028fc18fc18fc18fc18fc18000f00c0001efc18fc1820db
 1328.249 1e1000000009120001019000000000000100000000000100014721
 1328.249 1e10000000090260
 1328.358 1e1000140003060000000000008c5f
 1328.358 1e1000140003c263
 1328.358 1e040000001673ab
 1328.422 1e042c00e600fe00dc014f000f0081012a0000ffff00000190002f0000002a02f8000000aa000000000000001d02218bc4
 1328.546 1e04001e00061261
 1328.546 1e040c000000000000000000000000cabf
 1328.592 0617afc8000cafdc00050a0000000000000000000f1bbe
 1328.702 0f03070800064450
 1328.747 0f030c0000000000000000000000001d74
 1329.166 0217a7f8000fa80c00070e0040000000000050000affff00004969
 1329.213 02171e001bfc18fc1800360028fc18fc18fc18fc18fc18000f00c0001efc18fc1820db
 1329.290 0f1007f8001122000000000000000000000000000000000000000000000000000000000000000000006fb5
 1329.337 0f1007f8001181ae
 1330.205 0217a7f8000fa80c00070e0040000000000050000affff00004969
 1330.253 02171e001bfc18fc1800360028fc18fc18fc18fc18fc18000f00c0001efc18fc1820db
 1330.345 1e1000000009120001019000000000000100000000000100014721
 1330.345 1e10000000090260
 1330.408 1e1000140003060000000000008c5f
 1330.408 1e1000140003c263
 1330.453 1e040000001673ab
 1330.516 1e042c00e600fe00dc014f000f0081012a0000ffff00000190002f0000002a02f8000000aa000000000000001d02218bc4
 1330.639 1e04001e00061261
 1330.639 1e040c000000000000000000000000cabf
 1331.244 0217a7f8000fa80c00070e0040000000000050000affff00004969
 1331.307 02171e001bfc18fc1800360028fc18fc18fc18fc18fc18000f00c0001efc18fc1820db
 1331.354 0a17b3b00003b3c4000306000f001400007052
 1331.541 0f10080c00122400c8000000000000000000000000000000000000000000000000001400000000000000009422
 1331.541 0f10080c00128349
 1332.300 0217a7f8000fa80c00070e0040000000000050000affff00004969
 1332.346 02171e001bfc18fc1800360028fc18fc18fc18fc18fc18000f00c0001efc18fc1820db
 1332.438 1e1000000009120001019000000000000100000000000100014721
 1332.438 1e10000000090260
 1332.501 1e1000140003060000000000008c5f
 1332.501 1e1000140003c263
 1332.532 1e040000001673ab
 1332.611 1e042c00e6010000dc0158000f0081012e0000ffff00000190002f0000002902f8000000aa000000000000001d02212a91
 1332.688 1e04001e00061261
 1332.720 1e040c000000000000000000000000cabf
 1332.781 0617afc8000cafdc00050a0000000000000000000f1bbe
 1332.922 0f03070800064450
 1332.922 0f030c0000000000000000000000001d74
 1333.342 0217a7f8000fa80c00070e0040000000000050000affff00004969
 1333.403 02171e001bfc18fc1800360028fc18fc18fc18fc18fc18000f00c0001efc18fc1820db
 1333.512 0f10082000122400e6010000dc0158000f0081012e0190002f0000002902f8000000aa001d0221096705799f58
 1333.512 0f10082000124280
 1334.394 0217a7f8000fa80c00070e0040000000000050000affff00004969
 1334.441 02171e001bfc18fc1800360028fc18fc18fc18fc18fc18000f00c0001efc18fc1820db
 1334.534 1e1000000009120001019000000000000100000000000100014721
 1334.534 1e10000000090260
 1334.596 1e1000140003060000000000008c5f
 1334.596 1e1000140003c263
 1334.643 1e040000001673ab
 1334.706 1e042c00e6010000dc0158000f0081012e0000ffff00000190002f0000002902f8000000aa000000000000001d02212a91
 1334.815 1e04001e00061261
 1334.815 1e040c000000000000000000000000cabf
 1335.434 0217a7f8000fa80c00070e0040000000000050000affff00004969
 1335.495 02171e001bfc18fc1800360028fc18fc18fc18fc18fc18000f00c0001efc18fc1820db
 1335.544 0a17b3b00003b3c4000306000f001400007052
 1335.730 0f1008340012240000000000000000000000000000000b00800000000000000000015e015e000000000300ef4e
 1335.730 0f10083400120284
 1336.479 0217a7f8000fa80c00070e0040000000000050000affff00004969
 1336.541 02171e001bfc18fc1800360028fc18fc18fc18fc18fc18000f00c0001efc18fc1820db
 1336.619 1e1000000009120001019000000000000100000000000100014721
 1336.619 1e10000000090260
 1336.681 1e1000140003060000000000008c5f
 1336.681 1e1000140003c263
 1336.728 1e040000001673ab
 1336.790 1e042c00e6010000dc0158000f0081012e0000ffff00000190002f0000002902f8000000aa000000000000001d02212a91
 1336.881 1e04001e00061261
 1336.912 1e040c000000000000000000000000cabf
 1336.974 0617afc8000cafdc00050a0000000000000000000f1bbe
 1337.115 0f03070800064450
 1337.115 0f030c0000000000000000000000001d74
 1337.532 0217a7f8000fa80c00070e0040000000000051000affff000059a9
 1337.578 02171e001bfc18fc1800360028fc18fc18fc18fc18fc18000f00c0001efc18fc1820db
 1337.715 0f10084800172effe200150015001800180000000000000000002c0000000000000032000a00000012000e0014001a0009001a000514f7
 1337.715 0f1008480017035f
 1338.580 0217a7f8000fa80c00070e0040000000000051000affff000059a9
 1338.627 02171e001bfc18fc1800360028fc18fc18fc18fc18fc18000f00c0001efc18fc1820db
 1338.719 1e1000000009120001019000000000000100000000000100014721
 1338.719 1e10000000090260
 1338.782 1e1000140003060000000000008c5f
 1338.782 1e1000140003c263
 1338.828 1e040000001673ab
 1338.891 1e042c00e6010000dc0158000f0081012e0000ffff00000190002f0000002902f8000000aa000000000000001d02212a91
 1339.014 1e04001e00061261
 1339.014 1e040c000000000000000000000000cabf
 1339.617 0217a7f8000fa80c00070e0040000000000051000affff000059a9
 1339.680 02171e001bfc18fc1800360028fc18fc18fc18fc18fc18000f00c0001efc18fc1820db
 1339.726 0a17b3b00003b3c4000306000f001400007052
 1339.850 0f10086400040800000001000000e86bf7
 1339.880 0f1008640004835b
 1340.665 0217a7f8000fa80c00070e0040000000000051000affff000059a9
 1340.726 02171e001bfc18fc1800360028fc18fc18fc18fc18fc18000f00c0001efc18fc1820db
 1340.803 1e1000000009120001019000000000000100000000000100014721
 1340.803 1e10000000090260
 1340.880 1e1000140003060000000000008c5f
 1340.880 1e1000140003c263
 1340.911 1e040000001673ab
 1340.988 1e042c00e6010000dc0158000f0081012e0000ffff00000190002f0000002902f8000000aa000000000000001d02212a91
 1341.066 1e04001e00061261
 1341.096 1e040c000000000000000000000000cabf
 1341.158 0617afc8000cafdc00050a0000000000000000000f1bbe
 1341.266 0f03070800064450
 1341.297 0f030c0000000000000000000000001d74
 1341.712 0217a7f8000fa80c00070e0040000000000051000affff000059a9
 1341.774 02171e001bfc18fc1800360028fc18fc18fc18fc18fc18000f00c0001efc18fc1820db
 1341.882 0f100870001122046b000001f501a701b501a700c90000000000000000012a05c3780c0000000000003a99
 1341.882 0f10087000110290
 1342.759 0217a7f8000fa80c00070e0040000000000051000affff000059a9
 1342.820 02171e001bfc18fc1800360028fc18fc18fc18fc18fc18000f00c0001efc18fc1820db
 1342.898 1e1000000009120001019000000000000100000000000100014721
 1342.898 1e10000000090260
 1342.960 1e1000140003060000000000008c5f
 1342.960 1e1000140003c263
 1342.990 1e040000001673ab
 1343.067 1e042c00e7010100dd015e0013008001330000ffff00000190002f0000002902f8000000aa000000000000001d02219a6d
 1343.144 1e04001e00061261
 1343.175 1e040c000000000000000000000000cabf
 1343.854 0217a7f8000fa80c00070e0040000000000051000affff000059a9
 1343.917 02171e001bfc18fc1800360028fc18fc18fc18fc18fc18000f00c0001efc18fc1820db
 1343.963 0a17b3b00003b3c4000306000f001400007052
 1345.071 0217a7f8000fa80c00070e0040000000000051000affff000059a9
 1345.071 02171e001bfc18fc1800360028fc18fc18fc18fc18fc18000f00c0001efc18fc1820db
 1345.071 1e1000000009120001019000000000000100000000000100014721
 1345.071 1e10000000090260
 1345.147 1e1000140003060000000000008c5f
 1345.147 1e1000140003c263
 1345.178 1e040000001673ab
 1345.253 1e042c00e7010100dd015e0013008001330000ffff00000190002f0000002902f8000000aa000000000000001d02219a6d
 1345.373 1e04001e00061261
 1345.373 1e040c000000000000000000000000cabf
 1345.419 0617afc8000cafdc00050a0000000000000000000f1bbe
 1345.527 0f03070800064450
 1345.574 0f030c0000000000000000000000001d74
 1345.975 0217a7f8000fa80c00070e0040000000000051000affff000059a9
 1346.037 02171e001bfc18fc1800360028fc18fc18fc18fc18fc18000f00c0001efc18fc1820db
 1347.084 0f100884003c837f
 1347.084 0217a7f8000fa80c00070e0040000000000051000affff000059a9
 1347.084 02171e001bfc18fc1800360028fc18fc18fc18fc18fc18000f00c0001efc18fc1820db
 1347.162 1e1000000009120001019000000000000100000000000100014721
 1347.162 1e10000000090260
 1347.238 1e1000140003060000000000008c5f
 1347.238 1e1000140003c263
 1347.268 1e040000001673ab
 1347.345 1e042c00e7010100dd015e0013008001330000ffff00000190002f0000002902f8000000aa000000000000001d02219a6d
 1347.464 1e04001e00061261
 1347.464 1e040c000000000000000000000000cabf
 1348.069 0217a7f8000fa80c00070e0040000000000051000affff000059a9
 1348.131 02171e001bfc18fc1800360028fc18fc18fc18fc18fc18000f00c0001efc18fc1820db
 1348.178 0a17b3b00003b3c4000306000f001400007052
 1349.117 0217a7f8000fa80c00070e0040000000000051000affff000059a9
 1349.178 02171e001bfc18fc1800360028fc18fc18fc18fc18fc18000f00c0001efc18fc1820db
 1349.255 1e1000000009120001019000000000000100000000000100014721
 1349.255 1e10000000090260
 1349.331 1e1000140003060000000000008c5f
 1349.331 1e1000140003c263
 1349.362 1e040000001673ab
 1349.439 1e042c00e7010100dd015e0013008001330000ffff00000190002f0000002902f8000000aa000000000000001d02219a6d
 1349.515 1e04001e00061261
 1349.546 1e040c000000000000000000000000cabf
 1349.608 0617afc8000cafdc00050a0000000000000000000f1bbe
 1349.716 0f03070800064450
 1349.746 0f030c0000000800000008000000009b75
 1349.793 0f03042e000f65d9
 1349.839 0f031e0000000000000014fff6000500280000002d000000000000000000000000d2fc
 1350.177 0217a7f8000fa80c00070e0040000000000051000affff000059a9
 1350.239 02171e001bfc18fc1800360028fc18fc18fc18fc18fc18000f00c0001efc18fc1820db
 1350.330 0f10042e000f1e0000000000000014fff6000500280000002d000000000000000000000000f294
 1350.330 0f10042e000fe01a
 1350.452 0f1007d0001326001b0017ff9c00360028ff9cff9cff9cff9cff9c000f00c0001e0040000000000051000a00008bef
 1350.452 0f1007d000138067
 1351.225 0217a7f8000fa80c00070e0040000000000051000affff000059a9
 1351.286 02171e001bfc18fc1800360028fc18fc18fc18fc18fc18000f00c0001efc18fc1820db
 1351.364 1e1000000009120001019000000000000100000000000100014721
 1351.364 1e10000000090260
 1351.442 1e1000140003060000000000008c5f
 1351.442 1e1000140003c263
 1351.473 1e040000001673ab
 1351.550 1e042c00e7010100dd015e0013008001330000ffff00000190002f0000002902f8000000aa000000000000001d02219a6d
 1351.627 1e04001e00061261
 1351.659 1e040c000000000000000000000000cabf
 1352.271 0217a7f8000fa80c00070e0040000000000051000affff000059a9
 1352.333 02171e001bfc18fc1800360028fc18fc18fc18fc18fc18000f00c0001efc18fc1820db
 1352.379 0a17b3b00003b3c4000306000f001400007052
 1352.565 0f1007e4001122000c00000000000f090607090967057900000000000000000000000000000000000601e2
 1352.565 0f1007e400114068
 1353.322 0217a7f8000fa80c00070e0040000000000051000affff000059a9
 1353.383 02171e001bfc18fc1800360028fc18fc18fc18fc18fc18000f00c0001efc18fc1820db
 1353.460 1e1000000009120001019000000000000100000000000100014721
 1353.460 1e10000000090260
 1353.522 1e1000140003060000000000008c5f
 1353.522 1e1000140003c263
 1353.568 1e040000001673ab
 1353.630 1e042c00e7010200dd01680017007f013b0000ffff00000190002f0000002902f8000000aa000000000000001d0221a968
 1353.723 1e04001e00061261
 1353.754 1e040c000000000000000000000000cabf
 1353.815 0617afc8000cafdc00050a0000000000000000000f1bbe
 1353.955 0f03070800064450
 1353.955 0f030c0000000000000000000000001d74
 1354.371 0217a7f8000fa80c00070e0040000000000051000affff000059a9
 1354.432 02171e001bfc18fc1800360028fc18fc18fc18fc18fc18000f00c0001efc18fc1820db
 1354.539 0f1007f8001122000000000000000000000000000000000000000000000000000000000000000000006fb5
 1354.539 0f1007f8001181ae
 1355.429 0217a7f8000fa80c00070e0040000000000051000affff000059a9
 1355.475 02171e001bfc18fc1800360028fc18fc18fc18fc18fc18000f00c0001efc18fc1820db
 1355.552 1e1000000009120001019000000000000100000000000100014721
 1355.552 1e10000000090260
 1355.628 1e1000140003060000000000008c5f
 1355.628 1e1000140003c263
 1355.674 1e040000001673ab
 1355.736 1e042c00e7010200dd01680017007f013b0000ffff00000190002f0000002902f8000000aa000000000000001d0221a968
 1355.858 1e04001e00061261
 1355.858 1e040c000000000000000000000000cabf
 1356.474 0217a7f8000fa80c00070e0040000000000051000affff000059a9
 1356.521 02171e001bfc18fc1800360028fc18fc18fc18fc18fc18000f00c0001efc18fc1820db
 1356.581 0a17b3b00003b3c4000306000f001400007052
 1356.752 0f10080c00122400c8000000000000000000000000000000000000000000000000001400000000000000009422
 1356.752 0f10080c00128349
 1357.507 0217a7f8000fa80c00070e0040000000000051000affff000059a9
 1357.570 02171e001bfc18fc1800360028fc18fc18fc18fc18fc18000f00c0001efc18fc1820db
 1357.646 1e1000000009120001019000000000000100000000000100014721
 1357.646 1e10000000090260
 1357.723 1e1000140003060000000000008c5f
 1357.723 1e1000140003c263
 1357.754 1e040000001673ab
 1357.830 1e042c00e7010200dd01680017007f013b0000ffff00000190002f0000002902f8000000aa000000000000001d0221a968
 1357.952 1e04001e00061261
 1357.952 1e040c000000000000000000000000cabf
 1357.999 0617afc8000cafdc00050a0000000000000000000f1bbe
 1358.107 0f03070800064450
 1358.139 0f030c0000000000000000000000001d74
 1358.554 0217a7f8000fa80c00070e0040000000000051000affff000059a9
 1358.615 02171e001bfc18fc1800360028fc18fc18fc18fc18fc18000f00c0001efc18fc1820db
 1358.722 0f10082000122400e7010200dd01680017007f013b0190002f0000002902f8000000aa001d0221096705799a3a
 1358.722 0f10082000124280
 1359.601 0217a7f8000fa80c00070e0040000000000051000affff000059a9
 1359.661 02171e001bfc18fc1800360028fc18fc18fc18fc18fc18000f00c0001efc18fc1820db
 1359.739 1e1000000009120001019000000000000100000000000100014721
 1359.739 1e10000000090260
 1359.817 1e1000140003060000000000008c5f
 1359.817 1e1000140003c263
 1359.848 1e040000001673ab
 1359.925 1e042c00e7010200dd01680017007f013b0000ffff00000190002f0000002902f8000000aa000000000000001d0221a968
 1360.001 1e04001e00061261
 1360.031 1e040c000000000000000000000000cabf
 1360.647 0217a7f8000fa80c00070e0040000000000051000affff000059a9
 1360.708 02171e001bfc18fc1800360028fc18fc18fc18fc18fc18000f00c0001efc18fc1820db
 1360.754 0a17b3b00003b3c4000306000f001400007052
 1360.938 0f1008340012240100000000000000000000000000002300800000000000000000015e015e00000000030080b9
 1360.938 0f10083400120284
 1361.692 0217a7f8000fa80c00070e0040000000200051000affff0000c068
 1361.754 02171e001bfc18fc1800360028fc18fc18fc18fc18fc18000f00c0001efc18fc1820db
 1361.831 1e1000000009120001019000000000000100000000000100014721
 1361.831 1e10000000090260
 1361.907 1e1000140003060000000000008c5f
 1361.907 1e1000140003c263
 1361.938 1e040000001673ab
 1362.016 1e042c00e7010200dd01680017007f013b0000ffff00000190002f0000002902f8000000aa000000000000001d0221a968
 1362.092 1e04001e00061261
 1362.123 1e040c000000000000000000000000cabf
 1362.185 0617afc8000cafdc00050a0020000000000000000f827f
 1362.293 0f03070800064450
 1362.324 0f030c0000000000000000000000001d74
 1362.743 0217a7f8000fa80c00070e0040000000200051000affff0000c068
 1362.805 02171e001bfc18fc1800360028fc18fc18fc18fc18fc18000f00c0001efc18fc1820db
 1362.883 0f10084800172effe200150015001800180000000000000000002c0000000000000032000a0000002b000e0014001a0009001a000548ce
 1362.914 0f1008480017035f
 1363.793 0217a7f8000fa80c00070e0040000000200051000affff0000c068
 1363.839 02171e001bfc18fc1800360028fc18fc18fc18fc18fc18000f00c0001efc18fc1820db
 1363.918 1e1000000009120001019000000000000100000000000100014721
 1363.918 1e10000000090260
 1363.994 1e1000140003060000000000008c5f
 1363.994 1e1000140003c263
 1364.024 1e040000001673ab
 1364.086 1e042c00e7010200dd016f001b007f013b0000ffff00000190002f0000002902f8000000aa000000000000001d02212459
 1364.178 1e04001e00061261
 1364.209 1e040c000000000000000000000000cabf
 1364.830 0217a7f8000fa80c00070e0040000000200051000affff0000c068
 1364.891 02171e001bfc18fc1800360028fc18fc18fc18fc18fc18000f00c0001efc18fc1820db
 1364.937 0a17b3b00003b3c4000306000f001400007052
 1365.090 0f10086400040800000001000000e86bf7
 1365.090 0f1008640004835b
 1365.878 0217a7f8000fa80c00070e0040000000200051000affff0000c068
 1365.940 02171e001bfc18fc1800360028fc18fc18fc18fc18fc18000f00c0001efc18fc1820db
 1366.017 1e1000000009120001019000000000000100000000000100014721
 1366.017 1e10000000090260
 1366.095 1e1000140003060000000000008c5f
 1366.095 1e1000140003c263
 1366.125 1e040000001673ab
 1366.188 1e042c00e8010200dd016f001b007f01400000ffff00000190002f0000002902f8000000aa000000000000001d02214f68
 1366.281 1e04001e00061261
 1366.311 1e040c000000000000000000000000cabf
 1366.372 0617afc8000cafdc00050a0020000000000000000f827f
 1366.481 0f03070800064450
 1366.511 0f030c0000000000000000000000001d74
 1366.927 0217a7f8000fa80c00070e0040000000200051000affff0000c068
 1366.988 02171e001bfc18fc1800360028fc18fc18fc18fc18fc18000f00c0001efc18fc1820db
 1367.081 0f100870001122046b000001f501a701b501a700c90000000000000000012a05c3780c0000000000003a99
 1367.081 0f10087000110290
 1367.974 0217a7f8000fa80c00070e0040000000200051000affff0000c068
 1368.020 02171e001bfc18fc1800360028fc18fc18fc18fc18fc18000f00c0001efc18fc1820db
 1368.113 1e1000000009120001019000000000000100000000000100014721
 1368.113 1e10000000090260
 1368.174 1e1000140003060000000000008c5f
 1368.174 1e1000140003c263
 1368.220 1e040000001673ab
 1368.282 1e042c00e8010200dd016f001b007f01400000ffff00000190002f0000002902f8000000aa000000000000001d02214f68
 1368.375 1e04001e00061261
 1368.406 1e040c000000000000000000000000cabf
 1369.021 0217a7f8000fa80c00070e0040000000200051000affff0000c068
 1369.068 02171e001bfc18fc1800360028fc18fc18fc18fc18fc18000f00c0001efc18fc1820db
 1369.129 0a17b3b00003b3c4000306000f001400007052
 1370.159 0f100884003c837f
 1370.159 0217a7f8000fa80c00070e0040000000200051000affff0000c068
 1370.159 02171e001bfc18fc1800360028fc18fc18fc18fc18fc18000f00c0001efc18fc1820db
 1370.235 1e1000000009120001019000000000000100000000000100014721
 1370.235 1e10000000090260
 1370.312 1e1000140003060000000000008c5f
 1370.312 1e1000140003c263
 1370.344 1e040000001673ab
 1370.405 1e042c00e8010200dd016f001b007f01400000ffff00000190002f0000002902f8000000aa000000000000001d02214f68
 1370.529 1e04001e00061261
 1370.529 1e040c000000000000000000000000cabf
 1370.576 0617afc8000cafdc00050a0020000000000000000f827f
 1370.714 0f03070800064450
 1370.714 0f030c0000000000000000000000001d74
 1371.144 0217a7f8000fa80c00070e0040000000200051000affff0000c068
 1371.205 02171e001bfc18fc1800360028fc18fc18fc18fc18fc18000f00c0001efc18fc1820db
 1371.313 0f1007d0001326001b0017ff9c00360028ff9cff9cff9cff9cff9c000f00c0001e0040000000200051000a0000aa2d
 1371.313 0f1007d000138067
 1372.190 0217a7f8000fa80c00070e0040000000200051000affff0000c068
 1372.251 02171e001bfc18fc1800360028fc18fc18fc18fc18fc18000f00c0001efc18fc1820db
 1372.328 1e1000000009120001019000000000000100000000000100014721
 1372.328 1e10000000090260
 1372.404 1e1000140003060000000000008c5f
 1372.404 1e1000140003c263
 1372.435 1e040000001673ab
 1372.514 1e042c00e8010200dd016f001b007f01400000ffff00000190002f0000002902f8000000aa000000000000001d02214f68
 1372.591 1e04001e00061261
 1372.622 1e040c000000000000000000000000cabf
 1373.242 0217a7f8000fa80c00070e0040000000200051000affff0000c068
 1373.288 02171e001bfc18fc1800360028fc18fc18fc18fc18fc18000f00c0001efc18fc1820db
 1373.349 0a17b3b00003b3c4000306000f001400007052
 1373.518 0f1007e4001122000c00000000000f090607090967057900000000000000000000000000000000000601e2
 1373.518 0f1007e400114068
 1374.285 0217a7f8000fa80c00070e0040000000200051000affff0000c068
 1374.346 02171e001bfc18fc1800360028fc18fc18fc18fc18fc18000f00c0001efc18fc1820db
 1374.422 1e1000000009120001019000000000000100000000000100014721
 1374.422 1e10000000090260
 1374.500 1e1000140003060000000000008c5f
 1374.500 1e1000140003c263
 1374.530 1e040000001673ab
 1374.607 1e042c00e8010200dd016f001b007f01400000ffff00000190002f0000002902f8000000aa000000000000001d02214f68
 1374.684 1e04001e00061261
 1374.715 1e040c000000000000000000000000cabf
 1374.776 0617afc8000cafdc00050a0020000000000000000f827f
 1374.884 0f03070800064450
 1374.915 0f030c0000000000000000000000001d74
 1375.331 0217a7f8000fa80c00070e0040000000200051000affff0000c068
 1375.377 02171e001bfc18fc1800360028fc18fc18fc18fc18fc18000f00c0001efc18fc1820db
 1375.499 0f1007f8001122000000000000000000000000000000000000000000000000000000000000000000006fb5
 1375.499 0f1007f8001181ae
 1376.378 0217a7f8000fa80c00070e0040000000200051000affff0000c068
 1376.439 02171e001bfc18fc1800360028fc18fc18fc18fc18fc18000f00c0001efc18fc1820db
 1376.516 1e1000000009120001019000000000000100000000000100014721
 1376.516 1e10000000090260
 1376.592 1e1000140003060000000000008c5f
 1376.592 1e1000140003c263
 1376.623 1e040000001673ab
 1376.698 1e042c00e8010500dd0178001e007f01460000ffff00000190002f0000002902f8000000aa000000000000001d02212a69
 1376.774 1e04001e00061261
 1376.805 1e040c000000000000000000000000cabf
 1377.420 0217a7f8000fa80c00070e0040000000200051000affff0000c068
 1377.481 02171e001bfc18fc1800360028fc18fc18fc18fc18fc18000f00c0001efc18fc1820db
 1377.528 0a17b3b00003b3c4000306000f001400007052
 1377.712 0f10080c00122400c800000000000000000000000000000000000000000000000000140020000000000000b5e0
 1377.712 0f10080c00128349
 1378.479 0217a7f8000fa80c00070e0040000000000051000affff000059a9
 1378.526 02171e001bfc18fc1800360028fc18fc18fc18fc18fc18000f00c0001efc18fc1820db
 1378.604 1e1000000009120001019000000000000100000000000100014721
 1378.604 1e10000000090260
 1378.682 1e1000140003060000000000008c5f
 1378.682 1e1000140003c263
 1378.727 1e040000001673ab
 1378.788 1e042c00e8010500dd0178001e007f01460000ffff00000190002f0000002902f8000000aa000000000000001d02212a69
 1378.911 1e04001e00061261
 1378.911 1e040c000000000000000000000000cabf
 1378.958 0617afc8000cafdc00050a0000000000000000000f1bbe
 1379.065 0f03070800064450
 1379.096 0f030c0000000000000000000000001d74
 1379.511 0217a7f8000fa80c00070e0040000000000051000affff000059a9
 1379.573 02171e001bfc18fc1800360028fc18fc18fc18fc18fc18000f00c0001efc18fc1820db
 1379.650 0f10082000122400e8010500dd0178001e007f01460190002f0000002902f8000000aa001d022109670579cedc
 1379.695 0f10082000124280
 1380.562 0217a7f8000fa80c00070e0040000000000051000affff000059a9
 1380.608 02171e001bfc18fc1800360028fc18fc18fc18fc18fc18000f00c0001efc18fc1820db
 1380.699 1e1000000009120001019000000000000100000000000100014721
 1380.699 1e10000000090260
 1380.762 1e1000140003060000000000008c5f
 1380.762 1e1000140003c263
 1380.809 1e040000001673ab
 1380.871 1e042c00e8010500dd0178001e007f01460000ffff00000190002f0000002902f8000000aa000000000000001d02212a69
 1380.962 1e04001e00061261
 1380.994 1e040c000000000000000000000000cabf
 1381.610 0217a7f8000fa80c00070e0040000000000051000affff000059a9
 1381.656 02171e001bfc18fc1800360028fc18fc18fc18fc18fc18000f00c0001efc18fc1820db
 1381.718 0a17b3b00003b3c4000306000f001400007052
 1381.886 0f1008340012240000000000000000000000000000003700800000000000000000015e015e0000000003001671
 1381.886 0f10083400120284
 1382.655 0217a7f8000fa80c00070e0040000000000051000affff000059a9
 1382.717 02171e001bfc18fc1800360028fc18fc18fc18fc18fc18000f00c0001efc18fc1820db
 1382.793 1e1000000009120001019000000000000100000000000100014721
 1382.793 1e10000000090260
 1382.856 1e1000140003060000000000008c5f
 1382.856 1e1000140003c263
 1382.902 1e040000001673ab
 1382.963 1e042c00e8010500dd0178001e007f01460000ffff00000190002f0000002902f8000000aa000000000000001d02212a69
 1383.055 1e04001e00061261
 1383.086 1e040c000000000000000000000000cabf
 1383.148 0617afc8000cafdc00050a0000000000000000000f1bbe
 1383.254 0f03070800064450
 1383.285 0f030c0000000000000000000000001d74
 1383.700 0217a7f8000fa80c00070e0040000000000051000affff000059a9
 1383.747 02171e001bfc18fc1800360028fc18fc18fc18fc18fc18000f00c0001efc18fc1820db
 1383.870 0f10084800172effe200150015001800180000000000000000002c0000000000000032000a00000004000f0014001a0009001a0005275d
 1383.870 0f1008480017035f
 1384.745 0217a7f8000fa80c00070e0040000000000051000affff000059a9
 1384.792 02171e001bfc18fc1800360028fc18fc18fc18fc18fc18000f00c0001efc18fc1820db
 1384.882 1e1000000009120001019000000000000100000000000100014721
 1384.882 1e10000000090260
 1384.943 1e1000140003060000000000008c5f
 1384.943 1e1000140003c263
 1384.990 1e040000001673ab
 1385.052 1e042c00e8010500dd0178001e007f01460000ffff00000190002f0000002902f8000000aa000000000000001d02212a69
 1385.145 1e04001e00061261
 1385.175 1e040c000000000000000000000000cabf
 1385.791 0217a7f8000fa80c00070e0040000000000051000affff000059a9
 1385.852 02171e001bfc18fc1800360028fc18fc18fc18fc18fc18000f00c0001efc18fc1820db
 1385.898 0a17b3b00003b3c4000306000f001400007052
 1386.006 0f10086400040800000001000000e86bf7
 1386.036 0f1008640004835b
 1386.866 0217a7f8000fa80c00070e0040000000000051000affff000059a9
 1386.913 02171e001bfc18fc1800360028fc18fc18fc18fc18fc18000f00c0001efc18fc1820db
 1386.990 1e1000000009120001019000000000000100000000000100014721
 1386.990 1e10000000090260
 1387.067 1e1000140003060000000000008c5f
 1387.067 1e1000140003c263
 1387.097 1e040000001673ab
 1387.173 1e042c00e9010500dd017e001f007e01480000ffff00000190002f0000002a02f8000000aa000000000000001d0221f5bf
 1387.281 1e04001e00061261
 1387.281 1e040c000000000000000000000000cabf
 1387.343 0617afc8000cafdc00050a0000000000000000000f1bbe
 1387.451 0f03070800064450
 1387.482 0f030c0000000000000000000000001d74
 1387.880 0217a7f8000fa80c00070e0040000000000051000affff000059a9
 1387.927 02171e001bfc18fc1800360028fc18fc18fc18fc18fc18000f00c0001efc18fc1820db
 1388.050 0f100870001122046b000001f501a701b501a700c90000000000000000012a05c3780d0000000000002a59
 1388.050 0f10087000110290
 1388.932 0217a7f8000fa80c00070e0040000000000051000affff000059a9
 1388.979 02171e001bfc18fc1800360028fc18fc18fc18fc18fc18000f00c0001efc18fc1820db
 1389.071 1e1000000009120001019000000000000100000000000100014721
 1389.071 1e10000000090260
 1389.132 1e1000140003060000000000008c5f
 1389.132 1e1000140003c263
 1389.178 1e040000001673ab
 1389.240 1e042c00e9010500dd017e001f007e01480000ffff00000190002f0000002a02f8000000aa000000000000001d0221f5bf
 1389.363 1e04001e00061261
 1389.363 1e040c000000000000000000000000cabf
 1389.979 0217a7f8000fa80c00070e0040000000000051000affff000059a9
 1390.024 02171e001bfc18fc1800360028fc18fc18fc18fc18fc18000f00c0001efc18fc1820db
 1390.086 0a17b3b00003b3c4000306000f001400007052
 1391.115 0f100884003c837f
 1391.115 0217a7f8000fa80c00070e0040000000000051000affff000059a9
 1391.115 02171e001bfc18fc1800360028fc18fc18fc18fc18fc18000f00c0001efc18fc1820db
 1391.192 1e1000000009120001019000000000000100000000000100014721
 1391.192 1e10000000090260
 1391.254 1e1000140003060000000000008c5f
 1391.254 1e1000140003c263
 1391.302 1e040000001673ab
 1391.363 1e042c00e9010500dd017e001f007e01480000ffff00000190002f0000002a02f8000000aa000000000000001d0221f5bf
 1391.456 1e04001e00061261
 1391.487 1e040c000000000000000000000000cabf
 1391.535 0617afc8000cafdc00050a0000000000000000000f1bbe
 1391.657 0f03070800064450
 1391.688 0f030c0000000000000000000000001d74
 1392.104 0217a7f8000fa80c00070e0040000000000051000affff000059a9
 1392.150 02171e001bfc18fc1800360028fc18fc18fc18fc18fc18000f00c0001efc18fc1820db
 1392.273 0f1007d0001326001b0017ff9c00360028ff9cff9cff9cff9cff9c000f00c0001e0040000000000051000a00008bef
 1392.273 0f1007d000138067
 1393.147 0217a7f8000fa80c00070e0040000000000051000affff000059a9
 1393.193 02171e001bfc18fc1800360028fc18fc18fc18fc18fc18000f00c0001efc18fc1820db
 1393.286 1e1000000009120001019000000000000100000000000100014721
 1393.286 1e10000000090260
 1393.346 1e1000140003060000000000008c5f
 1393.346 1e1000140003c263
 1393.392 1e040000001673ab
 1393.454 1e042c00e9010500dd017e001f007e01480000ffff00000190002f0000002a02f8000000aa000000000000001d0221f5bf
 1393.547 1e04001e00061261
 1393.578 1e040c000000000000000000000000cabf
 1394.191 0217a7f8000fa80c00070e0040000000000051000affff000059a9
 1394.253 02171e001bfc18fc1800360028fc18fc18fc18fc18fc18000f00c0001efc18fc1820db
 1394.299 0a17b3b00003b3c4000306000f001400007052
 1394.469 0f1007e4001122000c00000000000f090607090967057900000000000000000000000000000000000601e2
 1394.469 0f1007e400114068
 1395.238 0217a7f8000fa80c00070e0040000000000051000affff000059a9
 1395.301 02171e001bfc18fc1800360028fc18fc18fc18fc18fc18000f00c0001efc18fc1820db
 1395.378 1e1000000009120001019000000000000100000000000100014721
 1395.378 1e10000000090260
 1395.439 1e1000140003060000000000008c5f
 1395.439 1e1000140003c263
 1395.485 1e040000001673ab
 1395.547 1e042c00e9010500dd017e001f007e01480000ffff00000190002f0000002a02f8000000aa000000000000001d0221f5bf
 1395.640 1e04001e00061261
 1395.671 1e040c000000000000000000000000cabf
 1395.733 0617afc8000cafdc00050a0000000000000000000f1bbe
 1395.840 0f03070800064450
 1395.871 0f030c0000000000000000000000001d74
 1396.282 0217a7f8000fa80c00070e0040000000000051000affff000059a9
 1396.343 02171e001bfc18fc1800360028fc18fc18fc18fc18fc18000f00c0001efc18fc1820db
 1396.436 0f1007f8001122000000000000000000000000000000000000000000000000000000000000000000006fb5
 1396.436 0f1007f8001181ae
 1397.340 0217a7f8000fa80c00070e0040000000000051000affff000059a9
 1397.386 02171e001bfc18fc1800360028fc18fc18fc18fc18fc18000f00c0001efc18fc1820db
 1397.464 1e1000000009120001019000000000000100000000000100014721
 1397.464 1e10000000090260
 1397.541 1e1000140003060000000000008c5f
 1397.541 1e1000140003c263
 1397.586 1e040000001673ab
 1397.649 1e042c00e9010500de01880022007e01510000ffff00000190002f0000002a02f8000000aa000000000000001d0221c6ab
 1397.726 1e04001e00061261
 1397.757 1e040c000000000000000000000000cabf
 1398.375 0217a7f8000fa80c00070e0040000000000051000affff000059a9
 1398.436 02171e001bfc18fc1800360028fc18fc18fc18fc18fc18000f00c0001efc18fc1820db
 1398.483 0a17b3b00003b3c4000306000f001400007052
 1398.666 0f10080c00122400c8000000000000000000000000000000000000000000000000001400000000000000009422
 1398.666 0f10080c00128349
 1399.417 0217a7f8000fa80c00070e0040000000000051000affff000059a9
 1399.480 02171e001bfc18fc1800360028fc18fc18fc18fc18fc18000f00c0001efc18fc1820db
 1399.556 1e1000000009120001019000000000000100000000000100014721
 1399.556 1e10000000090260
 1399.632 1e1000140003060000000000008c5f
 1399.632 1e1000140003c263
 1399.663 1e040000001673ab
 1399.739 1e042c00e9010500de01880022007e01510000ffff00000190002f0000002a02f8000000aa000000000000001d0221c6ab
 1399.815 1e04001e00061261
 1399.847 1e040c000000000000000000000000cabf
 1399.908 0617afc8000cafdc00050a0000000000000000000f1bbe
 1400.016 0f03070800064450
 1400.047 0f030c0000000000000000000000001d74
 1400.461 0217a7f8000fa80c00070e0040000000000051000affff000059a9
 1400.523 02171e001bfc18fc1800360028fc18fc18fc18fc18fc18000f00c0001efc18fc1820db
 1400.631 0f10082000122400e9010500de01880022007e01510190002f0000002a02f8000000aa001d022109670579ee27
 1400.631 0f10082000124280
 1401.510 0217a7f8000fa80c00070e0040000000000052000affff00006aa9
 1401.571 02171e001bfc18fc1800360028fc18fc18fc18fc18fc18000f00c0001efc18fc1820db
 1401.647 1e1000000009120001019000000000000100000000000100014721
 1401.647 1e10000000090260
 1401.724 1e1000140003060000000000008c5f
 1401.724 1e1000140003c263
 1401.755 1e040000001673ab
 1401.832 1e042c00e9010500de01880022007e01510000ffff00000190002f0000002a02f8000000aa000000000000001d0221c6ab
 1401.910 1e04001e00061261
 1401.941 1e040c000000000000000000000000cabf
 1402.560 0217a7f8000fa80c00070e0040000000000052000affff00006aa9
 1402.620 02171e001bfc18fc1800360028fc18fc18fc18fc18fc18000f00c0001efc18fc1820db
 1402.665 0a17b3b00003b3c4000306000f001400007052
 1402.836 0f1008340012240000000000000000000000000000000f00800000000000000000015e015e000000000300aaca
 1402.836 0f10083400120284
 1403.603 0217a7f8000fa80c00070e0040000000000052000affff00006aa9
 1403.665 02171e001bfc18fc1800360028fc18fc18fc18fc18fc18000f00c0001efc18fc1820db
 1403.743 1e1000000009120001019000000000000100000000000100014721
 1403.743 1e10000000090260
 1403.821 1e1000140003060000000000008c5f
 1403.821 1e1000140003c263
 1403.851 1e040000001673ab
 1403.914 1e042c00e9010500de01880022007e01510000ffff00000190002f0000002a02f8000000aa000000000000001d0221c6ab
 1404.007 1e04001e00061261
 1404.037 1e040c000000000000000000000000cabf
 1404.098 0617afc8000cafdc00050a0000000000000000000f1bbe
 1404.207 0f03070800064450
 1404.237 0f030c0000000000000000000000001d74
 1404.652 0217a7f8000fa80c00070e0040000000000052000affff00006aa9
 1404.699 02171e001bfc18fc1800360028fc18fc18fc18fc18fc18000f00c0001efc18fc1820db
 1404.822 0f10084800172effe200150015001800180000000000000000002c0000000000000032000a00000019000f0014001a0009001a00050a80
 1404.822 0f1008480017035f
 1405.697 0217a7f8000fa80c00070e0040000000000052000affff00006aa9
 1405.759 02171e001bfc18fc1800360028fc18fc18fc18fc18fc18000f00c0001efc18fc1820db
 1405.836 1e1000000009120001019000000000000100000000000100014721
 1405.836 1e10000000090260
 1405.897 1e1000140003060000000000008c5f
 1405.897 1e1000140003c263
 1405.944 1e040000001673ab
 1406.007 1e042c00e9010500de01880022007e01510000ffff00000190002f0000002a02f8000000aa000000000000001d0221c6ab
 1406.098 1e04001e00061261
 1406.129 1e040c000000000000000000000000cabf
 1406.744 0217a7f8000fa80c00070e0040000000000052000affff00006aa9
 1406.804 02171e001bfc18fc1800360028fc18fc18fc18fc18fc18000f00c0001efc18fc1820db
 1406.850 0a17b3b00003b3c4000306000f001400007052
 1407.003 0f10086400040800000001000000e86bf7
 1407.003 0f1008640004835b
 1407.787 0217a7f8000fa80c00070e0040000000000052000affff00006aa9
 1407.847 02171e001bfc18fc1800360028fc18fc18fc18fc18fc18000f00c0001efc18fc1820db
 1407.925 1e1000000009120001019000000000000100000000000100014721
 1407.925 1e10000000090260
 1407.985 1e1000140003060000000000008c5f
 1407.985 1e1000140003c263
 1408.031 1e040000001673ab
 1408.093 1e042c00e9010600de018c0024007e01560000ffff00000190002f0000002a02f8000000aa000000000000001d0221a52f
 1408.217 1e04001e00061261
 1408.217 1e040c000000000000000000000000cabf
 1408.263 0617afc8000cafdc00050a0000000000000000000f1bbe
 1408.384 0f03070800064450
 1408.414 0f030c0000000000000000000000001d74
 1408.894 0217a7f8000fa80c00070e0040000000000052000affff00006aa9
 1408.939 02171e001bfc18fc1800360028fc18fc18fc18fc18fc18000f00c0001efc18fc1820db
 1409.047 0f100870001122046b000001f501a701b501a700c90000000000000000012a05c3780d0000000000002a59
 1409.047 0f10087000110290
 1409.942 0217a7f8000fa80c00070e0040000000000052000affff00006aa9
 1409.988 02171e001bfc18fc1800360028fc18fc18fc18fc18fc18000f00c0001efc18fc1820db
 1410.080 1e1000000009120001019000000000000100000000000100014721
 1410.080 1e10000000090260
 1410.141 1e1000140003060000000000008c5f
 1410.141 1e1000140003c263
 1410.172 1e040000001673ab
 1410.248 1e042c00e9010600de018c0024007e01560000ffff00000190002f0000002a02f8000000aa000000000000001d0221a52f
 1410.371 1e04001e00061261
 1410.371 1e040c000000000000000000000000cabf
 1410.987 0217a7f8000fa80c00070e0040000000000052000affff00006aa9
 1411.047 02171e001bfc18fc1800360028fc18fc18fc18fc18fc18000f00c0001efc18fc1820db
 1411.093 0a17b3b00003b3c4000306000f001400007052
 1412.108 0f100884003c837f
 1412.108 0217a7f8000fa80c00070e0040000000000052000affff00006aa9
 1412.108 02171e001bfc18fc1800360028fc18fc18fc18fc18fc18000f00c0001efc18fc1820db
 1412.201 1e1000000009120001019000000000000100000000000100014721
 1412.201 1e10000000090260
 1412.263 1e1000140003060000000000008c5f
 1412.263 1e1000140003c263
 1412.309 1e040000001673ab
 1412.371 1e042c00e9010600de018c0024007e01560000ffff00000190002f0000002a02f8000000aa000000000000001d0221a52f
 1412.462 1e04001e00061261
 1412.494 1e040c000000000000000000000000cabf
 1412.555 0617afc8000cafdc00050a0000000000000000000f1bbe
 1412.662 0f03070800064450
 1412.693 0f030c0000000000000000000000001d74
 1413.109 0217a7f8000fa80c00070e0040000000000052000affff00006aa9
 1413.155 02171e001bfc18fc1800360028fc18fc18fc18fc18fc18000f00c0001efc18fc1820db
 1413.263 0f1007d0001326001b0017ff9c00360028ff9cff9cff9cff9cff9c000f00c0001e0040000000000052000a0000cfef
 1413.263 0f1007d000138067
 1414.160 0217a7f8000fa80c00070e0040000000000052000affff00006aa9
 1414.206 02171e001bfc18fc1800360028fc18fc18fc18fc18fc18000f00c0001efc18fc1820db
 1414.298 1e1000000009120001019000000000000100000000000100014721
 1414.298 1e10000000090260
 1414.359 1e1000140003060000000000008c5f
 1414.359 1e1000140003c263
 1414.390 1e040000001673ab
 1414.467 1e042c00e9010600de018c0024007e01560000ffff00000190002f0000002a02f8000000aa000000000000001d0221a52f
 1414.545 1e04001e00061261
 1414.575 1e040c000000000000000000000000cabf
 1415.204 0217a7f8000fa80c00070e0040000000000052000affff00006aa9
 1415.250 02171e001bfc18fc1800360028fc18fc18fc18fc18fc18000f00c0001efc18fc1820db
 1415.296 0a17b3b00003b3c4000306000f001400007052
 1415.483 0f1007e4001122000c00000000000f090607090967057900000000000000000000000000000000000601e2
 1415.483 0f1007e400114068
 1416.240 0217a7f8000fa80c00070e0040000000000052000affff00006aa9
 1416.301 02171e001bfc18fc1800360028fc18fc18fc18fc18fc18000f00c0001efc18fc1820db
 1416.378 1e1000000009120001019000000000000100000000000100014721
 1416.378 1e10000000090260
 1416.454 1e1000140003060000000000008c5f
 1416.454 1e1000140003c263
 1416.500 1e040000001673ab
 1416.560 1e042c00e9010600de018c0024007e01560000ffff00000190002f0000002a02f8000000aa000000000000001d0221a52f
 1416.682 1e04001e00061261
 1416.682 1e040c000000000000000000000000cabf
 1416.728 0617afc8000cafdc00050a0000000000000000000f1bbe
 1416.837 0f03070800064450
 1416.883 0f030c0000000000000000000000001d74
 1417.283 0217a7f8000fa80c00070e0040000000000052000affff00006aa9
 1417.344 02171e001bfc18fc1800360028fc18fc18fc18fc18fc18000f00c0001efc18fc1820db
 1417.454 0f1007f8001122000000000000000000000000000000000000000000000000000000000000000000006fb5
 1417.454 0f1007f8001181ae
 1418.335 0217a7f8000fa80c00070e0040000000000052000affff00006aa9
 1418.396 02171e001bfc18fc1800360028fc18fc18fc18fc18fc18000f00c0001efc18fc1820db
 1418.472 1e1000000009120001019000000000000100000000000100014721
 1418.472 1e10000000090260
 1418.549 1e1000140003060000000000008c5f
 1418.549 1e1000140003c263
 1418.580 1e040000001673ab
 1418.658 1e042c00e9010600de01930025007e015a0000ffff00000190002f0000002a02f8000000aa000000000000001d02212ad8
 1418.735 1e04001e00061261
 1418.764 1e040c000000000000000000000000cabf
 1419.382 0217a7f8000fa80c00070e0040000000000052000affff00006aa9
 1419.444 02171e001bfc18fc1800360028fc18fc18fc18fc18fc18000f00c0001efc18fc1820db
 1419.490 0a17b3b00003b3c4000306000f001400007052
 1419.642 0f10080c00122400c8000000000000000000000000000000000000000000000000001400000000000000009422
 1419.672 0f10080c00128349
 1420.429 0217a7f8000fa80c00070e0040000000000052000affff00006aa9
 1420.489 02171e001bfc18fc1800360028fc18fc18fc18fc18fc18000f00c0001efc18fc1820db
 1420.566 1e1000000009120001019000000000000100000000000100014721
 1420.566 1e10000000090260
 1420.643 1e1000140003060000000000008c5f
 1420.643 1e1000140003c263
 1420.674 1e040000001673ab
 1420.751 1e042c00ea010600de01930025007e015a0000ffff00000190002f0000002a02f8000000aa000000000000001d02216c1a
 1420.828 1e04001e00061261
 1420.859 1e040c000000000000000000000000cabf
 1420.920 0617afc8000cafdc00050a0000000000000000000f1bbe
 1421.028 0f03070800064450
 1421.057 0f030c0000000000000000000000001d74
 1421.476 0217a7f8000fa80c00070e0040000000000052000affff00006aa9
 1421.522 02171e001bfc18fc1800360028fc18fc18fc18fc18fc18000f00c0001efc18fc1820db
 1421.631 0f10082000122400ea010600de01930025007e015a0190002f0000002a02f8000000aa001d022109670579a138
 1421.631 0f10082000124280
 1422.528 0217a7f8000fa80c00070e0040000000000052000affff00006aa9
 1422.572 02171e001bfc18fc1800360028fc18fc18fc18fc18fc18000f00c0001efc18fc1820db
 1422.651 1e1000000009120001019000000000000100000000000100014721
 1422.651 1e10000000090260
 1422.758 1e1000140003060000000000008c5f
 1422.758 1e1000140003c263
 1422.758 1e040000001673ab
 1422.819 1e042c00ea010600de01930025007e015a0000ffff00000190002f0000002a02f8000000aa000000000000001d02216c1a
 1422.912 1e04001e00061261
 1422.942 1e040c000000000000000000000000cabf
 1423.620 0217a7f8000fa80c00070e0040000000000052000affff00006aa9
 1423.668 02171e001bfc18fc1800360028fc18fc18fc18fc18fc18000f00c0001efc18fc1820db
 1423.730 0a17b3b00003b3c4000306000f001400007052
 1423.872 0f1008340012240100000000000000000000000000002300800000000000000000015e015e00000000030080b9
 1423.918 0f10083400120284
 1424.666 0217a7f8000fa80c00070e0040000000200052000affff0000f368
 1424.711 02171e001bfc18fc1800360028fc18fc18fc18fc18fc18000f00c0001efc18fc1820db
 1424.803 1e100000000912000100fa00000000000100000000000100016c9e
 1424.803 1e10000000090260
 1424.865 1e1000140003060000000000008c5f
 1424.865 1e1000140003c263
 1424.897 1e040000001673ab
 1424.974 1e042c00ea010600de01930025007e015a0000ffff000000fa002f0000002a02f8000000aa000000000000001d0221617a
 1425.050 1e04001e00061261
 1425.081 1e040c000000000000000000000000cabf
 1425.142 0617afc8000cafdc00050a0020000000000000000f827f
 1425.251 0f03070800064450
 1425.296 0f030c0000000000000000000000001d74
 1425.699 0217a7f8000fa80c00070e0040000000200052000affff0000f368
 1425.760 02171e001bfc18fc1800360028fc18fc18fc18fc18fc18000f00c0001efc18fc1820db
 1425.883 0f10084800172effe200150015001800180000000000000000002c0000000000000032000a0000002e000f0014001a0009001a00054037
 1425.883 0f1008480017035f
 1426.745 0217a7f8000fa80c00070e0040000000200052000affff0000f368
 1426.807 02171e001bfc18fc1800360028fc18fc18fc18fc18fc18000f00c0001efc18fc1820db
 1426.884 1e100000000912000100fa00000000000100000000000100016c9e
 1426.884 1e10000000090260
 1426.992 1e1000140003060000000000008c5f
 1426.992 1e1000140003c263
 1426.992 1e040000001673ab
 1427.053 1e042c00ea010600de01930025007e015a0000ffff000000fa002f0000002a02f8000000aa000000000000001d0221617a
 1427.175 1e04001e00061261
 1427.175 1e040c000000000000000000000000cabf
 1427.789 0217a7f8000fa80c00070e0040000000200052000affff0000f368
 1427.851 02171e001bfc18fc1800360028fc18fc18fc18fc18fc18000f00c0001efc18fc1820db
 1427.897 0a17b3b00003b3c4000306000f001400007052
 1428.051 0f10086400040800000001000000e86bf7
 1428.051 0f1008640004835b
 1428.847 0217a7f8000fa80c00070e0040000000200052000affff0000f368
 1428.894 02171e001bfc18fc1800360028fc18fc18fc18fc18fc18000f00c0001efc18fc1820db
 1428.954 1e100000000912000100fa00000000000100000000000100016c9e
 1429.093 1e1000140003060000000000008c5f
 1429.093 1e1000140003c263
 1429.138 1e040000001673ab
 1429.200 1e042c00ea010600de01980026007e015a0000ffff000000fa002e0000002b02f8000000aa000000000000001d02219f0b
 1429.293 1e04001e00061261
 1429.324 1e040c000000000000000000000000cabf
 1429.385 0617afc8000cafdc00050a0020000000000000000f827f
 1429.493 0f03070800064450
 1429.524 0f030c0000000000000000000000001d74
 1429.893 0217a7f8000fa80c00070e0040000000200052000affff0000f368
 1429.939 02171e001bfc18fc1800360028fc18fc18fc18fc18fc18000f00c0001efc18fc1820db
 1430.016 0f100870001122046b000001f501a701b501a700c90000000000000000012a05c3780d0000000000002a59
 1430.047 0f10087000110290
 1430.938 0217a7f8000fa80c00070e0040000000200052000affff0000f368
 1430.984 02171e001bfc18fc1800360028fc18fc18fc18fc18fc18000f00c0001efc18fc1820db
 1431.078 1e100000000912000100fa00000000000100000000000100016c9e
 1431.078 1e10000000090260
 1431.140 1e1000140003060000000000008c5f
 1431.140 1e1000140003c263
 1431.170 1e040000001673ab
 1431.248 1e042c00ea010600de01980026007e01600000ffff000000fa002e0000002b02f8000000aa000000000000001d02213f15
 1431.325 1e04001e00061261
 1431.355 1e040c000000000000000000000000cabf
 1431.956 0217a7f8000fa80c00070e0040000000200052000affff0000f368
 1432.017 02171e001bfc18fc1800360028fc18fc18fc18fc18fc18000f00c0001efc18fc1820db
 1432.063 0a17b3b00003b3c4000306000f001400007052
 1433.067 0f100884003c837f
 1433.067 0217a7f8000fa80c00070e0040000000200052000affff0000f368
 1433.067 02171e001bfc18fc1800360028fc18fc18fc18fc18fc18000f00c0001efc18fc1820db
 1433.161 1e100000000912000100fa00000000000100000000000100016c9e
 1433.161 1e10000000090260
 1433.221 1e1000140003060000000000008c5f
 1433.221 1e1000140003c263
 1433.267 1e040000001673ab
 1433.328 1e042c00ea010600de01980026007e01600000ffff000000fa002e0000002b02f8000000aa000000000000001d02213f15
 1433.451 1e04001e00061261
 1433.451 1e040c000000000000000000000000cabf
 1433.497 0617afc8000cafdc00050a0020000000000000000f827f
 1433.651 0f03070800064450
 1433.651 0f030c0000000000000000000000001d74
 1434.113 0217a7f8000fa80c00070e0040000000200052000affff0000f368
 1434.159 02171e001bfc18fc1800360028fc18fc18fc18fc18fc18000f00c0001efc18fc1820db
 1434.266 0f1007d0001326001b0017ff9c00360028ff9cff9cff9cff9cff9c000f00c0001e0040000000200052000a0000ee2d
 1434.266 0f1007d000138067
 1435.145 0217a7f8000fa80c00070e0040000000200052000affff0000f368
 1435.207 02171e001bfc18fc1800360028fc18fc18fc18fc18fc18000f00c0001efc18fc1820db
 1435.285 1e100000000912000100fa00000000000100000000000100016c9e
 1435.285 1e10000000090260
 1435.361 1e1000140003060000000000008c5f
 1435.361 1e1000140003c263
 1435.392 1e040000001673ab
 1435.454 1e042c00ea010600de01980026007e01600000ffff000000fa002e0000002b02f8000000aa000000000000001d02213f15
 1435.548 1e04001e00061261
 1435.579 1e040c000000000000000000000000cabf
 1436.230 0217a7f8000fa80c00070e0040000000200052000affff0000f368
 1436.276 02171e001bfc18fc1800360028fc18fc18fc18fc18fc18000f00c0001efc18fc1820db
 1436.338 0a17b3b00003b3c4000306000f001400007052
 1436.523 0f1007e4001122000c00000000000f090607090967057900000000000000000000000000000000000601e2
 1436.523 0f1007e400114068
 1437.280 0217a7f8000fa80c00070e0040000000200052000affff0000f368
 1437.326 02171e001bfc18fc1800360028fc18fc18fc18fc18fc18000f00c0001efc18fc1820db
 1437.418 1e100000000912000100fa00000000000100000000000100016c9e
 1437.418 1e10000000090260
 1437.480 1e1000140003060000000000008c5f
 1437.480 1e1000140003c263
 1437.526 1e040000001673ab
 1437.586 1e042c00ea010600de01980026007e01600000ffff000000fa002e0000002b02f8000000aa000000000000001d02213f15
 1437.678 1e04001e00061261
 1437.710 1e040c000000000000000000000000cabf
 1437.771 0617afc8000cafdc00050a0020000000000000000f827f
 1437.908 0f03070800064450
 1437.908 0f030c0000000000000000000000001d74
 1438.358 0217a7f8000fa80c00070e0040000000200052000affff0000f368
 1438.420 02171e001bfc18fc1800360028fc18fc18fc18fc18fc18000f00c0001efc18fc1820db
 1438.527 0f1007f8001122000000000000000000000000000000000000000000000000000000000000000000006fb5
 1438.527 0f1007f8001181ae
 1439.420 0217a7f8000fa80c00070e0040000000200052000affff0000f368
 1439.465 02171e001bfc18fc1800360028fc18fc18fc18fc18fc18000f00c0001efc18fc1820db
 1439.543 1e100000000912000100fa00000000000100000000000100016c9e
 1439.543 1e10000000090260
 1439.621 1e1000140003060000000000008c5f
 1439.621 1e1000140003c263
 1439.653 1e040000001673ab
 1439.732 1e042c00ea010600de01980026007e01600000ffff000000fa002e0000002b02f8000000aa000000000000001d02213f15
 1439.811 1e04001e00061261
 1439.842 1e040c000000000000000000000000cabf
 1440.505 0217a7f8000fa80c00070e0040000000200052000affff0000f368
 1440.550 02171e001bfc18fc1800360028fc18fc18fc18fc18fc18000f00c0001efc18fc1820db
 1440.612 0a17b3b00003b3c4000306000f001400007052
 1440.780 0f10080c00122400c800000000000000000000000000000000000000000000000000140020000000000000b5e0
 1440.780 0f10080c00128349
 1441.551 0217a7f8000fa80c00070e0040000000000052000affff00006aa9
 1441.595 02171e001bfc18fc1800360028fc18fc18fc18fc18fc18000f00c0001efc18fc1820db
 1441.688 1e100000000912000100fa00000000000100000000000100016c9e
 1441.688 1e10000000090260
 1441.749 1e1000140003060000000000008c5f
 1441.749 1e1000140003c263
 1441.795 1e040000001673ab
 1441.857 1e042c00ea010600de01a00028007e01660000ffff000000fa00290000002502f8000000a2000000000000001d02216ba1
 1441.948 1e04001e00061261
 1441.979 1e040c000000000000000000000000cabf
 1442.040 0617afc8000cafdc00050a0000000000000000000f1bbe
 1442.178 0f03070800064450
 1442.178 0f030c0000000000000000000000001d74
 1442.641 0217a7f8000fa80c00070e0040000000000052000affff00006aa9
 1442.688 02171e001bfc18fc1800360028fc18fc18fc18fc18fc18000f00c0001efc18fc1820db
 1442.795 0f10082000122400ea010600de01a00028007e016600fa00290000002502f8000000a2001d022109670579af8c
 1442.795 0f10082000124280
 1443.692 0217a7f8000fa80c00070e0040000000000052000affff00006aa9
 1443.738 02171e001bfc18fc1800360028fc18fc18fc18fc18fc18000f00c0001efc18fc1820db
 1443.829 1e100000000912000100fa00000000000100000000000100016c9e
 1443.829 1e10000000090260
 1443.891 1e1000140003060000000000008c5f
 1443.891 1e1000140003c263
 1443.921 1e040000001673ab
 1443.997 1e042c00ea010600de01a00028007e01660000ffff000000fa00290000002502f8000000a2000000000000001d02216ba1
 1444.075 1e04001e00061261
 1444.107 1e040c000000000000000000000000cabf
 1444.756 0217a7f8000fa80c00070e0040000000000052000affff00006aa9
 1444.816 02171e001bfc18fc1800360028fc18fc18fc18fc18fc18000f00c0001efc18fc1820db
 1444.878 0a17b3b00003b3c4000306000f001400007052
 1445.048 0f1008340012240000000000000000000000000000003700800000000000000000015e015e0000000003001671
 1445.048 0f10083400120284
 1445.805 0217a7f8000fa80c00070e0040000000000052000affff00006aa9
 1445.867 02171e001bfc18fc1800360028fc18fc18fc18fc18fc18000f00c0001efc18fc1820db
 1445.943 1e100000000912000100fa00000000000100000000000100016c9e
 1445.943 1e10000000090260
 1446.020 1e1000140003060000000000008c5f
 1446.020 1e1000140003c263
 1446.067 1e040000001673ab
 1446.129 1e042c00ea010600de01a00028007e01660000ffff000000fa00290000002502f8000000a2000000000000001d02216ba1
 1446.237 1e04001e00061261
 1446.237 1e040c000000000000000000000000cabf
 1446.298 0617afc8000cafdc00050a0000000000000000000f1bbe
 1446.407 0f03070800064450
 1446.438 0f030c0000000000000000000000001d74
 1446.897 0217a7f8000fa80c00070e0040000000000052000affff00006aa9
 1446.958 02171e001bfc18fc1800360028fc18fc18fc18fc18fc18000f00c0001efc18fc1820db
 1447.066 0f10084800172effe000150015001800180000000000000000002c0000000000000032000a0000000700100014001a0009001a000564eb
 1447.066 0f1008480017035f
 1447.944 0217a7f8000fa80c00070e0040000000000052000affff00006aa9
 1448.006 02171e001bfc18fc1800360028fc18fc18fc18fc18fc18000f00c0001efc18fc1820db
 1448.084 1e100000000912000100fa00000000000100000000000100016c9e
 1448.084 1e10000000090260
 1448.145 1e1000140003060000000000008c5f
 1448.145 1e1000140003c263
 1448.192 1e040000001673ab
 1448.255 1e042c00ea010600de01a00028007e01660000ffff000000fa00290000002502f8000000a2000000000000001d02216ba1
 1448.346 1e04001e00061261
 1448.376 1e040c000000000000000000000000cabf
 1449.021 0217a7f8000fa80c00070e0040000000000052000affff00006aa9
 1449.083 02171e001bfc18fc1800360028fc18fc18fc18fc18fc18000f00c0001efc18fc1820db
 1449.145 0a17b3b00003b3c4000306000f001400007052
 1449.253 0f10086400040800000001000000e86bf7
 1449.284 0f1008640004835b
 1450.101 0217a7f8000fa80c00070e0040000000000052000affff00006aa9
 1450.162 02171e001bfc18fc1800360028fc18fc18fc18fc18fc18000f00c0001efc18fc1820db
 1450.241 1e100000000912000100fa00000000000100000000000100016c9e
 1450.241 1e10000000090260
 1450.301 1e1000140003060000000000008c5f
 1450.301 1e1000140003c263
 1450.348 1e040000001673ab
 1450.409 1e042c00ea010600de01a00028007e01660000ffff000000fa00290000002502f8000000a2000000000000001d02216ba1
 1450.502 1e04001e00061261
 1450.534 1e040c000000000000000000000000cabf
 1450.595 0617afc8000cafdc00050a0000000000000000000f1bbe
 1450.732 0f03070800064450
 1450.732 0f030c0000000000000000000000001d74
 1451.117 0217a7f8000fa80c00070e0040000000000052000affff00006aa9
 1451.179 02171e001bfc18fc1800360028fc18fc18fc18fc18fc18000f00c0001efc18fc1820db
 1451.256 0f100870001122046b000001f501a701b501a700c90000000000000000012a05c3780e0000000000001959
 1451.287 0f10087000110290
 1452.165 0217a7f8000fa80c00070e0040000000000052000affff00006aa9
 1452.226 02171e001bfc18fc1800360028fc18fc18fc18fc18fc18000f00c0001efc18fc1820db
 1452.304 1e100000000912000100fa00000000000100000000000100016c9e
 1452.304 1e10000000090260
 1452.366 1e1000140003060000000000008c5f
 1452.366 1e1000140003c263
 1452.411 1e040000001673ab
 1452.472 1e042c00ea010400df01a6002b007d016a0000ffff000000fa00270000002202f8000000a2000000000000001d02217d8e
 1452.564 1e04001e00061261
 1452.594 1e040c000000000000000000000000cabf
 1453.257 0217a7f8000fa80c00070e0040000000000052000affff00006aa9
 1453.303 02171e001bfc18fc1800360028fc18fc18fc18fc18fc18000f00c0001efc18fc1820db
 1453.364 0a17b3b00003b3c4000306000f001400007052
 1454.365 0f100884003c837f
 1454.365 0217a7f8000fa80c00070e0040000000000052000affff00006aa9
 1454.365 02171e001bfc18fc1800360028fc18fc18fc18fc18fc18000f00c0001efc18fc1820db
 1454.442 1e100000000912000100fa00000000000100000000000100016c9e
 1454.442 1e10000000090260
 1454.520 1e1000140003060000000000008c5f
 1454.520 1e1000140003c263
 1454.551 1e040000001673ab
 1454.629 1e042c00ea010400df01a6002b007d016a0000ffff000000fa00270000002202f8000000a2000000000000001d02217d8e
 1454.709 1e04001e00061261
 1454.739 1e040c000000000000000000000000cabf
 1454.802 0617afc8000cafdc00050a0000000000000000000f1bbe
 1454.911 0f03070800064450
 1454.942 0f030c0000000000000000000000001d74
 1455.393 0217a7f8000fa80c00070e0040000000000052000affff00006aa9
 1455.455 02171e001bfc18fc1800360028fc18fc18fc18fc18fc18000f00c0001efc18fc1820db
 1455.533 0f1007d0001326001b0017ff9c00360028ff9cff9cff9cff9cff9c000f00c0001e0040000000000052000a0000cfef
 1455.564 0f1007d000138067
 1456.444 0217a7f8000fa80c00070e0040000000000051000affff000059a9
 1456.490 02171e001bfc18fc1800360028fc18fc18fc18fc18fc18000f00c0001efc18fc1820db
 1456.583 1e100000000912000100fa00000000000100000000000100016c9e
 1456.583 1e10000000090260
 1456.644 1e1000140003060000000000008c5f
 1456.644 1e1000140003c263
 1456.690 1e040000001673ab
 1456.751 1e042c00ea010400df01a6002b007d016a0000ffff000000fa00270000002202f8000000a2000000000000001d02217d8e
 1456.844 1e04001e00061261
 1456.874 1e040c000000000000000000000000cabf
 1457.522 0217a7f8000fa80c00070e0040000000000051000affff000059a9
 1457.585 02171e001bfc18fc1800360028fc18fc18fc18fc18fc18000f00c0001efc18fc1820db
 1457.631 0a17b3b00003b3c4000306000f001400007052
 1457.784 0f1007e4001122000c00000000000f090607090967057900000000000000000000000000000000000601e2
 1457.816 0f1007e400114068
 1458.572 0217a7f8000fa80c00070e0040000000000051000affff000059a9
 1458.634 02171e001bfc18fc1800360028fc18fc18fc18fc18fc18000f00c0001efc18fc1820db
 1458.711 1e100000000912000100fa00000000000100000000000100016c9e
 1458.711 1e10000000090260
 1458.787 1e1000140003060000000000008c5f
 1458.787 1e1000140003c263
 1458.818 1e040000001673ab
 1458.896 1e042c00ea010400df01a6002b007d016a0000ffff000000fa00270000002202f8000000a2000000000000001d02217d8e
 1458.972 1e04001e00061261
 1459.003 1e040c000000000000000000000000cabf
 1459.065 0617afc8000cafdc00050a0000000000000000000f1bbe
 1459.171 0f03070800064450
 1459.201 0f030c0000000000000000000000001d74
 1459.663 0217a7f8000fa80c00070e0040000000000051000affff000059a9
 1459.724 02171e001bfc18fc1800360028fc18fc18fc18fc18fc18000f00c0001efc18fc1820db
 1459.817 0f1007f8001122000000000000000000000000000000000000000000000000000000000000000000006fb5
 1459.817 0f1007f8001181ae
 1460.708 0217a7f8000fa80c00070e0040000000000051000affff000059a9
 1460.770 02171e001bfc18fc1800360028fc18fc18fc18fc18fc18000f00c0001efc18fc1820db
 1460.847 1e100000000912000100fa00000000000100000000000100016c9e
 1460.847 1e10000000090260
 1460.923 1e1000140003060000000000008c5f
 1460.923 1e1000140003c263
 1460.954 1e040000001673ab
 1461.031 1e042c00ea010400df01a6002b007d016a0000ffff000000fa00270000002202f8000000a2000000000000001d02217d8e
 1461.107 1e04001e00061261
 1461.138 1e040c000000000000000000000000cabf
 1461.798 0217a7f8000fa80c00070e0040000000000051000affff000059a9
 1461.844 02171e001bfc18fc1800360028fc18fc18fc18fc18fc18000f00c0001efc18fc1820db
 1461.904 0a17b3b00003b3c4000306000f001400007052
 1462.075 0f10080c00122400c8000000000000000000000000000000000000000000000000001400000000000000009422
 1462.075 0f10080c00128349
 1462.847 0217a7f8000fa80c00070e0040000000000051000affff000059a9
 1462.908 02171e001bfc18fc1800360028fc18fc18fc18fc18fc18000f00c0001efc18fc1820db
 1462.984 1e100000000912000100fa00000000000100000000000100016c9e
 1462.984 1e10000000090260
 1463.046 1e1000140003060000000000008c5f
 1463.046 1e1000140003c263
 1463.092 1e040000001673ab
 1463.154 1e042c00ea010400df01aa002e007d016f0000ffff000000fa00270000002202f8000000a2000000000000001d0221ad8c
 1463.245 1e04001e00061261
 1463.276 1e040c000000000000000000000000cabf
 1463.337 0617afc8000cafdc00050a0000000000000000000f1bbe
 1463.444 0f03070800064450
 1463.475 0f030c0000000000000000000000001d74
 1463.932 0217a7f8000fa80c00070e0040000000000051000affff000059a9
 1463.994 02171e001bfc18fc1800360028fc18fc18fc18fc18fc18000f00c0001efc18fc1820db
 1464.100 0f10082000122400ea010400df01aa002e007d016f00fa00270000002202f8000000a2001d0221096705791ed5
 1464.100 0f10082000124280
 1464.977 0217a7f8000fa80c00070e0040000000000051000affff000059a9
 1465.038 02171e001bfc18fc1800360028fc18fc18fc18fc18fc18000f00c0001efc18fc1820db
 1465.115 1e100000000912000100fa00000000000100000000000100016c9e
 1465.115 1e10000000090260
 1465.191 1e1000140003060000000000008c5f
 1465.191 1e1000140003c263
 1465.223 1e040000001673ab
 1465.299 1e042c00ea010400df01aa002e007d016f0000ffff000000fa00270000002202f8000000a2000000000000001d0221ad8c
 1465.376 1e04001e00061261
 1465.407 1e040c000000000000000000000000cabf
 1466.067 0217a7f8000fa80c00070e0040000000000051000affff000059a9
 1466.114 02171e001bfc18fc1800360028fc18fc18fc18fc18fc18000f00c0001efc18fc1820db
 1466.175 0a17b3b00003b3c4000306000f001400007052
 1466.343 0f1008340012240000000000000000000000000000000f00800000000000000000015e015e000000000300aaca
 1466.343 0f10083400120284
 1467.116 0217a7f8000fa80c00070e0040000000000051000affff000059a9
 1467.162 02171e001bfc18fc1800360028fc18fc18fc18fc18fc18000f00c0001efc18fc1820db
 1467.253 1e100000000912000100fa00000000000100000000000100016c9e
 1467.253 1e10000000090260
 1467.314 1e1000140003060000000000008c5f
 1467.314 1e1000140003c263
 1467.361 1e040000001673ab
 1467.423 1e042c00ea010400df01aa002e007d016f0000ffff000000fa00270000002202f8000000a2000000000000001d0221ad8c
 1467.546 1e04001e00061261
 1467.546 1e040c000000000000000000000000cabf
 1467.593 0617afc8000cafdc00050a0000000000000000000f1bbe
 1467.747 0f03070800064450
 1467.747 0f030c0000000000000000000000001d74
 1468.195 0217a7f8000fa80c00070e0040000000000051000affff000059a9
 1468.256 02171e001bfc18fc1800360028fc18fc18fc18fc18fc18000f00c0001efc18fc1820db
 1468.365 0f10084800172effdd00150015001800180000000000000000002c0000000000000032000a0000001c00100014001a0009001a00053cbd
 1468.365 0f1008480017035f
 1469.241 0217a7f8000fa80c00070e0040000000000051000affff000059a9
 1469.303 02171e001bfc18fc1800360028fc18fc18fc18fc18fc18000f00c0001efc18fc1820db
 1469.380 1e100000000912000100fa00000000000100000000000100016c9e
 1469.380 1e10000000090260
 1469.458 1e1000140003060000000000008c5f
 1469.458 1e1000140003c263
 1469.489 1e040000001673ab
 1469.567 1e042c00ea010400df01aa002e007d016f0000ffff000000fa00270000002202f8000000a2000000000000001d0221ad8c
 1469.644 1e04001e00061261
 1469.675 1e040c000000000000000000000000cabf
 1470.326 0217a7f8000fa80c00070e0040000000000051000affff000059a9
 1470.389 02171e001bfc18fc1800360028fc18fc18fc18fc18fc18000f00c0001efc18fc1820db
 1470.436 0a17b3b00003b3c4000306000f001400007052
 1470.557 0f10086400040800000001000000e86bf7
 1470.588 0f1008640004835b
 1471.378 0217a7f8000fa80c00070e0040000000000051000affff000059a9
 1471.440 02171e001bfc18fc1800360028fc18fc18fc18fc18fc18000f00c0001efc18fc1820db
 1471.516 1e100000000912000100fa00000000000100000000000100016c9e
 1471.516 1e10000000090260
 1471.593 1e1000140003060000000000008c5f
 1471.593 1e1000140003c263
 1471.624 1e040000001673ab
 1471.686 1e042c00ea010400df01aa002e007d016f0000ffff000000fa00270000002202f8000000a2000000000000001d0221ad8c
 1471.780 1e04001e00061261
 1471.811 1e040c000000000000000000000000cabf
 1471.874 0617afc8000cafdc00050a0000000000000000000f1bbe
 1472.011 0f03070800064450
 1472.011 0f030c0000000000000000000000001d74
 1472.473 0217a7f8000fa80c00070e0040000000000051000affff000059a9
 1472.519 02171e001bfc18fc1800360028fc18fc18fc18fc18fc18000f00c0001efc18fc1820db
 1472.626 0f100870001122046b000001f501a701b501a700c90000000000000000012a05c3780e0000000000001959
 1472.626 0f10087000110290
 1473.516 0217a7f8000fa80c00070e0040000000000051000affff000059a9
 1473.563 02171e001bfc18fc1800360028fc18fc18fc18fc18fc18000f00c0001efc18fc1820db
 1473.654 1e100000000912000100fa00000000000100000000000100016c9e
 1473.654 1e10000000090260
 1473.715 1e1000140003060000000000008c5f
 1473.715 1e1000140003c263
 1473.761 1e040000001673ab
 1473.823 1e042c00ea010400df01ae0032007d01760000ffff000000fa00270000002202f8000000a2000000000000001d0221c742
 1473.916 1e04001e00061261
 1473.946 1e040c000000000000000000000000cabf
 1474.592 0217a7f8000fa80c00070e0040000000000051000affff000059a9
 1474.654 02171e001bfc18fc1800360028fc18fc18fc18fc18fc18000f00c0001efc18fc1820db
 1474.700 0a17b3b00003b3c4000306000f001400007052
 1475.722 0f100884003c837f
 1475.722 0217a7f8000fa80c00070e0040000000000051000affff000059a9
 1475.722 02171e001bfc18fc1800360028fc18fc18fc18fc18fc18000f00c0001efc18fc1820db
 1475.800 1e100000000912000100fa00000000000100000000000100016c9e
 1475.800 1e10000000090260
 1475.861 1e1000140003060000000000008c5f
 1475.861 1e1000140003c263
 1475.906 1e040000001673ab
 1475.968 1e042c00ea010400df01ae0032007d01760000ffff000000fa00270000002202f8000000a2000000000000001d0221c742
 1476.060 1e04001e00061261
 1476.091 1e040c000000000000000000000000cabf
 1476.152 0617afc8000cafdc00050a0000000000000000000f1bbe
 1476.259 0f03070800064450
 1476.291 0f030c0000000000000000000000001d74
 1476.755 0217a7f8000fa80c00070e0040000000000051000affff000059a9
 1476.801 02171e001bfc18fc1800360028fc18fc18fc18fc18fc18000f00c0001efc18fc1820db
 1476.924 0f1007d0001326001b0017ff9c00360028ff9cff9cff9cff9cff9c000f00c0001e0040000000000051000a00008bef
 1476.924 0f1007d000138067
 1477.790 0217a7f8000fa80c00070e0040000000000051000affff000059a9
 1477.853 02171e001bfc18fc1800360028fc18fc18fc18fc18fc18000f00c0001efc18fc1820db
 1477.929 1e100000000912000100fa00000000000100000000000100016c9e
 1477.929 1e10000000090260
 1478.006 1e1000140003060000000000008c5f
 1478.006 1e1000140003c263
 1478.037 1e040000001673ab
 1478.114 1e042c00ea010400df01ae0032007d01760000ffff000000fa00270000002202f8000000a2000000000000001d0221c742
 1478.191 1e04001e00061261
 1478.221 1e040c000000000000000000000000cabf
 1478.882 0217a7f8000fa80c00070e0040000000000051000affff000059a9
 1478.943 02171e001bfc18fc1800360028fc18fc18fc18fc18fc18000f00c0001efc18fc1820db
 1478.990 0a17b3b00003b3c4000306000f001400007052
 1479.159 0f1007e4001122000c00000000000f090607090967057900000000000000000000000000000000000601e2
 1479.159 0f1007e400114068
 1479.930 0217a7f8000fa80c00070e0040000000000051000affff000059a9
 1479.976 02171e001bfc18fc1800360028fc18fc18fc18fc18fc18000f00c0001efc18fc1820db
 1480.068 1e100000000912000100fa00000000000100000000000100016c9e
 1480.068 1e10000000090260
 1480.130 1e1000140003060000000000008c5f
 1480.130 1e1000140003c263
 1480.176 1e040000001673ab
 1480.238 1e042c00ea010400df01ae0032007d01760000ffff000000fa00270000002202f8000000a2000000000000001d0221c742
 1480.363 1e04001e00061261
 1480.363 1e040c000000000000000000000000cabf
 1480.409 0617afc8000cafdc00050a0000000000000000000f1bbe
 1480.548 0f03070800064450
 1480.548 0f030c0000000000000000000000001d74
 1481.012 0217a7f8000fa80c00070e0040000000000051000affff000059a9
 1481.074 02171e001bfc18fc1800360028fc18fc18fc18fc18fc18000f00c0001efc18fc1820db
 1481.151 0f1007f8001122000000000000000000000000000000000000000000000000000000000000000000006fb5
 1481.181 0f1007f8001181ae
 1482.060 0217a7f8000fa80c00070e0040000000000051000affff000059a9
 1482.123 02171e001bfc18fc1800360028fc18fc18fc18fc18fc18000f00c0001efc18fc1820db
 1482.202 1e100000000912000100fa00000000000100000000000100016c9e
 1482.202 1e10000000090260
 1482.263 1e1000140003060000000000008c5f
 1482.263 1e1000140003c263
 1482.310 1e040000001673ab
 1482.372 1e042c00ea010400df01ae0032007d01760000ffff000000fa00270000002202f8000000a2000000000000001d0221c742
 1482.480 1e04001e00061261
 1482.480 1e040c000000000000000000000000cabf
